"","domain","supergroup","division","subdivision","class","order","family","genus","species"
"ASV_1","Eukaryota","Haptista","Haptophyta","Haptophyta_X","Prymnesiophyceae","Phaeocystales","Phaeocystaceae","Phaeocystis","Phaeocystis_pouchetii"
"ASV_2","Eukaryota","TSAR","Stramenopiles","Gyrista","Mediophyceae","Thalassiosirales","Thalassiosiraceae","Conticribra","Conticribra_weissflogii"
"ASV_3","Eukaryota","TSAR","Stramenopiles","Gyrista","Coscinodiscophyceae","Melosirales","Melosiraceae","Melosira","Melosira_dubia"
"ASV_4","Eukaryota","TSAR","Stramenopiles","Gyrista","Bacillariophyceae","Bacillariales","Bacillariaceae","Pseudo-nitzschia","Pseudo-nitzschia_seriata"
"ASV_5","Eukaryota","TSAR","Alveolata","Dinoflagellata","Dinophyceae","Gymnodiniales","unassigned","unassigned","unassigned"
"ASV_7","Eukaryota","TSAR","Stramenopiles","Gyrista","Coscinodiscophyceae","Melosirales","Melosiraceae","Melosira","Melosira_dubia"
"ASV_8","Eukaryota","Archaeplastida","Chlorophyta","Chlorophyta_X","Pyramimonadophyceae","Pyramimonadales","Pyramimonadaceae","Pyramimonas","Pyramimonas_parkeae"
"ASV_9","Eukaryota","TSAR","Stramenopiles","Gyrista","Bacillariophyceae","Bacillariales","Bacillariaceae","Pseudo-nitzschia","Pseudo-nitzschia_seriata"
"ASV_10","Eukaryota","TSAR","Stramenopiles","Gyrista","Mediophyceae","Thalassiosirales","unassigned","unassigned","unassigned"
"ASV_13","Eukaryota","TSAR","Alveolata","Dinoflagellata","Dinophyceae","Peridiniales","Amphidomataceae","unassigned","unassigned"
"ASV_15","Eukaryota","TSAR","Alveolata","Dinoflagellata","Dinophyceae","Peridiniales","Amphidomataceae","Amphidoma","Amphidoma_fulgens"
"ASV_16","Eukaryota","TSAR","Alveolata","Dinoflagellata","Dinophyceae","Gymnodiniales","Kareniaceae","Karlodinium","Karlodinium_veneficum"
"ASV_17","Eukaryota","Haptista","Haptophyta","Haptophyta_X","Prymnesiophyceae","Phaeocystales","Phaeocystaceae","Phaeocystis","Phaeocystis_pouchetii"
"ASV_20","Eukaryota","TSAR","Alveolata","Dinoflagellata","Syndiniales","Dino-Group-I","Dino-Group-I-Clade-1","Dino-Group-I-Clade-1_X","Dino-Group-I-Clade-1_X_sp."
"ASV_21","Eukaryota","Haptista","Haptophyta","Haptophyta_X","Prymnesiophyceae","Isochrysidales","Isochrysidaceae","Isochrysis","Isochrysis_galbana"
"ASV_23","Eukaryota","Haptista","Haptophyta","Haptophyta_X","Prymnesiophyceae","Phaeocystales","Phaeocystaceae","Phaeocystis","Phaeocystis_globosa"
"ASV_25","Eukaryota","TSAR","Alveolata","Ciliophora","Spirotrichea","Oligotrichida","Tontoniidae","Tontoniidae_X","Tontoniidae_X_sp."
"ASV_26","Eukaryota","Archaeplastida","Chlorophyta","Chlorophyta_X","Mamiellophyceae","Mamiellales","Mamiellaceae","Micromonas","unassigned"
"ASV_27","Eukaryota","TSAR","Alveolata","Dinoflagellata","Dinophyceae","Peridiniales","Amphidomataceae","Amphidoma","Amphidoma_fulgens"
"ASV_28","Eukaryota","TSAR","Alveolata","Dinoflagellata","Dinophyceae","Prorocentrales","Prorocentraceae","Prorocentrum","Prorocentrum_rhathymum"
"ASV_29","Eukaryota","TSAR","Alveolata","Dinoflagellata","Dinophyceae","Gonyaulacales","Gonyaulacaceae","Spiniferites","Spiniferites_ramosus"
"ASV_31","Eukaryota","TSAR","Stramenopiles","Gyrista","Mediophyceae","Thalassiosirales","Thalassiosiraceae","Minidiscus","Minidiscus_trioculatus"
"ASV_32","Eukaryota","TSAR","Alveolata","Dinoflagellata","Dinophyceae","Gymnodiniales","unassigned","unassigned","unassigned"
"ASV_34","Eukaryota","TSAR","Alveolata","Dinoflagellata","Dinophyceae","Gymnodiniales","Kareniaceae","Karlodinium","Karlodinium_veneficum"
"ASV_41","Eukaryota","Haptista","Haptophyta","Haptophyta_X","Prymnesiophyceae","Phaeocystales","Phaeocystaceae","Phaeocystis","Phaeocystis_globosa"
"ASV_43","Eukaryota","TSAR","Alveolata","Dinoflagellata","Dinophyceae","Peridiniales","Heterocapsaceae","Heterocapsa","unassigned"
"ASV_44","Eukaryota","TSAR","Stramenopiles","Gyrista","Mediophyceae","Thalassiosirales","Thalassiosiraceae","Minidiscus","Minidiscus_trioculatus"
"ASV_47","Eukaryota","Archaeplastida","Chlorophyta","Chlorophyta_X","Mamiellophyceae","Mamiellales","Mamiellaceae","Micromonas","Micromonas_commoda_A1"
"ASV_51","Eukaryota","TSAR","Rhizaria","Cercozoa","Filosa-Thecofilosea","Ebriacea","Ebriidae","Ebria","Ebria_tripartita"
"ASV_56","Eukaryota","TSAR","Stramenopiles","Gyrista","Mediophyceae","Cymatosirales","Cymatosiraceae","Arcocellulus","Arcocellulus_cornucervis"
"ASV_57","Eukaryota","TSAR","Alveolata","Ciliophora","Spirotrichea","Oligotrichida","Tontoniidae","Tontoniidae_X","Tontoniidae_X_sp."
"ASV_59","Eukaryota","Archaeplastida","Chlorophyta","Chlorophyta_X","Mamiellophyceae","Mamiellales","Mamiellaceae","Micromonas","Micromonas_polaris"
"ASV_60","Eukaryota","Archaeplastida","Chlorophyta","Chlorophyta_X","Mamiellophyceae","Mamiellales","Mamiellaceae","Micromonas","Micromonas_commoda_A1"
"ASV_61","Eukaryota","TSAR","Alveolata","Dinoflagellata","Dinophyceae","Gymnodiniales","unassigned","unassigned","unassigned"
"ASV_62","Eukaryota","TSAR","Alveolata","Dinoflagellata","Dinophyceae","Gymnodiniales","Gymnodiniaceae","Gyrodinium","Gyrodinium_fusiforme"
"ASV_64","Eukaryota","TSAR","Alveolata","Ciliophora","Spirotrichea","Oligotrichida","Tontoniidae","Tontoniidae_X","Tontoniidae_X_sp."
"ASV_65","Eukaryota","Archaeplastida","Chlorophyta","Chlorophyta_X","Mamiellophyceae","Mamiellales","Bathycoccaceae","Ostreococcus","Ostreococcus_tauri"
"ASV_66","Eukaryota","TSAR","Alveolata","Dinoflagellata","Dinophyceae","Gymnodiniales","Gymnodiniaceae","Gyrodinium","Gyrodinium_helveticum"
"ASV_67","Eukaryota","TSAR","Alveolata","Dinoflagellata","Dinophyceae","Gymnodiniales","Gymnodiniaceae","unassigned","unassigned"
"ASV_68","Eukaryota","Cryptista","Cryptophyta","Cryptophyta_X","Cryptophyceae","Cryptomonadales","Cryptomonadales_X","Teleaulax","unassigned"
"ASV_69","Eukaryota","TSAR","Alveolata","Dinoflagellata","Dinophyceae","Peridiniales","Peridiniopsidaceae","Parvodinium","Parvodinium_inconspicuum"
"ASV_71","Eukaryota","TSAR","Stramenopiles","Gyrista","Gyrista_X","Gyrista_XX","MAST-1","MAST-1A","MAST-1A_sp."
"ASV_72","Eukaryota","TSAR","Stramenopiles","Gyrista","Coscinodiscophyceae","Melosirales","Melosiraceae","Melosira","Melosira_dubia"
"ASV_73","Eukaryota","Cryptista","Cryptophyta","Cryptophyta_X","Cryptophyceae","Cryptomonadales","Cryptomonadales_X","Teleaulax","Teleaulax_amphioxeia"
"ASV_77","Eukaryota","TSAR","Alveolata","Dinoflagellata","Dinophyceae","Gonyaulacales","Ceratiaceae","Tripos","Tripos_fusus"
"ASV_78","Eukaryota","Archaeplastida","Chlorophyta","Chlorophyta_X","Mamiellophyceae","Mamiellales","Bathycoccaceae","Ostreococcus","Ostreococcus_tauri"
"ASV_79","Eukaryota","TSAR","Alveolata","Dinoflagellata","Dinophyceae","Peridiniales","Heterocapsaceae","Heterocapsa","unassigned"
"ASV_80","Eukaryota","Archaeplastida","Chlorophyta","Chlorophyta_X","Mamiellophyceae","Mamiellales","Bathycoccaceae","Bathycoccus","Bathycoccus_sp."
"ASV_83","Eukaryota","TSAR","Alveolata","Dinoflagellata","Dinophyceae","Gymnodiniales","Gymnodiniaceae","Gyrodinium","Gyrodinium_fusiforme"
"ASV_84","Eukaryota","Haptista","Haptophyta","Haptophyta_X","Prymnesiophyceae","Isochrysidales","Noelaerhabdaceae","Gephyrocapsa","Gephyrocapsa_oceanica"
"ASV_87","Eukaryota","TSAR","Stramenopiles","Gyrista","Pelagophyceae","Pelagomonadales","Pelagomonadales_clade_A","Pelagomonadales_clade_A1","Pelagomonadales_clade_A1_sp."
"ASV_88","Eukaryota","TSAR","Rhizaria","Cercozoa","Filosa-Thecofilosea","Ebriacea","Ebriidae","Ebria","Ebria_tripartita"
"ASV_89","Eukaryota","Archaeplastida","Chlorophyta","Chlorophyta_X","Mamiellophyceae","Mamiellales","Bathycoccaceae","Bathycoccus","Bathycoccus_sp."
"ASV_94","Eukaryota","TSAR","Alveolata","Dinoflagellata","Dinophyceae","Peridiniales","Amphidomataceae","unassigned","unassigned"
"ASV_97","Eukaryota","Archaeplastida","Chlorophyta","Chlorophyta_X","Pyramimonadophyceae","Pyramimonadales","unassigned","unassigned","unassigned"
"ASV_98","Eukaryota","TSAR","Alveolata","Dinoflagellata","Dinophyceae","Gymnodiniales","Chytriodiniaceae","Dissodinium","Dissodinium_pseudolunula"
"ASV_99","Eukaryota","Haptista","Haptophyta","Haptophyta_X","Prymnesiophyceae","Prymnesiales","Prymnesiaceae","Prymnesium","Prymnesium_parvum"
"ASV_100","Eukaryota","TSAR","Alveolata","Dinoflagellata","Dinophyceae","Gymnodiniales","Gymnodiniaceae","Lepidodinium","Lepidodinium_viride"
"ASV_101","Eukaryota","Haptista","Haptophyta","Haptophyta_X","Prymnesiophyceae","Isochrysidales","Noelaerhabdaceae","Gephyrocapsa","Gephyrocapsa_oceanica"
"ASV_102","Eukaryota","TSAR","Alveolata","Dinoflagellata","Dinophyceae","Gymnodiniales","Gymnodiniaceae","Margalefidinium","Margalefidinium_fulvescens"
"ASV_105","Eukaryota","Haptista","Haptophyta","Haptophyta_X","Prymnesiophyceae","Isochrysidales","Noelaerhabdaceae","Gephyrocapsa","Gephyrocapsa_oceanica"
"ASV_106","Eukaryota","TSAR","Alveolata","Dinoflagellata","Dinophyceae","Peridiniales","Heterocapsaceae","Heterocapsa","unassigned"
"ASV_112","Eukaryota","TSAR","Stramenopiles","Gyrista","Mediophyceae","Thalassiosirales","Thalassiosiraceae","Minidiscus","Minidiscus_variabilis"
"ASV_115","Eukaryota","TSAR","Stramenopiles","Gyrista","Mediophyceae","Thalassiosirales","Thalassiosiraceae","Minidiscus","Minidiscus_trioculatus"
"ASV_116","Eukaryota","TSAR","Stramenopiles","Gyrista","Bacillariophyceae","Fragilariales","Staurosiraceae","Plagiostriata","Plagiostriata_goreensis"
"ASV_119","Eukaryota","TSAR","Alveolata","Dinoflagellata","Syndiniales","Dino-Group-II","Dino-Group-II-Clade-6","Dino-Group-II-Clade-6_X","Dino-Group-II-Clade-6_X_sp."
"ASV_120","Eukaryota","TSAR","Stramenopiles","Gyrista","Chrysophyceae","Ochromonadales","Ochromonadaceae","Dinobryon","Dinobryon_balticum"
"ASV_123","Eukaryota","TSAR","Alveolata","Ciliophora","Spirotrichea","Oligotrichida","Oligotrichida_X","Oligotrichida_XX","Oligotrichida_XX_sp."
"ASV_125","Eukaryota","Haptista","Haptophyta","Haptophyta_X","Prymnesiophyceae","Phaeocystales","Phaeocystaceae","Phaeocystis","Phaeocystis_globosa"
"ASV_128","Eukaryota","TSAR","Alveolata","Dinoflagellata","Dinophyceae","Suessiales","Suessiaceae","Biecheleria","Biecheleria_baltica"
"ASV_129","Eukaryota","TSAR","Alveolata","Dinoflagellata","Dinophyceae","Gymnodiniales","unassigned","unassigned","unassigned"
"ASV_130","Eukaryota","TSAR","Alveolata","Dinoflagellata","Dinophyceae","Gymnodiniales","Gymnodiniaceae","Gymnodinium","Gymnodinium_sp."
"ASV_131","Eukaryota","Archaeplastida","Chlorophyta","Chlorophyta_X","Pseudoscourfieldiophyceae","Pseudoscourfieldiales","Pseudoscourfieldiaceae","Pseudoscourfieldiaceae_X","Pseudoscourfieldiaceae_X_sp."
"ASV_132","Eukaryota","TSAR","Alveolata","Ciliophora","Spirotrichea","Oligotrichida","Strombidiidae","unassigned","unassigned"
"ASV_134","Eukaryota","Archaeplastida","Picozoa","Picozoa_subdivision_1","Picomonadea","Picomonadida","Picomonadidae","Picomonas","Picomonas_judraskeda"
"ASV_137","Eukaryota","TSAR","Alveolata","Dinoflagellata","Syndiniales","Dino-Group-II","Dino-Group-II-Clade-6","Dino-Group-II-Clade-6_X","Dino-Group-II-Clade-6_X_sp."
"ASV_138","Eukaryota","TSAR","Stramenopiles","Gyrista","Mediophyceae","Cymatosirales","Cymatosiraceae","Arcocellulus","Arcocellulus_cornucervis"
"ASV_139","Eukaryota","TSAR","Alveolata","Dinoflagellata","Syndiniales","Dino-Group-I","Dino-Group-I-Clade-3","Dino-Group-I-Clade-3_X","Dino-Group-I-Clade-3_X_sp."
"ASV_140","Eukaryota","TSAR","Alveolata","Dinoflagellata","Dinophyceae","Gonyaulacales","Pyrocystaceae","Alexandrium","Alexandrium_minutum"
"ASV_141","Eukaryota","Cryptista","Cryptophyta","Cryptophyta_X","Cryptophyceae","Cryptomonadales","Cryptomonadales_X","Teleaulax","Teleaulax_amphioxeia"
"ASV_142","Eukaryota","TSAR","Alveolata","Dinoflagellata","Dinophyceae","Gymnodiniales","Gymnodiniaceae","Gyrodinium","Gyrodinium_helveticum"
"ASV_143","Eukaryota","TSAR","Alveolata","Dinoflagellata","Dinophyceae","Suessiales","Suessiaceae","Biecheleria","Biecheleria_baltica"
"ASV_144","Eukaryota","TSAR","Stramenopiles","Gyrista","Mediophyceae","Thalassiosirales","Thalassiosiraceae","Minidiscus","Minidiscus_trioculatus"
"ASV_145","Eukaryota","Cryptista","Cryptophyta","Cryptophyta_X","Cryptophyceae","Cryptomonadales","Cryptomonadales_X","Plagioselmis","Plagioselmis_prolonga"
"ASV_146","Eukaryota","Archaeplastida","Chlorophyta","Chlorophyta_X","Chlorodendrophyceae","Chlorodendrales","Chlorodendraceae","Tetraselmis","Tetraselmis_sp."
"ASV_148","Eukaryota","TSAR","Alveolata","Ciliophora","Ciliophora_X","Ciliophora_XX","Ciliophora_XXX","Mesodinium","Mesodinium_rubrum"
"ASV_151","Eukaryota","TSAR","Alveolata","Dinoflagellata","Dinophyceae","Gymnodiniales","Gymnodiniaceae","unassigned","unassigned"
"ASV_152","Eukaryota","Archaeplastida","Chlorophyta","Chlorophyta_X","Mamiellophyceae","Mamiellales","Bathycoccaceae","Ostreococcus","Ostreococcus_lucimarinus"
"ASV_153","Eukaryota","TSAR","Stramenopiles","Gyrista","Mediophyceae","Eupodiscales","Odontellaceae","Odontella","Odontella_rostrata"
"ASV_154","Eukaryota","TSAR","Alveolata","Dinoflagellata","Dinophyceae","Dinophysales","Dinophysaceae","Dinophysis","Dinophysis_sp."
"ASV_156","Eukaryota","TSAR","Alveolata","Dinoflagellata","Dinophyceae","Gonyaulacales","Ceratiaceae","Tripos","Tripos_fusus"
"ASV_157","Eukaryota","TSAR","Stramenopiles","Gyrista","Gyrista_X","Gyrista_XX","MAST-1","MAST-1A","MAST-1A_sp."
"ASV_158","Eukaryota","TSAR","Stramenopiles","Gyrista","Mediophyceae","Thalassiosirales","Thalassiosiraceae","Thalassiosira","unassigned"
"ASV_159","Eukaryota","TSAR","Alveolata","Dinoflagellata","Syndiniales","Dino-Group-II","Dino-Group-II-Clade-4","Amoebophrya","unassigned"
"ASV_161","Eukaryota","TSAR","Alveolata","Dinoflagellata","Dinophyceae","Gonyaulacales","Ceratiaceae","Tripos","Tripos_furca"
"ASV_162","Eukaryota","Cryptista","Cryptophyta","Cryptophyta_X","Cryptophyceae","Cryptomonadales","Cryptomonadales_X","Teleaulax","unassigned"
"ASV_163","Eukaryota","TSAR","Rhizaria","Radiolaria","Acantharea","Acantharea_C","Acantharea_C3","Litholophus","Litholophus_sp."
"ASV_164","Eukaryota","TSAR","Alveolata","Dinoflagellata","Dinophyceae","Gymnodiniales","Gymnodiniaceae","Gymnodinium","Gymnodinium_sp."
"ASV_165","Eukaryota","TSAR","Stramenopiles","Gyrista","Mediophyceae","Thalassiosirales","Thalassiosiraceae","Thalassiosira","Thalassiosira_minuscula"
"ASV_168","Eukaryota","Haptista","Haptophyta","Haptophyta_X","Prymnesiophyceae","Phaeocystales","Phaeocystaceae","Phaeocystis","Phaeocystis_globosa"
"ASV_169","Eukaryota","Archaeplastida","Chlorophyta","Chlorophyta_X","Trebouxiophyceae","Chlorellales","Chlorellales_X","unassigned","unassigned"
"ASV_170","Eukaryota","TSAR","Stramenopiles","Gyrista","Bacillariophyceae","Bacillariales","Bacillariaceae","Pseudo-nitzschia","Pseudo-nitzschia_seriata"
"ASV_172","Eukaryota","TSAR","Alveolata","Dinoflagellata","Dinophyceae","Gonyaulacales","Ceratiaceae","Tripos","Tripos_furca"
"ASV_173","Eukaryota","TSAR","Alveolata","Dinoflagellata","Dinophyceae","Gonyaulacales","Gonyaulacaceae","Spiniferites","Spiniferites_ramosus"
"ASV_174","Eukaryota","TSAR","Stramenopiles","Gyrista","Mediophyceae","Cymatosirales","Cymatosiraceae","unassigned","unassigned"
"ASV_175","Eukaryota","Archaeplastida","Chlorophyta","Chlorophyta_X","Mamiellophyceae","Mamiellales","Mamiellaceae","Micromonas","Micromonas_bravo"
"ASV_176","Eukaryota","TSAR","Alveolata","Dinoflagellata","Dinophyceae","Gymnodiniales","Gymnodiniaceae","Gymnodinium","Gymnodinium_sp."
"ASV_177","Eukaryota","Archaeplastida","Chlorophyta","Chlorophyta_X","Mamiellophyceae","Mamiellales","Mamiellaceae","Micromonas","Micromonas_pusilla"
"ASV_178","Eukaryota","Cryptista","Cryptophyta","Cryptophyta_X","Cryptophyceae","Cryptomonadales","Cryptomonadales_X","Teleaulax","unassigned"
"ASV_179","Eukaryota","TSAR","Alveolata","Dinoflagellata","Dinophyceae","Gymnodiniales","Warnowiaceae","Warnowia","Warnowia_sp."
"ASV_180","Eukaryota","Archaeplastida","Chlorophyta","Chlorophyta_X","Mamiellophyceae","Mamiellales","Mamiellaceae","Micromonas","Micromonas_commoda_A2"
"ASV_181","Eukaryota","TSAR","Stramenopiles","Gyrista","Mediophyceae","Thalassiosirales","Thalassiosiraceae","Thalassiosira","Thalassiosira_hispida"
"ASV_182","Eukaryota","TSAR","Alveolata","Dinoflagellata","Syndiniales","Dino-Group-I","Dino-Group-I-Clade-4","Dino-Group-I-Clade-4_X","Dino-Group-I-Clade-4_X_sp."
"ASV_185","Eukaryota","Cryptista","Cryptophyta","Cryptophyta_X","Cryptophyceae","Cryptomonadales","Cryptomonadales_X","unassigned","unassigned"
"ASV_186","Eukaryota","Archaeplastida","Chlorophyta","Chlorophyta_X","Pyramimonadophyceae","Pyramimonadales","Pyramimonadaceae","Pyramimonas","Pyramimonas_parkeae"
"ASV_187","Eukaryota","Archaeplastida","Chlorophyta","Chlorophyta_X","Mamiellophyceae","Mamiellales","Mamiellaceae","Micromonas","Micromonas_bravo"
"ASV_188","Eukaryota","TSAR","Alveolata","Ciliophora","Spirotrichea","unassigned","unassigned","unassigned","unassigned"
"ASV_190","Eukaryota","TSAR","Alveolata","Dinoflagellata","Syndiniales","unassigned","unassigned","unassigned","unassigned"
"ASV_191","Eukaryota","TSAR","Alveolata","Ciliophora","Spirotrichea","Oligotrichida","Tontoniidae","Tontoniidae_X","Tontoniidae_X_sp."
"ASV_192","Eukaryota","TSAR","Alveolata","Dinoflagellata","Dinophyceae","Gymnodiniales","Gymnodiniaceae","Margalefidinium","Margalefidinium_fulvescens"
"ASV_193","Eukaryota","TSAR","Alveolata","Dinoflagellata","Syndiniales","Dino-Group-II","Dino-Group-II-Clade-10-and-11","Dino-Group-II-Clade-10-and-11_X","Dino-Group-II-Clade-10-and-11_X_sp."
"ASV_194","Eukaryota","TSAR","Stramenopiles","Gyrista","Mediophyceae","Thalassiosirales","Thalassiosiraceae","Thalassiosira","Thalassiosira_hispida"
"ASV_195","Eukaryota","Archaeplastida","Picozoa","Picozoa_subdivision_1","Picomonadea","Picomonadida","Picomonadidae","Picomonas","Picomonas_judraskeda"
"ASV_196","Eukaryota","TSAR","Stramenopiles","Gyrista","Mediophyceae","Thalassiosirales","Thalassiosiraceae","Thalassiosira","Thalassiosira_tenera"
"ASV_197","Eukaryota","Archaeplastida","Chlorophyta","Chlorophyta_X","Mamiellophyceae","Mamiellales","Mamiellaceae","Micromonas","Micromonas_bravo"
"ASV_198","Eukaryota","Cryptista","Cryptophyta","Cryptophyta_X","Cryptophyceae","Cryptomonadales","Cryptomonadales_X","unassigned","unassigned"
"ASV_199","Eukaryota","TSAR","Stramenopiles","Gyrista","unassigned","unassigned","unassigned","unassigned","unassigned"
"ASV_200","Eukaryota","TSAR","Stramenopiles","Gyrista","Gyrista_X","Gyrista_XX","MAST-1","MAST-1C","MAST-1C_sp."
"ASV_202","Eukaryota","TSAR","Alveolata","Dinoflagellata","Dinophyceae","Suessiales","Suessiaceae","Biecheleria","Biecheleria_halophila"
"ASV_204","Eukaryota","Haptista","Haptophyta","Haptophyta_X","Prymnesiophyceae","Prymnesiales","Chrysochromulinaceae","Chrysochromulina","Chrysochromulina_sp."
"ASV_205","Eukaryota","TSAR","Alveolata","Ciliophora","Spirotrichea","unassigned","unassigned","unassigned","unassigned"
"ASV_208","Eukaryota","Archaeplastida","Chlorophyta","Chlorophyta_X","Pyramimonadophyceae","Pyramimonadales","Pyramimonadales_X","Pyramimonadales_XX","Pyramimonadales_XX_sp."
"ASV_209","Eukaryota","Haptista","Haptophyta","Haptophyta_X","Prymnesiophyceae","Phaeocystales","Phaeocystaceae","Phaeocystis","Phaeocystis_globosa"
"ASV_210","Eukaryota","TSAR","Stramenopiles","Gyrista","Pelagophyceae","Pelagomonadales","Pelagomonadaceae","Aureococcus","Aureococcus_anophagefferens"
"ASV_211","Eukaryota","TSAR","Alveolata","Dinoflagellata","Syndiniales","Dino-Group-I","Dino-Group-I-Clade-1","Dino-Group-I-Clade-1_X","Dino-Group-I-Clade-1_X_sp."
"ASV_212","Eukaryota","TSAR","Stramenopiles","Gyrista","Gyrista_X","Gyrista_XX","MAST-2","MAST-2C","MAST-2C_sp."
"ASV_213","Eukaryota","Archaeplastida","Chlorophyta","Chlorophyta_X","Mamiellophyceae","Mamiellales","Mamiellaceae","Micromonas","Micromonas_bravo"
"ASV_214","Eukaryota","TSAR","Alveolata","Dinoflagellata","Syndiniales","Dino-Group-I","Dino-Group-I-Clade-1","Dino-Group-I-Clade-1_X","Dino-Group-I-Clade-1_X_sp."
"ASV_215","Eukaryota","Cryptista","Cryptophyta","Cryptophyta_X","Cryptophyceae","Cryptomonadales","Cryptomonadales_X","Geminigera","Geminigera_cryophila"
"ASV_216","Eukaryota","TSAR","Alveolata","Dinoflagellata","Dinophyceae","Prorocentrales","Prorocentraceae","Prorocentrum","Prorocentrum_triestinum"
"ASV_217","Eukaryota","TSAR","Stramenopiles","Bigyra","Sagenista","Sagenista_X","MAST-7","MAST-7B","MAST-7B_sp."
"ASV_218","Eukaryota","TSAR","Alveolata","Dinoflagellata","Dinophyceae","Peridiniales","unassigned","unassigned","unassigned"
"ASV_219","Eukaryota","Archaeplastida","Picozoa","Picozoa_subdivision_1","Picomonadea","Picomonadida","Picomonadidae","Picomonas","Picomonas_judraskeda"
"ASV_220","Eukaryota","TSAR","Alveolata","Dinoflagellata","Syndiniales","Dino-Group-I","Dino-Group-I-Clade-1","Dino-Group-I-Clade-1_X","Dino-Group-I-Clade-1_X_sp."
"ASV_221","Eukaryota","TSAR","Stramenopiles","Gyrista","Mediophyceae","Thalassiosirales","Thalassiosiraceae","Thalassiosira","Thalassiosira_tenera"
"ASV_222","Eukaryota","TSAR","Alveolata","Dinoflagellata","Dinophyceae","Gymnodiniales","Gymnodiniaceae","Lepidodinium","Lepidodinium_viride"
"ASV_223","Eukaryota","TSAR","Alveolata","Dinoflagellata","Dinophyceae","Peridiniales","Heterocapsaceae","Heterocapsa","Heterocapsa_rotundata"
"ASV_224","Eukaryota","Archaeplastida","Chlorophyta","Chlorophyta_X","Pyramimonadophyceae","Pyramimonadales","Pyramimonadaceae","Pyramimonas","unassigned"
"ASV_225","Eukaryota","TSAR","Stramenopiles","Gyrista","Pelagophyceae","Pelagomonadales","Pelagomonadales_clade_B","Pelagomonadales_clade_B2","Pelagomonadales_clade_B2_sp."
"ASV_226","Eukaryota","TSAR","Alveolata","Dinoflagellata","Dinophyceae","unassigned","unassigned","unassigned","unassigned"
"ASV_227","Eukaryota","TSAR","Alveolata","Dinoflagellata","Dinophyceae","unassigned","unassigned","unassigned","unassigned"
"ASV_228","Eukaryota","TSAR","Alveolata","Ciliophora","Spirotrichea","Oligotrichida","Oligotrichida_X","Oligotrichida_XX","Oligotrichida_XX_sp."
"ASV_229","Eukaryota","TSAR","Alveolata","Dinoflagellata","Dinophyceae","Dinophyceae_X","Dinophyceae_XX","Dinophyceae_XXX","Dinophyceae_XXX_sp."
"ASV_230","Eukaryota","Haptista","Haptophyta","Haptophyta_X","Prymnesiophyceae","Prymnesiophyceae_Clade_D","Prymnesiophyceae_Clade_D_X","Prymnesiophyceae_Clade_D_XX","Prymnesiophyceae_Clade_D_XX_sp."
"ASV_231","Eukaryota","Cryptista","Cryptophyta","Cryptophyta_X","Cryptophyceae","Cryptomonadales","Cryptomonadales_X","Teleaulax","Teleaulax_amphioxeia"
"ASV_232","Eukaryota","TSAR","Alveolata","Dinoflagellata","Dinophyceae","Gymnodiniales","Gymnodiniaceae","Gyrodinium","Gyrodinium_rubrum"
"ASV_233","Eukaryota","Haptista","Haptophyta","Haptophyta_X","Prymnesiophyceae","Prymnesiales","Chrysochromulinaceae","Chrysochromulina","unassigned"
"ASV_234","Eukaryota","TSAR","Rhizaria","Cercozoa","Filosa-Thecofilosea","Cryomonadida","Protaspa-lineage","Protaspa","unassigned"
"ASV_235","Eukaryota","Cryptista","Cryptophyta","Cryptophyta_X","Cryptophyceae","Cryptomonadales","Cryptomonadales_X","Teleaulax","Teleaulax_acuta"
"ASV_236","Eukaryota","TSAR","Stramenopiles","Gyrista","Gyrista_X","Gyrista_XX","MAST-2","MAST-2C","MAST-2C_sp."
"ASV_237","Eukaryota","TSAR","Stramenopiles","Gyrista","Pelagophyceae","Pelagomonadales","Pelagomonadaceae","Aureococcus","Aureococcus_anophagefferens"
"ASV_238","Eukaryota","TSAR","Telonemia","Telonemia_X","Telonemia_XX","Telonemia_XXX","Telonemia-Group-2","Telonemia-Group-2_X","Telonemia-Group-2_X_sp."
"ASV_239","Eukaryota","TSAR","Alveolata","Ciliophora","Spirotrichea","Oligotrichida","Tontoniidae","Tontoniidae_X","Tontoniidae_X_sp."
"ASV_240","Eukaryota","TSAR","Stramenopiles","Gyrista","Gyrista_X","Gyrista_XX","MAST-1","MAST-1C","MAST-1C_sp."
"ASV_241","Eukaryota","TSAR","Alveolata","Ciliophora","Ciliophora_X","Ciliophora_XX","Ciliophora_XXX","Mesodinium","unassigned"
"ASV_243","Eukaryota","Archaeplastida","Chlorophyta","Chlorophyta_X","Mamiellophyceae","Mamiellales","Bathycoccaceae","Bathycoccus","Bathycoccus_prasinos"
"ASV_244","Eukaryota","TSAR","Alveolata","Ciliophora","Spirotrichea","unassigned","unassigned","unassigned","unassigned"
"ASV_245","Eukaryota","TSAR","Alveolata","Dinoflagellata","Dinophyceae","Peridiniales","Thoracosphaeraceae","unassigned","unassigned"
"ASV_246","Eukaryota","Obazoa","Opisthokonta","Ichthyosporea","Ichthyophonida","Pseudoperkinsidae","Pseudoperkinsidae_X","unassigned","unassigned"
"ASV_247","Eukaryota","TSAR","Alveolata","Ciliophora","Spirotrichea","unassigned","unassigned","unassigned","unassigned"
"ASV_248","Eukaryota","Archaeplastida","Chlorophyta","Chlorophyta_X","Pyramimonadophyceae","Pyramimonadales","Pyramimonadaceae","Pyramimonas","Pyramimonas_gelidicola"
"ASV_249","Eukaryota","Archaeplastida","Chlorophyta","Chlorophyta_X","Pyramimonadophyceae","Pyramimonadales","Pyramimonadales_X","Pyramimonadales_XX","Pyramimonadales_XX_sp."
"ASV_251","Eukaryota","TSAR","Alveolata","Ciliophora","Spirotrichea","Oligotrichida","Tontoniidae","Tontoniidae_X","Tontoniidae_X_sp."
"ASV_252","Eukaryota","Cryptista","Cryptophyta","Cryptophyta_X","Cryptophyceae","Cryptomonadales","Cryptomonadales_X","Teleaulax","Teleaulax_gracilis"
"ASV_253","Eukaryota","TSAR","Alveolata","Ciliophora","Spirotrichea","Oligotrichida","unassigned","unassigned","unassigned"
"ASV_255","Eukaryota","TSAR","Alveolata","Dinoflagellata","unassigned","unassigned","unassigned","unassigned","unassigned"
"ASV_256","Eukaryota","TSAR","Stramenopiles","Gyrista","Pelagophyceae","Pelagomonadales","Pelagomonadales_clade_B","Pelagomonadales_clade_B2","Pelagomonadales_clade_B2_sp."
"ASV_259","Eukaryota","TSAR","Alveolata","Dinoflagellata","Dinophyceae","Gymnodiniales","Gymnodiniaceae","Gymnodinium","Gymnodinium_sp."
"ASV_260","Eukaryota","TSAR","Stramenopiles","Bigyra","Sagenista","Sagenista_X","MAST-7","unassigned","unassigned"
"ASV_261","Eukaryota","TSAR","Telonemia","Telonemia_X","Telonemia_XX","Telonemia_XXX","Telonemia-Group-2","Telonemia-Group-2_X","Telonemia-Group-2_X_sp."
"ASV_262","Eukaryota","TSAR","Rhizaria","Cercozoa","Chlorarachniophyceae","Chlorarachniophyceae_X","NPK2-lineage","NPK2-lineage_X","NPK2-lineage_X_sp."
"ASV_264","Eukaryota","TSAR","Alveolata","Dinoflagellata","Dinophyceae","Peridiniales","Heterocapsaceae","Heterocapsa","Heterocapsa_nei/rotundata"
"ASV_265","Eukaryota","TSAR","Alveolata","Dinoflagellata","Syndiniales","Dino-Group-II","Dino-Group-II-Clade-10-and-11","Dino-Group-II-Clade-10-and-11_X","Dino-Group-II-Clade-10-and-11_X_sp."
"ASV_266","Eukaryota","TSAR","Stramenopiles","Gyrista","Gyrista_X","Gyrista_XX","MAST-1","MAST-1C","MAST-1C_sp."
"ASV_268","Eukaryota","TSAR","Alveolata","Ciliophora","Spirotrichea","Oligotrichida","Strombidiidae","Strombidium","unassigned"
"ASV_269","Eukaryota","TSAR","Alveolata","Ciliophora","Spirotrichea","Choreotrichida-Tintinnina","unassigned","unassigned","unassigned"
"ASV_270","Eukaryota","TSAR","Alveolata","Dinoflagellata","Dinophyceae","Gymnodiniales","Gymnodiniaceae","Gymnodinium","Gymnodinium_sp."
"ASV_271","Eukaryota","TSAR","Stramenopiles","Gyrista","Gyrista_X","Gyrista_XX","MAST-2","MAST-2C","MAST-2C_sp."
"ASV_273","Eukaryota","TSAR","Alveolata","Ciliophora","Spirotrichea","Oligotrichida","Oligotrichida_X","Oligotrichida_XX","Oligotrichida_XX_sp."
"ASV_274","Eukaryota","TSAR","Alveolata","Dinoflagellata","Dinophyceae","Gymnodiniales","Gymnodiniaceae","unassigned","unassigned"
"ASV_275","Eukaryota","TSAR","Stramenopiles","Bigyra","Sagenista","Sagenista_X","MAST-7","MAST-7B","MAST-7B_sp."
"ASV_276","Eukaryota","TSAR","Alveolata","Dinoflagellata","Dinophyceae","Peridiniales","Heterocapsaceae","Heterocapsa","Heterocapsa_pygmaea"
"ASV_277","Eukaryota","Haptista","Haptophyta","Haptophyta_X","Prymnesiophyceae","Prymnesiales","Chrysochromulinaceae","Chrysochromulina","Chrysochromulina_simplex"
"ASV_278","Eukaryota","Haptista","Haptophyta","Haptophyta_X","Prymnesiophyceae","Prymnesiales","Chrysochromulinaceae","Chrysochromulina","Chrysochromulina_simplex"
"ASV_279","Eukaryota","TSAR","Stramenopiles","Gyrista","Mediophyceae","Thalassiosirales","unassigned","unassigned","unassigned"
"ASV_280","Eukaryota","Cryptista","Cryptophyta","Cryptophyta_X","Cryptophyceae","Cryptomonadales","Cryptomonadales_X","Teleaulax","Teleaulax_amphioxeia"
"ASV_281","Eukaryota","TSAR","Stramenopiles","Bigyra","Sagenista","Sagenista_X","MAST-7","unassigned","unassigned"
"ASV_282","Eukaryota","TSAR","Stramenopiles","Gyrista","Mediophyceae","Thalassiosirales","Thalassiosiraceae","Minidiscus","Minidiscus_spinulatus"
"ASV_284","Eukaryota:nucl","Cryptista:nucl","Cryptophyta:nucl","Cryptophyta_X:nucl","Cryptophyceae:nucl","Cryptomonadales:nucl","Cryptomonadales_X:nucl","unassigned","unassigned"
"ASV_285","Eukaryota","Obazoa","Opisthokonta","Choanoflagellata","Choanoflagellatea","Acanthoecida","Acanthoecidae_Group_G","Calliacantha","Calliacantha_natans"
"ASV_286","Eukaryota","Haptista","Haptophyta","Haptophyta_X","Prymnesiophyceae","Prymnesiales","Chrysochromulinaceae","Chrysochromulina","Chrysochromulina_simplex"
"ASV_287","Eukaryota","TSAR","Alveolata","Dinoflagellata","Syndiniales","Dino-Group-I","Dino-Group-I-Clade-1","Dino-Group-I-Clade-1_X","Dino-Group-I-Clade-1_X_sp."
"ASV_288","Eukaryota","TSAR","unassigned","unassigned","unassigned","unassigned","unassigned","unassigned","unassigned"
"ASV_291","Eukaryota","TSAR","Alveolata","Dinoflagellata","Dinophyceae","unassigned","unassigned","unassigned","unassigned"
"ASV_293","Eukaryota","Obazoa","Opisthokonta","Ichthyosporea","Ichthyophonida","Ichthyophonida_X","Ichthyophonida_XX","Ichthyophonida_XXX","Ichthyophonida_XXX_sp."
"ASV_294","Eukaryota","TSAR","Alveolata","Dinoflagellata","Dinophyceae","Gymnodiniales","Gymnodiniaceae","Gymnodinium","unassigned"
"ASV_295","Eukaryota","TSAR","Stramenopiles","Bigyra","Sagenista","Sagenista_X","MAST-4","MAST-4A","MAST-4A_sp."
"ASV_296","Eukaryota","TSAR","Alveolata","Dinoflagellata","unassigned","unassigned","unassigned","unassigned","unassigned"
"ASV_297","Eukaryota","TSAR","Alveolata","Dinoflagellata","Syndiniales","Dino-Group-I","Dino-Group-I-Clade-1","Dino-Group-I-Clade-1_X","Dino-Group-I-Clade-1_X_sp."
"ASV_298","Eukaryota","TSAR","Alveolata","Dinoflagellata","Dinophyceae","Gymnodiniales","Gymnodiniaceae","Margalefidinium","Margalefidinium_fulvescens"
"ASV_299","Eukaryota","TSAR","Alveolata","Dinoflagellata","Dinophyceae","Gymnodiniales","Gymnodiniaceae","Lepidodinium","Lepidodinium_viride"
"ASV_302","Eukaryota","TSAR","Stramenopiles","Gyrista","Mediophyceae","Cymatosirales","Cymatosiraceae","Brockmanniella","Brockmanniella_brockmannii"
"ASV_303","Eukaryota","TSAR","Alveolata","Dinoflagellata","Dinophyceae","Peridiniales","Heterocapsaceae","Heterocapsa","Heterocapsa_rotundata"
"ASV_304","Eukaryota","Haptista","Haptophyta","Haptophyta_X","Prymnesiophyceae","Prymnesiales","Chrysochromulinaceae","Chrysochromulina","Chrysochromulina_simplex"
"ASV_307","Eukaryota","TSAR","Stramenopiles","Gyrista","Gyrista_X","Gyrista_XX","MAST-2","MAST-2C","MAST-2C_sp."
"ASV_308","Eukaryota","TSAR","Alveolata","Dinoflagellata","Dinophyceae","Gymnodiniales","Kareniaceae","Karlodinium","Karlodinium_veneficum"
"ASV_309","Eukaryota","TSAR","Stramenopiles","Bigyra","Sagenista","Sagenista_X","MAST-4","MAST-4A","MAST-4A_sp."
"ASV_312","Eukaryota","TSAR","Alveolata","Dinoflagellata","Syndiniales","Dino-Group-I","Dino-Group-I-Clade-4","Dino-Group-I-Clade-4_X","Dino-Group-I-Clade-4_X_sp."
"ASV_313","Eukaryota","TSAR","Telonemia","Telonemia_X","Telonemia_XX","Telonemia_XXX","Telonemia-Group-2","Telonemia-Group-2_X","Telonemia-Group-2_X_sp."
"ASV_314","Eukaryota","TSAR","Alveolata","Dinoflagellata","Dinophyceae","Gymnodiniales","unassigned","unassigned","unassigned"
"ASV_315","Eukaryota","TSAR","Alveolata","Dinoflagellata","Dinophyceae","Peridiniales","Peridiniopsidaceae","Parvodinium","Parvodinium_inconspicuum"
"ASV_316","Eukaryota","TSAR","Stramenopiles","Gyrista","Mediophyceae","Thalassiosirales","Thalassiosiraceae","Thalassiosira","Thalassiosira_minuscula"
"ASV_317","Eukaryota","Haptista","Haptophyta","Haptophyta_X","Prymnesiophyceae","Prymnesiales","Chrysochromulinaceae","Chrysochromulina","unassigned"
"ASV_318","Eukaryota","TSAR","Alveolata","Dinoflagellata","Syndiniales","Dino-Group-I","Dino-Group-I-Clade-1","Dino-Group-I-Clade-1_X","Dino-Group-I-Clade-1_X_sp."
"ASV_319","Eukaryota","Archaeplastida","Chlorophyta","Chlorophyta_X","Mamiellophyceae","Mamiellales","Mamiellaceae","Micromonas","Micromonas_pusilla"
"ASV_321","Eukaryota","TSAR","Stramenopiles","Gyrista","Mediophyceae","Chaetocerotales","Chaetocerotaceae","Chaetoceros","Chaetoceros_socialis"
"ASV_322","Eukaryota","TSAR","Alveolata","Dinoflagellata","Dinophyceae","Gymnodiniales","Gymnodiniaceae","Gyrodinium","Gyrodinium_fusiforme"
"ASV_326","Eukaryota","TSAR","Alveolata","Dinoflagellata","Dinophyceae","Dinophysales","Dinophysaceae","Dinophysis","Dinophysis_caudata"
"ASV_327","Eukaryota","TSAR","unassigned","unassigned","unassigned","unassigned","unassigned","unassigned","unassigned"
"ASV_328","Eukaryota","Obazoa","Opisthokonta","Choanoflagellata","Choanoflagellatea","unassigned","unassigned","unassigned","unassigned"
"ASV_329","Eukaryota","TSAR","Alveolata","Dinoflagellata","Syndiniales","Dino-Group-II","Dino-Group-II-Clade-4","unassigned","unassigned"
"ASV_330","Eukaryota","Haptista","Haptophyta","Haptophyta_X","Prymnesiophyceae","Prymnesiophyceae_Clade_D","Prymnesiophyceae_Clade_D_X","Prymnesiophyceae_Clade_D_XX","Prymnesiophyceae_Clade_D_XX_sp."
"ASV_331","Eukaryota","TSAR","Alveolata","Dinoflagellata","Dinophyceae","Dinophyceae_X","Dinophyceae_XX","Dinophyceae_XXX","Dinophyceae_XXX_sp."
"ASV_332","Eukaryota","TSAR","Stramenopiles","Bigyra","Sagenista","Sagenista_X","MAST-10","MAST-10_X","MAST-10_X_sp."
"ASV_335","Eukaryota","Cryptista","Cryptophyta","Cryptophyta_X","Cryptophyceae","Cryptomonadales","Cryptomonadales_X","Teleaulax","unassigned"
"ASV_339","Eukaryota","Cryptista","Kathablepharidacea","Kathablepharida","Kathablepharidea","Kathablepharidida","Kathablepharidida_X","Leucocryptos","Leucocryptos_marina"
"ASV_340","Eukaryota","TSAR","Telonemia","Telonemia_X","Telonemia_XX","Telonemia_XXX","Telonemia-Group-2","Telonemia-Group-2_X","Telonemia-Group-2_X_sp."
"ASV_341","Eukaryota","TSAR","Alveolata","Ciliophora","Spirotrichea","Oligotrichida","Oligotrichida_X","Oligotrichida_XX","Oligotrichida_XX_sp."
"ASV_343","Eukaryota","TSAR","Alveolata","Ciliophora","Spirotrichea","Choreotrichida","Strobilidiidae","Pelagostrobilidium","Pelagostrobilidium_neptuni"
"ASV_344","Eukaryota","TSAR","Stramenopiles","Gyrista","Mediophyceae","Thalassiosirales","Thalassiosiraceae","Thalassiosira","Thalassiosira_concaviuscula"
"ASV_346","Eukaryota","TSAR","Alveolata","Dinoflagellata","Dinophyceae","unassigned","unassigned","unassigned","unassigned"
"ASV_347","Eukaryota","Cryptista","Cryptophyta","Cryptophyta_X","Cryptophyceae","Cryptomonadales","Cryptomonadales_X","Geminigera","Geminigera_cryophila"
"ASV_349","Eukaryota","TSAR","Alveolata","Dinoflagellata","unassigned","unassigned","unassigned","unassigned","unassigned"
"ASV_350","Eukaryota","TSAR","Alveolata","Dinoflagellata","unassigned","unassigned","unassigned","unassigned","unassigned"
"ASV_351","Eukaryota","TSAR","Alveolata","Dinoflagellata","Dinophyceae","Peridiniales","unassigned","unassigned","unassigned"
"ASV_352","Eukaryota","Haptista","Haptophyta","Haptophyta_X","Prymnesiophyceae","Prymnesiales","Chrysochromulinaceae","Chrysochromulina","Chrysochromulina_cymbium"
"ASV_354","Eukaryota","TSAR","Alveolata","Dinoflagellata","Dinophyceae","Gonyaulacales","Ceratiaceae","Ceratium","Ceratium_sp."
"ASV_355","Eukaryota","TSAR","Stramenopiles","Gyrista","Mediophyceae","Thalassiosirales","Thalassiosiraceae","unassigned","unassigned"
"ASV_357","Eukaryota","TSAR","Alveolata","Dinoflagellata","Dinophyceae","Gymnodiniales","unassigned","unassigned","unassigned"
"ASV_358","Eukaryota","TSAR","Stramenopiles","Bigyra","Opalozoa","Nanomonadea","MAST-3","MAST-3E","MAST-3E_sp."
"ASV_359","Eukaryota","TSAR","Alveolata","Ciliophora","Spirotrichea","unassigned","unassigned","unassigned","unassigned"
"ASV_361","Eukaryota","TSAR","Stramenopiles","Gyrista","Coscinodiscophyceae","Rhizosoleniales","Rhizosoleniaceae","Guinardia","Guinardia_delicatula"
"ASV_362","Eukaryota","TSAR","Stramenopiles","Gyrista","Mediophyceae","Thalassiosirales","Skeletonemaceae","Skeletonema","Skeletonema_dohrnii"
"ASV_364","Eukaryota","TSAR","Alveolata","Dinoflagellata","Dinophyceae","Gymnodiniales","Gymnodiniaceae","Lepidodinium","unassigned"
"ASV_365","Eukaryota","TSAR","Stramenopiles","Bigyra","unassigned","unassigned","unassigned","unassigned","unassigned"
"ASV_366","Eukaryota","TSAR","Stramenopiles","Bigyra","Sagenista","Sagenista_X","MAST-4","MAST-4E","MAST-4E_sp."
"ASV_368","Eukaryota","TSAR","Rhizaria","Cercozoa","unassigned","unassigned","unassigned","unassigned","unassigned"
"ASV_369","Eukaryota","TSAR","Stramenopiles","Bigyra","Sagenista","Sagenista_X","MAST-4","MAST-4E","MAST-4E_sp."
"ASV_370","Eukaryota","Archaeplastida","Chlorophyta","Chlorophyta_X","Pyramimonadophyceae","Pyramimonadales","Pyramimonadaceae","Pyramimonas","Pyramimonas_gelidicola"
"ASV_371","Eukaryota","TSAR","Stramenopiles","Bigyra","Sagenista","Labyrinthulomycetes","Labyrinthulaceae","Aplanochytrium","Aplanochytrium_sp."
"ASV_372","Eukaryota","TSAR","Alveolata","Dinoflagellata","Dinophyceae","Peridiniales","Thoracosphaeraceae","unassigned","unassigned"
"ASV_373","Eukaryota","Haptista","Haptophyta","Haptophyta_X","Prymnesiophyceae","Prymnesiales","Chrysochromulinaceae","Chrysochromulina","Chrysochromulina_cymbium"
"ASV_374","Eukaryota","Archaeplastida","Chlorophyta","Chlorophyta_X","Mamiellophyceae","Mamiellales","Mamiellaceae","Micromonas","Micromonas_bravo_B2"
"ASV_375","Eukaryota","TSAR","Alveolata","Dinoflagellata","Dinophyceae","Gymnodiniales","Kareniaceae","Karlodinium","Karlodinium_sp."
"ASV_376","Eukaryota","TSAR","Alveolata","Dinoflagellata","Dinophyceae","Gymnodiniales","Gymnodiniaceae","Gyrodinium","Gyrodinium_guttula"
"ASV_378","Eukaryota","TSAR","Stramenopiles","Gyrista","Mediophyceae","Thalassiosirales","Thalassiosiraceae","Thalassiosira","unassigned"
"ASV_379","Eukaryota","TSAR","Stramenopiles","Gyrista","Mediophyceae","Thalassiosirales","Thalassiosiraceae","Minidiscus","Minidiscus_trioculatus"
"ASV_382","Eukaryota","TSAR","Stramenopiles","Gyrista","unassigned","unassigned","unassigned","unassigned","unassigned"
"ASV_383","Eukaryota","TSAR","Alveolata","Dinoflagellata","unassigned","unassigned","unassigned","unassigned","unassigned"
"ASV_385","Eukaryota","TSAR","Alveolata","Ciliophora","Spirotrichea","Oligotrichida","Oligotrichida_X","Oligotrichida_XX","Oligotrichida_XX_sp."
"ASV_386","Eukaryota","TSAR","unassigned","unassigned","unassigned","unassigned","unassigned","unassigned","unassigned"
"ASV_387","Eukaryota","TSAR","Stramenopiles","Gyrista","Phaeophyceae","Phaeophyceae_X","Phaeophyceae_XX","Costaria","Costaria_costata"
"ASV_388","Eukaryota","TSAR","Alveolata","Dinoflagellata","Dinophyceae","Peridiniales","Thoracosphaeraceae","unassigned","unassigned"
"ASV_389","Eukaryota","TSAR","Alveolata","Ciliophora","Spirotrichea","unassigned","unassigned","unassigned","unassigned"
"ASV_390","Eukaryota","TSAR","Rhizaria","Cercozoa","Filosa-Thecofilosea","Ebriacea","Ebriidae","Ebria","Ebria_tripartita"
"ASV_392","Eukaryota","TSAR","Stramenopiles","Gyrista","Mediophyceae","Chaetocerotales","Chaetocerotaceae","Chaetoceros","Chaetoceros_socialis-debilis"
"ASV_393","Eukaryota","TSAR","Alveolata","Dinoflagellata","Dinophyceae","Gymnodiniales","Gymnodiniaceae","Gymnodinium","Gymnodinium_sp."
"ASV_395","Eukaryota","TSAR","Alveolata","Dinoflagellata","Dinophyceae","Peridiniales","Thoracosphaeraceae","unassigned","unassigned"
"ASV_396","Eukaryota","TSAR","Alveolata","unassigned","unassigned","unassigned","unassigned","unassigned","unassigned"
"ASV_397","Eukaryota","TSAR","Stramenopiles","Gyrista","Dictyochophyceae","Dictyochophyceae_X","Florenciellales","Pseudochattonella","Pseudochattonella_verruculosa"
"ASV_398","Eukaryota","TSAR","Alveolata","Ciliophora","unassigned","unassigned","unassigned","unassigned","unassigned"
"ASV_399","Eukaryota","Haptista","Haptophyta","Haptophyta_X","Prymnesiophyceae","Prymnesiales","Prymnesiaceae","Prymnesium","unassigned"
"ASV_400","Eukaryota","TSAR","Alveolata","Dinoflagellata","Syndiniales","Dino-Group-I","Dino-Group-I-Clade-1","Dino-Group-I-Clade-1_X","Dino-Group-I-Clade-1_X_sp."
"ASV_401","Eukaryota","Haptista","Haptophyta","Haptophyta_X","Prymnesiophyceae","Coccolithales","Chrysotilaceae","unassigned","unassigned"
"ASV_402","Eukaryota","TSAR","Rhizaria","Cercozoa","Filosa-Thecofilosea","unassigned","unassigned","unassigned","unassigned"
"ASV_403","Eukaryota","TSAR","Alveolata","Dinoflagellata","Dinophyceae","Peridiniales","Protoperidiniaceae","Protoperidinium","Protoperidinium_depressum"
"ASV_404","Eukaryota","TSAR","Alveolata","Dinoflagellata","Dinophyceae","Gonyaulacales","Gonyaulacaceae","Gonyaulax","Gonyaulax_membranaceae"
"ASV_405","Eukaryota","TSAR","Stramenopiles","Gyrista","Mediophyceae","Thalassiosirales","Stephanodiscaceae","Cyclotella","Cyclotella_striata"
"ASV_406","Eukaryota","TSAR","Alveolata","Dinoflagellata","Dinophyceae","Gymnodiniales","Kareniaceae","Karlodinium","Karlodinium_veneficum"
"ASV_407","Eukaryota","TSAR","Stramenopiles","Gyrista","Mediophyceae","Thalassiosirales","Thalassiosiraceae","Thalassiosira","Thalassiosira_hispida"
"ASV_410","Eukaryota","TSAR","Alveolata","Dinoflagellata","Syndiniales","Dino-Group-I","Dino-Group-I-Clade-4","Dino-Group-I-Clade-4_X","Dino-Group-I-Clade-4_X_sp."
"ASV_411","Eukaryota","TSAR","Alveolata","Dinoflagellata","Syndiniales","Dino-Group-II","Dino-Group-II-Clade-10-and-11","Dino-Group-II-Clade-10-and-11_X","Dino-Group-II-Clade-10-and-11_X_sp."
"ASV_412","Eukaryota","TSAR","Alveolata","Dinoflagellata","Dinophyceae","Gonyaulacales","Ceratiaceae","Ceratium","Ceratium_sp."
"ASV_414","Eukaryota","TSAR","Alveolata","Dinoflagellata","Syndiniales","Dino-Group-I","Dino-Group-I-Clade-4","Dino-Group-I-Clade-4_X","Dino-Group-I-Clade-4_X_sp."
"ASV_416","Eukaryota","Haptista","Haptophyta","Haptophyta_X","Prymnesiophyceae","Prymnesiophyceae_Clade_D","Prymnesiophyceae_Clade_D_X","Prymnesiophyceae_Clade_D_XX","Prymnesiophyceae_Clade_D_XX_sp."
"ASV_417","Eukaryota","TSAR","Stramenopiles","Bigyra","Sagenista","Sagenista_X","MAST-7","unassigned","unassigned"
"ASV_418","Eukaryota","TSAR","Rhizaria","Cercozoa","Filosa-Thecofilosea","Cryomonadida","Cryothecomonas-lineage","Cryothecomonas","Cryothecomonas_aestivalis"
"ASV_419","Eukaryota","Haptista","Haptophyta","Haptophyta_X","Prymnesiophyceae","Prymnesiales","Chrysochromulinaceae","Chrysochromulina","Chrysochromulina_simplex"
"ASV_420","Eukaryota","TSAR","Alveolata","Dinoflagellata","Dinophyceae","Gymnodiniales","Gymnodiniaceae","Margalefidinium","Margalefidinium_fulvescens"
"ASV_421","Eukaryota","TSAR","Rhizaria","Cercozoa","Filosa-Thecofilosea","Cryomonadida","Cryothecomonas-lineage","Cryothecomonas","Cryothecomonas_aestivalis"
"ASV_423","Eukaryota","TSAR","Alveolata","Dinoflagellata","Dinophyceae","Peridiniales","unassigned","unassigned","unassigned"
"ASV_424","Eukaryota","TSAR","Stramenopiles","Gyrista","Mediophyceae","Thalassiosirales","unassigned","unassigned","unassigned"
"ASV_425","Eukaryota","TSAR","Alveolata","Dinoflagellata","unassigned","unassigned","unassigned","unassigned","unassigned"
"ASV_426","Eukaryota","TSAR","Alveolata","Dinoflagellata","Dinophyceae","unassigned","unassigned","unassigned","unassigned"
"ASV_427","Eukaryota","TSAR","Stramenopiles","Gyrista","Mediophyceae","Chaetocerotales","Chaetocerotaceae","Chaetoceros","unassigned"
"ASV_428","Eukaryota","TSAR","Alveolata","Dinoflagellata","Dinophyceae","Peridiniales","unassigned","unassigned","unassigned"
"ASV_429","Eukaryota","TSAR","Stramenopiles","Bigyra","Sagenista","Sagenista_X","MAST-4","MAST-4D","MAST-4D_sp."
"ASV_430","Eukaryota","TSAR","Alveolata","Dinoflagellata","Syndiniales","Dino-Group-II","Dino-Group-II-Clade-10-and-11","Dino-Group-II-Clade-10-and-11_X","Dino-Group-II-Clade-10-and-11_X_sp."
"ASV_431","Eukaryota","TSAR","Stramenopiles","Gyrista","Mediophyceae","Cymatosirales","Cymatosiraceae","Brockmanniella","Brockmanniella_brockmannii"
"ASV_432","Eukaryota","TSAR","Stramenopiles","Gyrista","Mediophyceae","Thalassiosirales","Skeletonemaceae","Skeletonema","Skeletonema_pseudocostatum"
"ASV_433","Eukaryota","Archaeplastida","Picozoa","Picozoa_subdivision_1","Picomonadea","Picomonadida","Picomonadidae","Picomonas","Picomonas_sp."
"ASV_434","Eukaryota","TSAR","Alveolata","Dinoflagellata","Syndiniales","Dino-Group-II","unassigned","unassigned","unassigned"
"ASV_435","Eukaryota","TSAR","Stramenopiles","unassigned","unassigned","unassigned","unassigned","unassigned","unassigned"
"ASV_436","Eukaryota","TSAR","Stramenopiles","Gyrista","Bacillariophyceae","unassigned","unassigned","unassigned","unassigned"
"ASV_437","Eukaryota","TSAR","Alveolata","Ciliophora","Spirotrichea","Choreotrichida","unassigned","unassigned","unassigned"
"ASV_438","Eukaryota","Haptista","Haptophyta","Haptophyta_X","Prymnesiophyceae","Prymnesiales","Chrysochromulinaceae","Chrysochromulina","Chrysochromulina_simplex"
"ASV_439","Eukaryota","TSAR","Stramenopiles","Gyrista","Gyrista_X","Gyrista_XX","MAST-1","MAST-1C","MAST-1C_sp."
"ASV_441","Eukaryota","TSAR","Stramenopiles","Bigyra","Opalozoa","Nanomonadea","MAST-3","MAST-3E","MAST-3E_sp."
"ASV_443","Eukaryota","TSAR","Alveolata","Dinoflagellata","Dinophyceae","Peridiniales","unassigned","unassigned","unassigned"
"ASV_444","Eukaryota","TSAR","Alveolata","Dinoflagellata","unassigned","unassigned","unassigned","unassigned","unassigned"
"ASV_446","Eukaryota","TSAR","Stramenopiles","Gyrista","Bacillariophyceae","Cymbellales","Cymbellaceae","Cymbella","unassigned"
"ASV_447","Eukaryota","TSAR","Alveolata","Ciliophora","unassigned","unassigned","unassigned","unassigned","unassigned"
"ASV_448","Eukaryota","TSAR","Alveolata","Ciliophora","Spirotrichea","Oligotrichida","Oligotrichida_X","Oligotrichida_XX","Oligotrichida_XX_sp."
"ASV_449","Eukaryota","TSAR","Stramenopiles","Gyrista","Mediophyceae","Thalassiosirales","Thalassiosiraceae","Thalassiosira","unassigned"
"ASV_450","Eukaryota","TSAR","Alveolata","Dinoflagellata","unassigned","unassigned","unassigned","unassigned","unassigned"
"ASV_451","Eukaryota","TSAR","Stramenopiles","Gyrista","Mediophyceae","Thalassiosirales","Thalassiosiraceae","Thalassiosira","Thalassiosira_curviseriata"
"ASV_453","Eukaryota","TSAR","Alveolata","Ciliophora","Spirotrichea","Oligotrichida","Oligotrichida_X","Oligotrichida_XX","Oligotrichida_XX_sp."
"ASV_454","Eukaryota","TSAR","Stramenopiles","Gyrista","Mediophyceae","Thalassiosirales","Thalassiosiraceae","Thalassiosira","Thalassiosira_hispida"
"ASV_456","Eukaryota","Cryptista","Cryptophyta","Cryptophyta_X","Cryptophyceae","Cryptomonadales","Cryptomonadales_X","Teleaulax","unassigned"
"ASV_458","Eukaryota","TSAR","Alveolata","Dinoflagellata","Dinophyceae","Gymnodiniales","Gymnodiniaceae","Margalefidinium","Margalefidinium_fulvescens"
"ASV_460","Eukaryota","TSAR","Rhizaria","Cercozoa","Filosa-Thecofilosea","Cryomonadida","unassigned","unassigned","unassigned"
"ASV_462","Eukaryota","Cryptista","Cryptophyta","Cryptophyta_X","Cryptophyceae","Cryptomonadales","Cryptomonadales_X","Teleaulax","Teleaulax_acuta"
"ASV_463","Eukaryota","TSAR","Alveolata","Dinoflagellata","Dinophyceae","Peridiniales","Amphidomataceae","unassigned","unassigned"
"ASV_464","Eukaryota","TSAR","Alveolata","Dinoflagellata","unassigned","unassigned","unassigned","unassigned","unassigned"
"ASV_465","Eukaryota","Haptista","Haptophyta","Haptophyta_X","Prymnesiophyceae","Prymnesiales","Chrysochromulinaceae","Chrysochromulina","Chrysochromulina_simplex"
"ASV_466","Eukaryota","TSAR","Alveolata","Dinoflagellata","Syndiniales","Dino-Group-II","Dino-Group-II-Clade-1","Dino-Group-II-Clade-1_X","Dino-Group-II-Clade-1_X_sp."
"ASV_467","Eukaryota","TSAR","Stramenopiles","Bigyra","Sagenista","Labyrinthulomycetes","Labyrinthulomycetes_LAB7","Labyrinthulomycetes_LAB7_X","Labyrinthulomycetes_LAB7_X_sp."
"ASV_468","Eukaryota","TSAR","Alveolata","Dinoflagellata","Dinophyceae","unassigned","unassigned","unassigned","unassigned"
"ASV_469","Eukaryota","TSAR","Stramenopiles","Gyrista","Dictyochophyceae","Dictyochophyceae_X","Florenciellales","Pseudochattonella","Pseudochattonella_verruculosa"
"ASV_470","Eukaryota","Haptista","Haptophyta","Haptophyta_X","Prymnesiophyceae","Isochrysidales","Noelaerhabdaceae","Gephyrocapsa","Gephyrocapsa_oceanica"
"ASV_471","Eukaryota","Cryptista","Cryptophyta","Cryptophyta_X","Cryptophyceae","Cryptomonadales","Cryptomonadales_X","Falcomonas","Falcomonas_daucoides"
"ASV_473","Eukaryota","Archaeplastida","Chlorophyta","Chlorophyta_X","Trebouxiophyceae","Chlorellales","Chlorellales_X","unassigned","unassigned"
"ASV_475","Eukaryota","TSAR","Stramenopiles","Gyrista","Mediophyceae","Thalassiosirales","Skeletonemaceae","Skeletonema","Skeletonema_menzelii"
"ASV_477","Eukaryota","Cryptista","Kathablepharidacea","Kathablepharida","Kathablepharidea","Kathablepharidida","Kathablepharidida_X","Kathablepharis","Kathablepharis_japonica"
"ASV_478","Eukaryota","TSAR","Alveolata","Apicomplexa","Gregarinomorphea","Eugregarinorida","Porosporidae","Porosporidae_X","Porosporidae_X_sp."
"ASV_479","Eukaryota","TSAR","Stramenopiles","Bigyra","Sagenista","Sagenista_X","MAST-7","unassigned","unassigned"
"ASV_482","Eukaryota","TSAR","Alveolata","Dinoflagellata","Dinophyceae","unassigned","unassigned","unassigned","unassigned"
"ASV_483","Eukaryota","TSAR","Rhizaria","Cercozoa","Filosa-Thecofilosea","Cryomonadida","Protaspa-lineage","Protaspa","unassigned"
"ASV_484","Eukaryota","TSAR","Alveolata","Dinoflagellata","Syndiniales","unassigned","unassigned","unassigned","unassigned"
"ASV_485","Eukaryota","TSAR","Alveolata","Dinoflagellata","unassigned","unassigned","unassigned","unassigned","unassigned"
"ASV_486","Eukaryota","Archaeplastida","Picozoa","Picozoa_subdivision_1","Picomonadea","Picomonadea_X","Picomonadea_XX","Picomonadea_XXX","Picomonadea_XXX_sp."
"ASV_487","Eukaryota","Obazoa","Opisthokonta","Choanoflagellata","Choanoflagellatea","Acanthoecida","Stephanoecidae","Bicosta","Bicosta_minor"
"ASV_488","Eukaryota","TSAR","unassigned","unassigned","unassigned","unassigned","unassigned","unassigned","unassigned"
"ASV_489","Eukaryota","TSAR","Alveolata","Dinoflagellata","Syndiniales","Dino-Group-III","Dino-Group-III_X","Dino-Group-III_XX","Dino-Group-III_XX_sp."
"ASV_490","Eukaryota","TSAR","Alveolata","Dinoflagellata","Dinophyceae","Gymnodiniales","Gymnodiniaceae","Lepidodinium","Lepidodinium_viride"
"ASV_491","Eukaryota","TSAR","Stramenopiles","Bigyra","Opalozoa","Nanomonadea","MAST-3","MAST-3E","MAST-3E_sp."
"ASV_492","Eukaryota","TSAR","Alveolata","Dinoflagellata","Syndiniales","Dino-Group-II","Dino-Group-II-Clade-10-and-11","Dino-Group-II-Clade-10-and-11_X","Dino-Group-II-Clade-10-and-11_X_sp."
"ASV_493","Eukaryota","TSAR","Alveolata","Ciliophora","Spirotrichea","unassigned","unassigned","unassigned","unassigned"
"ASV_495","Eukaryota","TSAR","Alveolata","Dinoflagellata","Syndiniales","Dino-Group-III","Dino-Group-III_X","Dino-Group-III_XX","Dino-Group-III_XX_sp."
"ASV_497","Eukaryota","TSAR","Stramenopiles","Bigyra","Opalozoa","Nanomonadea","MAST-3","MAST-3E","MAST-3E_sp."
"ASV_499","Eukaryota","TSAR","Rhizaria","Cercozoa","Filosa-Thecofilosea","Ebriacea","TAGIRI1-lineage","TAGIRI1-lineage_X","TAGIRI1-lineage_X_sp."
"ASV_500","Eukaryota","TSAR","Alveolata","Dinoflagellata","Syndiniales","Dino-Group-II","Dino-Group-II-Clade-4","Dino-Group-II-Clade-4_X","Dino-Group-II-Clade-4_X_sp."
"ASV_501","Eukaryota","TSAR","Alveolata","Dinoflagellata","Dinophyceae","Peridiniales","Amphidomataceae","unassigned","unassigned"
"ASV_502","Eukaryota","TSAR","Alveolata","Ciliophora","Spirotrichea","Oligotrichida","Strombidiidae","unassigned","unassigned"
"ASV_503","Eukaryota","TSAR","Stramenopiles","Gyrista","unassigned","unassigned","unassigned","unassigned","unassigned"
"ASV_504","Eukaryota","TSAR","Alveolata","Dinoflagellata","Syndiniales","Dino-Group-I","Dino-Group-I-Clade-4","Dino-Group-I-Clade-4_X","Dino-Group-I-Clade-4_X_sp."
"ASV_506","Eukaryota","TSAR","Alveolata","Dinoflagellata","Syndiniales","Dino-Group-I","Dino-Group-I-Clade-4","Dino-Group-I-Clade-4_X","Dino-Group-I-Clade-4_X_sp."
"ASV_507","Eukaryota","TSAR","Stramenopiles","Bigyra","Sagenista","Sagenista_X","MAST-7","MAST-7B","MAST-7B_sp."
"ASV_508","Eukaryota","TSAR","Alveolata","Dinoflagellata","Syndiniales","Dino-Group-II","Dino-Group-II-Clade-4","Dino-Group-II-Clade-4_X","Dino-Group-II-Clade-4_X_sp."
"ASV_509","Eukaryota","TSAR","Alveolata","Dinoflagellata","Dinophyceae","Gymnodiniales","Gymnodiniaceae","unassigned","unassigned"
"ASV_510","Eukaryota","Obazoa","Opisthokonta","unassigned","unassigned","unassigned","unassigned","unassigned","unassigned"
"ASV_511","Eukaryota","TSAR","Alveolata","unassigned","unassigned","unassigned","unassigned","unassigned","unassigned"
"ASV_512","Eukaryota","Haptista","Haptophyta","Haptophyta_X","Prymnesiophyceae","unassigned","unassigned","unassigned","unassigned"
"ASV_513","Eukaryota","TSAR","Alveolata","Dinoflagellata","Syndiniales","Dino-Group-I","Dino-Group-I-Clade-4","Dino-Group-I-Clade-4_X","Dino-Group-I-Clade-4_X_sp."
"ASV_514","Eukaryota","TSAR","Alveolata","Dinoflagellata","Dinophyceae","Peridiniales","Amphidomataceae","Amphidoma","Amphidoma_fulgens"
"ASV_515","Eukaryota","TSAR","Alveolata","Dinoflagellata","Dinophyceae","Peridiniales","unassigned","unassigned","unassigned"
"ASV_517","Eukaryota","TSAR","Alveolata","Ciliophora","Spirotrichea","Oligotrichida","Oligotrichida_X","Oligotrichida_XX","Oligotrichida_XX_sp."
"ASV_518","Eukaryota","TSAR","Alveolata","Dinoflagellata","Dinophyceae","Gymnodiniales","Gymnodiniaceae","unassigned","unassigned"
"ASV_519","Eukaryota","TSAR","Stramenopiles","Gyrista","Bacillariophyceae","Rhaponeidales","Rhaphoneidaceae","unassigned","unassigned"
"ASV_521","Eukaryota","Archaeplastida","Chlorophyta","Chlorophyta_X","Trebouxiophyceae","Chlorellales","Chlorellales_X","Picochlorum","Picochlorum_sp."
"ASV_523","Eukaryota","TSAR","Alveolata","Dinoflagellata","Dinophyceae","Peridiniales","Protoperidiniaceae","Protoperidinium","Protoperidinium_monovelum"
"ASV_524","Eukaryota","TSAR","Stramenopiles","Gyrista","Mediophyceae","Chaetocerotales","Chaetocerotaceae","Chaetoceros","Chaetoceros_lorenzianus-2"
"ASV_525","Eukaryota","TSAR","Alveolata","Dinoflagellata","Dinophyceae","unassigned","unassigned","unassigned","unassigned"
"ASV_526","Eukaryota","Haptista","Haptophyta","Haptophyta_X","Prymnesiophyceae","Prymnesiales","Prymnesiaceae","Prymnesium","unassigned"
"ASV_527","Eukaryota","TSAR","Alveolata","Dinoflagellata","Dinophyceae","Gymnodiniales","Gymnodiniaceae","Gyrodinium","unassigned"
"ASV_528","Eukaryota","Cryptista","Cryptophyta","Cryptophyta_X","Cryptophyceae","Cryptomonadales","Cryptomonadales_X","Teleaulax","Teleaulax_acuta"
"ASV_529","Eukaryota","Haptista","Haptophyta","Haptophyta_X","Prymnesiophyceae","Prymnesiales","Chrysochromulinaceae","Chrysochromulina","Chrysochromulina_leadbeateri"
"ASV_530","Eukaryota","Obazoa","Opisthokonta","Choanoflagellata","Choanoflagellatea","Craspedida","Monosigidae_Group_M","Monosigidae_Group_M_X","Monosigidae_Group_M_X_sp."
"ASV_531","Eukaryota","TSAR","Stramenopiles","Gyrista","Bacillariophyceae","Bacillariales","Bacillariaceae","Fragilariopsis","Fragilariopsis_sublineata"
"ASV_532","Eukaryota:nucl","Cryptista:nucl","Cryptophyta:nucl","Cryptophyta_X:nucl","Cryptophyceae:nucl","Cryptomonadales:nucl","Cryptomonadales_X:nucl","Geminigera:nucl","Geminigera_cryophila:nucl"
"ASV_533","Eukaryota","TSAR","Alveolata","Dinoflagellata","Syndiniales","Dino-Group-I","Dino-Group-I-Clade-1","Dino-Group-I-Clade-1_X","Dino-Group-I-Clade-1_X_sp."
"ASV_534","Eukaryota","TSAR","Alveolata","Dinoflagellata","Syndiniales","Dino-Group-I","Dino-Group-I-Clade-1","Dino-Group-I-Clade-1_X","Dino-Group-I-Clade-1_X_sp."
"ASV_535","Eukaryota","TSAR","Alveolata","Ciliophora","Spirotrichea","Choreotrichida","Strobilidiidae","Pelagostrobilidium","Pelagostrobilidium_sp."
"ASV_537","Eukaryota","TSAR","Stramenopiles","Gyrista","Mediophyceae","Thalassiosirales","Thalassiosiraceae","Thalassiosira","Thalassiosira_tenera"
"ASV_538","Eukaryota","TSAR","Alveolata","Dinoflagellata","Syndiniales","Dino-Group-II","Dino-Group-II-Clade-10-and-11","Dino-Group-II-Clade-10-and-11_X","Dino-Group-II-Clade-10-and-11_X_sp."
"ASV_540","Eukaryota:nucl","Cryptista:nucl","Cryptophyta:nucl","Cryptophyta_X:nucl","Cryptophyceae:nucl","Cryptomonadales:nucl","Cryptomonadales_X:nucl","Geminigera:nucl","Geminigera_cryophila:nucl"
"ASV_541","Eukaryota","TSAR","Alveolata","Ciliophora","Spirotrichea","Oligotrichida","Oligotrichida_X","Oligotrichida_XX","Oligotrichida_XX_sp."
"ASV_542","Eukaryota","TSAR","Rhizaria","Cercozoa","Filosa-Thecofilosea","Cryomonadida","Cryothecomonas-lineage","Cryothecomonas","Cryothecomonas_aestivalis"
"ASV_545","Eukaryota","Archaeplastida","Chlorophyta","Chlorophyta_X","Pseudoscourfieldiophyceae","Pseudoscourfieldiales","Pseudoscourfieldiaceae","Pseudoscourfieldiaceae_X","Pseudoscourfieldiaceae_X_sp."
"ASV_548","Eukaryota","TSAR","Alveolata","Dinoflagellata","Dinophyceae","Peridiniales","Thoracosphaeraceae","Thoracosphaeraceae_X","Thoracosphaeraceae_X_sp."
"ASV_549","Eukaryota","TSAR","Alveolata","Dinoflagellata","Dinophyceae","Gymnodiniales","Gymnodiniaceae","Gyrodinium","Gyrodinium_dominans"
"ASV_550","Eukaryota","TSAR","Alveolata","Dinoflagellata","Syndiniales","Dino-Group-I","Dino-Group-I-Clade-1","Dino-Group-I-Clade-1_X","Dino-Group-I-Clade-1_X_sp."
"ASV_551","Eukaryota","TSAR","Alveolata","Dinoflagellata","Syndiniales","Dino-Group-II","Dino-Group-II-Clade-8","Dino-Group-II-Clade-8_X","Dino-Group-II-Clade-8_X_sp."
"ASV_556","Eukaryota","TSAR","Alveolata","Dinoflagellata","Syndiniales","Dino-Group-II","Dino-Group-II-Clade-4","Dino-Group-II-Clade-4_X","Dino-Group-II-Clade-4_X_sp."
"ASV_557","Eukaryota","TSAR","Alveolata","Dinoflagellata","Syndiniales","Dino-Group-II","Dino-Group-II-Clade-4","Dino-Group-II-Clade-4_X","Dino-Group-II-Clade-4_X_sp."
"ASV_558","Eukaryota","TSAR","Stramenopiles","Gyrista","Pelagophyceae","Pelagomonadales","Pelagomonadales_clade_A","Pelagomonadales_clade_A1","Pelagomonadales_clade_A1_sp."
"ASV_559","Eukaryota","TSAR","Stramenopiles","Gyrista","Mediophyceae","Thalassiosirales","Thalassiosiraceae","Thalassiosira","Thalassiosira_concaviuscula"
"ASV_560","Eukaryota","TSAR","Stramenopiles","Gyrista","Gyrista_X","Gyrista_XX","MAST-1","MAST-1C","MAST-1C_sp."
"ASV_563","Eukaryota","TSAR","Alveolata","Dinoflagellata","Syndiniales","Dino-Group-I","Dino-Group-I-Clade-4","Dino-Group-I-Clade-4_X","Dino-Group-I-Clade-4_X_sp."
"ASV_564","Eukaryota","Obazoa","Opisthokonta","Choanoflagellata","Choanoflagellatea","Acanthoecida","Acanthoecidae_Group_G","Calliacantha","Calliacantha_natans"
"ASV_565","Eukaryota","TSAR","Alveolata","Dinoflagellata","Dinophyceae","Gonyaulacales","Gonyaulacaceae","Spiniferites","Spiniferites_ramosus"
"ASV_566","Eukaryota","TSAR","Stramenopiles","Gyrista","Chrysophyceae","Paraphysomonadales","Paraphysomonadaceae","Paraphysomonas","Paraphysomonas_foraminifera"
"ASV_567","Eukaryota","TSAR","Stramenopiles","Gyrista","Pelagophyceae","Pelagomonadales","Pelagomonadaceae","Pelagococcus","Pelagococcus_subviridis"
"ASV_569","Eukaryota","TSAR","Alveolata","Dinoflagellata","Dinophyceae","Gymnodiniales","Gymnodiniaceae","Gyrodinium","Gyrodinium_rubrum"
"ASV_570","Eukaryota","TSAR","Alveolata","Dinoflagellata","Syndiniales","Dino-Group-II","Dino-Group-II-Clade-10-and-11","Dino-Group-II-Clade-10-and-11_X","Dino-Group-II-Clade-10-and-11_X_sp."
"ASV_571","Eukaryota","TSAR","Alveolata","Ciliophora","Ciliophora_X","Ciliophora_XX","Ciliophora_XXX","Cyclotrichium","Cyclotrichium_sp."
"ASV_572","Eukaryota","TSAR","Alveolata","Dinoflagellata","unassigned","unassigned","unassigned","unassigned","unassigned"
"ASV_573","Eukaryota","TSAR","Stramenopiles","Bigyra","Opalozoa","Nanomonadea","MAST-3","MAST-3I","MAST-3I_sp."
"ASV_574","Eukaryota","TSAR","Stramenopiles","Bigyra","unassigned","unassigned","unassigned","unassigned","unassigned"
"ASV_575","Eukaryota","Excavata","Discoba","Euglenozoa","Diplonemea","Diplonemida","Diplonemidae","Lacrimia","unassigned"
"ASV_577","Eukaryota","TSAR","Alveolata","Ciliophora","Spirotrichea","Oligotrichida","Oligotrichida_X","Oligotrichida_XX","Oligotrichida_XX_sp."
"ASV_578","Eukaryota","TSAR","Stramenopiles","unassigned","unassigned","unassigned","unassigned","unassigned","unassigned"
"ASV_579","Eukaryota","Cryptista","Cryptophyta","Cryptophyta_X","Cryptophyceae","Cryptomonadales","Cryptomonadales_X","Teleaulax","Teleaulax_amphioxeia"
"ASV_580","Eukaryota","TSAR","Alveolata","Ciliophora","Spirotrichea","unassigned","unassigned","unassigned","unassigned"
"ASV_581","Eukaryota","TSAR","Alveolata","Dinoflagellata","Syndiniales","Dino-Group-I","Dino-Group-I-Clade-5","Dino-Group-I-Clade-5_X","Dino-Group-I-Clade-5_X_sp."
"ASV_582","Eukaryota","TSAR","Telonemia","Telonemia_X","Telonemia_XX","Telonemia_XXX","Telonemia-Group-2","Telonema-Group-2","Telonema_antarcticum"
"ASV_583","Eukaryota","TSAR","Alveolata","Dinoflagellata","Dinophyceae","unassigned","unassigned","unassigned","unassigned"
"ASV_584","Eukaryota","TSAR","Alveolata","Dinoflagellata","Dinophyceae","Gonyaulacales","Gonyaulacaceae","Spiniferites","Spiniferites_ramosus"
"ASV_585","Eukaryota:nucl","Cryptista:nucl","Cryptophyta:nucl","Cryptophyta_X:nucl","Cryptophyceae:nucl","Cryptomonadales:nucl","Cryptomonadales_X:nucl","Geminigera:nucl","Geminigera_cryophila:nucl"
"ASV_586","Eukaryota","TSAR","Rhizaria","Cercozoa","Filosa-Thecofilosea","Cryomonadida","Cryothecomonas-lineage","Cryothecomonas","Cryothecomonas_sp."
"ASV_587","Eukaryota","TSAR","Stramenopiles","Gyrista","Mediophyceae","Chaetocerotales","Chaetocerotaceae","Chaetoceros","Chaetoceros_socialis"
"ASV_588","Eukaryota","Archaeplastida","Picozoa","Picozoa_subdivision_1","Picomonadea","Picomonadida","Picomonadidae","Picomonas","Picomonas_sp."
"ASV_589","Eukaryota","Haptista","Haptophyta","Haptophyta_X","Prymnesiophyceae","Prymnesiales","Chrysochromulinaceae","Chrysochromulina","Chrysochromulina_sp."
"ASV_591","Eukaryota","Obazoa","Opisthokonta","Choanoflagellata","Choanoflagellatea","Acanthoecida","Acanthoecidae_Group_G","Calliacantha","Calliacantha_natans"
"ASV_592","Eukaryota","TSAR","Rhizaria","Cercozoa","Filosa-Imbricatea","Filosa-Imbricatea_X","Novel-clade-2","Novel-clade-2_X","Novel-clade-2_X_sp."
"ASV_593","Eukaryota","TSAR","Alveolata","Ciliophora","Litostomatea","unassigned","unassigned","unassigned","unassigned"
"ASV_594","Eukaryota","TSAR","Alveolata","Dinoflagellata","Dinophyceae","Peridiniales","unassigned","unassigned","unassigned"
"ASV_595","Eukaryota","TSAR","Alveolata","Dinoflagellata","Syndiniales","Dino-Group-I","Dino-Group-I-Clade-1","Dino-Group-I-Clade-1_X","Dino-Group-I-Clade-1_X_sp."
"ASV_596","Eukaryota","TSAR","Stramenopiles","Gyrista","Gyrista_X","Gyrista_XX","MAST-1","MAST-1C","MAST-1C_sp."
"ASV_597","Eukaryota","TSAR","Alveolata","Dinoflagellata","Syndiniales","Dino-Group-I","Dino-Group-I-Clade-4","Dino-Group-I-Clade-4_X","Dino-Group-I-Clade-4_X_sp."
"ASV_600","Eukaryota","Archaeplastida","Picozoa","Picozoa_subdivision_1","unassigned","unassigned","unassigned","unassigned","unassigned"
"ASV_601","Eukaryota","Haptista","Haptophyta","Haptophyta_X","Prymnesiophyceae","Phaeocystales","Phaeocystaceae","Phaeocystis","Phaeocystis_cordata"
"ASV_602","Eukaryota","Archaeplastida","Chlorophyta","Chlorophyta_X","Chloropicophyceae","Chloropicales","Chloropicaceae","Chloropicon","Chloropicon_roscoffensis"
"ASV_604","Eukaryota","TSAR","Rhizaria","Cercozoa","Filosa-Thecofilosea","Cryomonadida","Protaspa-lineage","Protaspa","Protaspa_longipes"
"ASV_605","Eukaryota","Cryptista","Kathablepharidacea","Kathablepharida","Kathablepharidea","Kathablepharidida","Kathablepharidida_X","Kathablepharis","Kathablepharis_japonica"
"ASV_606","Eukaryota","TSAR","Alveolata","Dinoflagellata","Dinophyceae","unassigned","unassigned","unassigned","unassigned"
"ASV_608","Eukaryota","Haptista","Haptophyta","Haptophyta_X","Prymnesiophyceae","Prymnesiales","Chrysochromulinaceae","Chrysochromulina","Chrysochromulina_simplex"
"ASV_609","Eukaryota","TSAR","Stramenopiles","Gyrista","Dictyochophyceae","Dictyochophyceae_X","Dictyochales","Dictyocha","Dictyocha_sp."
"ASV_610","Eukaryota","Haptista","Haptophyta","Haptophyta_X","Prymnesiophyceae","Prymnesiales","Chrysochromulinaceae","Chrysochromulina","Chrysochromulina_sp."
"ASV_612","Eukaryota","TSAR","Alveolata","Dinoflagellata","Dinophyceae","Gymnodiniales","Gymnodiniaceae","Gyrodinium","Gyrodinium_helveticum"
"ASV_613","Eukaryota","TSAR","Alveolata","Ciliophora","Spirotrichea","Oligotrichida","unassigned","unassigned","unassigned"
"ASV_615","Eukaryota","TSAR","Rhizaria","Cercozoa","Filosa-Thecofilosea","Cryomonadida","Protaspa-lineage","Protaspa","Protaspa_longipes"
"ASV_616","Eukaryota","TSAR","Alveolata","Dinoflagellata","Syndiniales","Dino-Group-II","Dino-Group-II-Clade-1","Dino-Group-II-Clade-1_X","Dino-Group-II-Clade-1_X_sp."
"ASV_618","Eukaryota","TSAR","Alveolata","Ciliophora","Spirotrichea","Oligotrichida","Strombidiidae","Strombidium","Strombidium_paracapitatum"
"ASV_620","Eukaryota","TSAR","Alveolata","Dinoflagellata","Dinophyceae","Prorocentrales","Prorocentraceae","Prorocentrum","unassigned"
"ASV_621","Eukaryota","TSAR","Stramenopiles","Gyrista","Mediophyceae","Thalassiosirales","Thalassiosiraceae","Thalassiosira","unassigned"
"ASV_622","Eukaryota","TSAR","Alveolata","unassigned","unassigned","unassigned","unassigned","unassigned","unassigned"
"ASV_625","Eukaryota","TSAR","Alveolata","Ciliophora","Spirotrichea","Oligotrichida","Strombidiidae","unassigned","unassigned"
"ASV_626","Eukaryota","TSAR","Stramenopiles","Gyrista","Mediophyceae","Thalassiosirales","Thalassiosiraceae","Thalassiosira","Thalassiosira_sp."
"ASV_627","Eukaryota","TSAR","Alveolata","Ciliophora","Spirotrichea","Choreotrichida","unassigned","unassigned","unassigned"
"ASV_629","Eukaryota","Archaeplastida","Picozoa","Picozoa_subdivision_1","Picomonadea","Picomonadida","Picomonadidae","Picomonas","Picomonas_judraskeda"
"ASV_630","Eukaryota","TSAR","Alveolata","Dinoflagellata","Syndiniales","Dino-Group-I","Dino-Group-I-Clade-5","Dino-Group-I-Clade-5_X","Dino-Group-I-Clade-5_X_sp."
"ASV_631","Eukaryota","TSAR","Alveolata","Dinoflagellata","Syndiniales","Dino-Group-I","Dino-Group-I-Clade-1","Dino-Group-I-Clade-1_X","Dino-Group-I-Clade-1_X_sp."
"ASV_632","Eukaryota","TSAR","Alveolata","Dinoflagellata","Dinophyceae","Peridiniales","Heterocapsaceae","Heterocapsa","unassigned"
"ASV_633","Eukaryota","Archaeplastida","Chlorophyta","Chlorophyta_X","Mamiellophyceae","Mamiellales","Mamiellaceae","Micromonas","Micromonas_pusilla"
"ASV_634","Eukaryota","TSAR","Alveolata","Dinoflagellata","unassigned","unassigned","unassigned","unassigned","unassigned"
"ASV_635","Eukaryota","TSAR","Alveolata","Dinoflagellata","Dinophyceae","Peridiniales","unassigned","unassigned","unassigned"
"ASV_636","Eukaryota","TSAR","Alveolata","Ciliophora","Spirotrichea","Oligotrichida","Oligotrichida_X","Oligotrichida_XX","Oligotrichida_XX_sp."
"ASV_637","Eukaryota","TSAR","Alveolata","Dinoflagellata","Dinophyceae","Prorocentrales","Prorocentraceae","Prorocentrum","Prorocentrum_sp."
"ASV_638","Eukaryota","TSAR","Alveolata","Ciliophora","Spirotrichea","unassigned","unassigned","unassigned","unassigned"
"ASV_639","Eukaryota","TSAR","Stramenopiles","Gyrista","unassigned","unassigned","unassigned","unassigned","unassigned"
"ASV_641","Eukaryota","TSAR","Stramenopiles","Gyrista","Mediophyceae","Thalassiosirales","Stephanodiscaceae","Cyclotella","Cyclotella_choctawhatcheeana"
"ASV_642","Eukaryota","TSAR","Alveolata","Dinoflagellata","Dinophyceae","Dinophyceae_X","Dinophyceae_XX","Dinophyceae_XXX","Dinophyceae_XXX_sp."
"ASV_643","Eukaryota","TSAR","Alveolata","unassigned","unassigned","unassigned","unassigned","unassigned","unassigned"
"ASV_645","Eukaryota","TSAR","Alveolata","unassigned","unassigned","unassigned","unassigned","unassigned","unassigned"
"ASV_646","Eukaryota","TSAR","Alveolata","Dinoflagellata","Syndiniales","Dino-Group-II","Dino-Group-II-Clade-10-and-11","Dino-Group-II-Clade-10-and-11_X","Dino-Group-II-Clade-10-and-11_X_sp."
"ASV_648","Eukaryota","TSAR","Alveolata","Dinoflagellata","Syndiniales","Dino-Group-II","Dino-Group-II-Clade-10-and-11","Dino-Group-II-Clade-10-and-11_X","Dino-Group-II-Clade-10-and-11_X_sp."
"ASV_649","Eukaryota","Archaeplastida","Chlorophyta","Chlorophyta_X","Mamiellophyceae","Mamiellales","Mamiellaceae","Micromonas","Micromonas_commoda_A1"
"ASV_651","Eukaryota","TSAR","Alveolata","Dinoflagellata","Dinophyceae","Gymnodiniales","Gymnodiniaceae","unassigned","unassigned"
"ASV_653","Eukaryota","Haptista","Haptophyta","Haptophyta_X","Prymnesiophyceae","Phaeocystales","Phaeocystaceae","Phaeocystis","Phaeocystis_cordata"
"ASV_654","Eukaryota","TSAR","Telonemia","Telonemia_X","Telonemia_XX","Telonemia_XXX","Telonemia-Group-2","Telonemia-Group-2_X","Telonemia-Group-2_X_sp."
"ASV_656","Eukaryota","TSAR","Alveolata","Dinoflagellata","Syndiniales","Dino-Group-II","Dino-Group-II-Clade-6","Dino-Group-II-Clade-6_X","Dino-Group-II-Clade-6_X_sp."
"ASV_657","Eukaryota","TSAR","Stramenopiles","Gyrista","Pelagophyceae","Pelagomonadales","Pelagomonadaceae","Aureococcus","Aureococcus_anophagefferens"
"ASV_658","Eukaryota","TSAR","Alveolata","Dinoflagellata","Syndiniales","Dino-Group-II","Dino-Group-II-Clade-7","Dino-Group-II-Clade-7_X","Dino-Group-II-Clade-7_X_sp."
"ASV_659","Eukaryota","TSAR","Alveolata","Dinoflagellata","Syndiniales","Dino-Group-II","Dino-Group-II-Clade-4","Dino-Group-II-Clade-4_X","Dino-Group-II-Clade-4_X_sp."
"ASV_660","Eukaryota","TSAR","Alveolata","Dinoflagellata","Dinophyceae","Gymnodiniales","Gymnodiniaceae","Gyrodinium","Gyrodinium_fusiforme"
"ASV_661","Eukaryota","Archaeplastida","Chlorophyta","Chlorophyta_X","Chloropicophyceae","Chloropicales","Chloropicaceae","Chloroparvula","Chloroparvula_pacifica"
"ASV_663","Eukaryota","Cryptista","Cryptophyta","Cryptophyta_X","Cryptophyceae","Cryptomonadales","Cryptomonadales_X","Teleaulax","unassigned"
"ASV_664","Eukaryota","TSAR","Stramenopiles","Gyrista","unassigned","unassigned","unassigned","unassigned","unassigned"
"ASV_665","Eukaryota","TSAR","Stramenopiles","Gyrista","Gyrista_X","Gyrista_XX","MAST-1","MAST-1A","MAST-1A_sp."
"ASV_666","Eukaryota","Haptista","Haptophyta","Haptophyta_X","Prymnesiophyceae","Prymnesiales","Chrysochromulinaceae","Chrysochromulina","Chrysochromulina_sp."
"ASV_667","Eukaryota","Archaeplastida","Chlorophyta","Chlorophyta_X","Chloropicophyceae","Chloropicales","Chloropicaceae","Chloroparvula","Chloroparvula_pacifica"
"ASV_669","Eukaryota","TSAR","Alveolata","Dinoflagellata","Syndiniales","Dino-Group-II","Dino-Group-II-Clade-1","Dino-Group-II-Clade-1_X","Dino-Group-II-Clade-1_X_sp."
"ASV_671","Eukaryota","TSAR","Rhizaria","Cercozoa","Filosa-Imbricatea","Filosa-Imbricatea_X","Filosa-Imbricatea_XX","Quadricilia","Quadricilia_rotundata"
"ASV_672","Eukaryota","TSAR","Alveolata","Dinoflagellata","Dinophyceae","unassigned","unassigned","unassigned","unassigned"
"ASV_673","Eukaryota","TSAR","Alveolata","Dinoflagellata","Syndiniales","Dino-Group-II","unassigned","unassigned","unassigned"
"ASV_674","Eukaryota","TSAR","Stramenopiles","Bigyra","Opalozoa","Opalozoa_X","MAST-12","MAST-12D","MAST-12D_sp."
"ASV_675","Eukaryota","TSAR","Stramenopiles","Gyrista","Pelagophyceae","Pelagomonadales","Pelagomonadaceae","Pelagomonadaceae_clade_C","Pelagomonadaceae_clade_C_sp."
"ASV_676","Eukaryota","TSAR","Alveolata","Dinoflagellata","Syndiniales","Dino-Group-I","Dino-Group-I-Clade-5","Dino-Group-I-Clade-5_X","Dino-Group-I-Clade-5_X_sp."
"ASV_677","Eukaryota","TSAR","Alveolata","Dinoflagellata","Dinophyceae","Gymnodiniales","Gymnodiniaceae","unassigned","unassigned"
"ASV_678","Eukaryota","TSAR","Stramenopiles","Gyrista","MOCH-3","MOCH-3_X","MOCH-3_XX","MOCH-3_XXX","MOCH-3_XXX_sp."
"ASV_680","Eukaryota","TSAR","Alveolata","Dinoflagellata","Dinophyceae","Peridiniales","unassigned","unassigned","unassigned"
"ASV_681","Eukaryota","TSAR","Rhizaria","Cercozoa","Filosa-Thecofilosea","Cryomonadida","unassigned","unassigned","unassigned"
"ASV_682","Eukaryota","TSAR","Stramenopiles","Gyrista","Bacillariophyceae","Bacillariales","Bacillariaceae","Pseudo-nitzschia","Pseudo-nitzschia_cuspidata"
"ASV_683","Eukaryota","TSAR","Alveolata","Dinoflagellata","Dinophyceae","Gymnodiniales","Gymnodiniaceae","unassigned","unassigned"
"ASV_684","Eukaryota","TSAR","Stramenopiles","Gyrista","Mediophyceae","Thalassiosirales","Thalassiosiraceae","Thalassiosira","Thalassiosira_oceanica"
"ASV_687","Eukaryota","TSAR","Alveolata","Dinoflagellata","unassigned","unassigned","unassigned","unassigned","unassigned"
"ASV_689","Eukaryota","TSAR","Alveolata","Dinoflagellata","Dinophyceae","Gymnodiniales","Warnowiaceae","Warnowia","Warnowia_parva"
"ASV_690","Eukaryota","TSAR","Alveolata","Ciliophora","Spirotrichea","Choreotrichida","Strobilidiidae","Pelagostrobilidium","Pelagostrobilidium_neptuni"
"ASV_691","Eukaryota","TSAR","Rhizaria","Cercozoa","Filosa-Thecofilosea","Ebriacea","TAGIRI1-lineage","TAGIRI1-lineage_X","TAGIRI1-lineage_X_sp."
"ASV_693","Eukaryota","TSAR","Stramenopiles","Bigyra","Sagenista","Labyrinthulomycetes","Labyrinthulaceae","Aplanochytrium","Aplanochytrium_sp."
"ASV_694","Eukaryota","TSAR","unassigned","unassigned","unassigned","unassigned","unassigned","unassigned","unassigned"
"ASV_695","Eukaryota:nucl","Cryptista:nucl","Cryptophyta:nucl","Cryptophyta_X:nucl","Cryptophyceae:nucl","Cryptomonadales:nucl","Cryptomonadales_X:nucl","Geminigera:nucl","Geminigera_cryophila:nucl"
"ASV_696","Eukaryota","TSAR","Alveolata","Ciliophora","Spirotrichea","Oligotrichida","Strombidiidae","unassigned","unassigned"
"ASV_697","Eukaryota","TSAR","Alveolata","Dinoflagellata","Syndiniales","Dino-Group-II","Dino-Group-II-Clade-13","Dino-Group-II-Clade-13_X","Dino-Group-II-Clade-13_X_sp."
"ASV_698","Eukaryota","TSAR","Alveolata","Dinoflagellata","Dinophyceae","unassigned","unassigned","unassigned","unassigned"
"ASV_700","Eukaryota","TSAR","Alveolata","Dinoflagellata","Syndiniales","Dino-Group-I","Dino-Group-I-Clade-4","Dino-Group-I-Clade-4_X","Dino-Group-I-Clade-4_X_sp."
"ASV_701","Eukaryota","TSAR","Stramenopiles","Gyrista","Pelagophyceae","Pelagomonadales","Pelagomonadaceae","Pelagomonas","Pelagomonas_calceolata"
"ASV_702","Eukaryota","Haptista","Haptophyta","Haptophyta_X","Prymnesiophyceae","Prymnesiales","Chrysochromulinaceae","Chrysochromulina","Chrysochromulina_rotalis"
"ASV_704","Eukaryota","Archaeplastida","Chlorophyta","Chlorophyta_X","Mamiellophyceae","Mamiellales","Mamiellaceae","Micromonas","Micromonas_bravo_B1"
"ASV_705","Eukaryota","TSAR","Alveolata","Ciliophora","Prostomatea","Prorodontida","Urotrichidae","Halodinium","Halodinium_verrucatum"
"ASV_706","Eukaryota","TSAR","Stramenopiles","Gyrista","Peronosporomycetes","Peronosporomycetes_X","Haliphthorales","unassigned","unassigned"
"ASV_707","Eukaryota","Archaeplastida","Chlorophyta","Chlorophyta_X","Pyramimonadophyceae","Pyramimonadales","Pyramimonadales_X","Pyramimonadales_XX","Pyramimonadales_XX_sp."
"ASV_708","Eukaryota","TSAR","Alveolata","Ciliophora","Spirotrichea","Choreotrichida-Tintinnina","Xystonellidae","Parafavella","unassigned"
"ASV_709","Eukaryota","TSAR","Alveolata","Dinoflagellata","Syndiniales","Dino-Group-II","Dino-Group-II-Clade-13","Dino-Group-II-Clade-13_X","Dino-Group-II-Clade-13_X_sp."
"ASV_711","Eukaryota","TSAR","Alveolata","Ciliophora","Spirotrichea","Oligotrichida","Tontoniidae","Pseudotontonia","Pseudotontonia_sp."
"ASV_713","Eukaryota","TSAR","Alveolata","Dinoflagellata","Dinophyceae","unassigned","unassigned","unassigned","unassigned"
"ASV_714","Eukaryota","TSAR","Alveolata","Dinoflagellata","Dinophyceae","Gymnodiniales","Gymnodiniaceae","Gyrodinium","Gyrodinium_fusiforme"
"ASV_715","Eukaryota","TSAR","Stramenopiles","Gyrista","Bacillariophyceae","unassigned","unassigned","unassigned","unassigned"
"ASV_716","Eukaryota","TSAR","Stramenopiles","Gyrista","Coscinodiscophyceae","Rhizosoleniales","Rhizosoleniaceae","Guinardia","Guinardia_delicatula"
"ASV_717","Eukaryota","TSAR","Stramenopiles","unassigned","unassigned","unassigned","unassigned","unassigned","unassigned"
"ASV_718","Eukaryota","TSAR","Stramenopiles","Gyrista","Mediophyceae","Chaetocerotales","Chaetocerotaceae","Chaetoceros","unassigned"
"ASV_722","Eukaryota","TSAR","Alveolata","Dinoflagellata","Dinophyceae","Gymnodiniales","Gymnodiniaceae","Gyrodinium","Gyrodinium_fusiforme"
"ASV_725","Eukaryota","TSAR","Alveolata","Dinoflagellata","Dinophyceae","unassigned","unassigned","unassigned","unassigned"
"ASV_726","Eukaryota","TSAR","Stramenopiles","Bigyra","Opalozoa","Nanomonadea","MAST-3","MAST-3F","MAST-3F_sp."
"ASV_727","Eukaryota","TSAR","Alveolata","Ciliophora","Spirotrichea","unassigned","unassigned","unassigned","unassigned"
"ASV_729","Eukaryota","TSAR","Stramenopiles","Bigyra","Sagenista","Sagenista_X","MAST-7","unassigned","unassigned"
"ASV_730","Eukaryota","TSAR","Stramenopiles","Bigyra","Bicoecea","Anoecales","Cafeteriaceae","Cafeteria","Cafeteria_burkhardae"
"ASV_731","Eukaryota","TSAR","Alveolata","Dinoflagellata","Dinophyceae","Suessiales","Suessiaceae","Polarella","Polarella_glacialis"
"ASV_732","Eukaryota","TSAR","Alveolata","Dinoflagellata","Dinophyceae","Gymnodiniales","Gymnodiniaceae","unassigned","unassigned"
"ASV_733","Eukaryota","TSAR","Alveolata","Ciliophora","Spirotrichea","Oligotrichida","Tontoniidae","Tontoniidae_X","Tontoniidae_X_sp."
"ASV_734","Eukaryota","Haptista","Haptophyta","Haptophyta_X","Prymnesiophyceae","Prymnesiales","Chrysochromulinaceae","Chrysochromulina","Chrysochromulina_sp."
"ASV_736","Eukaryota","Obazoa","Opisthokonta","unassigned","unassigned","unassigned","unassigned","unassigned","unassigned"
"ASV_737","Eukaryota","TSAR","Stramenopiles","Gyrista","Bacillariophyceae","Bacillariales","Bacillariaceae","Nitzschia","unassigned"
"ASV_738","Eukaryota","TSAR","Alveolata","Dinoflagellata","Syndiniales","Dino-Group-II","Dino-Group-II-Clade-4","Dino-Group-II-Clade-4_X","Dino-Group-II-Clade-4_X_sp."
"ASV_739","Eukaryota","TSAR","Rhizaria","Cercozoa","Filosa-Thecofilosea","unassigned","unassigned","unassigned","unassigned"
"ASV_740","Eukaryota","Haptista","Haptophyta","Haptophyta_X","Prymnesiophyceae","Prymnesiales","Prymnesiaceae","Prymnesium","Prymnesium_sp."
"ASV_741","Eukaryota","TSAR","Alveolata","Dinoflagellata","Syndiniales","Dino-Group-III","Dino-Group-III_X","Dino-Group-III_XX","Dino-Group-III_XX_sp."
"ASV_742","Eukaryota","TSAR","Alveolata","Dinoflagellata","Syndiniales","Dino-Group-I","Dino-Group-I-Clade-5","Dino-Group-I-Clade-5_X","Dino-Group-I-Clade-5_X_sp."
"ASV_743","Eukaryota","TSAR","Alveolata","Dinoflagellata","Syndiniales","Dino-Group-I","Dino-Group-I-Clade-4","Dino-Group-I-Clade-4_X","Dino-Group-I-Clade-4_X_sp."
"ASV_744","Eukaryota","TSAR","Alveolata","Dinoflagellata","Dinophyceae","Dinophyceae_X","Dinophyceae_XX","Dinophyceae_XXX","Dinophyceae_XXX_sp."
"ASV_745","Eukaryota","TSAR","Alveolata","Dinoflagellata","unassigned","unassigned","unassigned","unassigned","unassigned"
"ASV_746","Eukaryota","Obazoa","Opisthokonta","Choanoflagellata","Choanoflagellatea","Craspedida","Monosigidae_Group_B","Monosigidae_Group_B_X","Monosigidae_Group_B_X_sp."
"ASV_747","Eukaryota","TSAR","Alveolata","Dinoflagellata","Dinophyceae","Peridiniales","unassigned","unassigned","unassigned"
"ASV_748","Eukaryota","TSAR","Stramenopiles","Gyrista","Bolidophyceae","Parmales","Parmales_env_2","Parmales_env_2_X","Parmales_env_2_X_sp."
"ASV_749","Eukaryota","TSAR","Alveolata","Dinoflagellata","Syndiniales","Dino-Group-I","Dino-Group-I-Clade-1","Dino-Group-I-Clade-1_X","Dino-Group-I-Clade-1_X_sp."
"ASV_750","Eukaryota","TSAR","Stramenopiles","Bigyra","Sagenista","Sagenista_X","MAST-8","MAST-8B","MAST-8B_sp."
"ASV_751","Eukaryota","Cryptista","Cryptophyta","Cryptophyta_X","Cryptophyceae","Pyrenomonadales","Pyrenomonadaceae","Rhodomonas","unassigned"
"ASV_752","Eukaryota","TSAR","Alveolata","Ciliophora","CONThreeP","CONThreeP_X","Discotrichidae","unassigned","unassigned"
"ASV_754","Eukaryota","TSAR","Stramenopiles","Gyrista","Mediophyceae","Thalassiosirales","Thalassiosiraceae","Minidiscus","Minidiscus_variabilis"
"ASV_755","Eukaryota","TSAR","Alveolata","Dinoflagellata","Syndiniales","Dino-Group-I","Dino-Group-I-Clade-4","Dino-Group-I-Clade-4_X","Dino-Group-I-Clade-4_X_sp."
"ASV_756","Eukaryota","TSAR","Alveolata","Dinoflagellata","Dinophyceae","Gymnodiniales","Gymnodiniaceae","Gyrodinium","Gyrodinium_rubrum"
"ASV_757","Eukaryota","TSAR","Alveolata","Dinoflagellata","Syndiniales","Dino-Group-I","Dino-Group-I-Clade-4","Dino-Group-I-Clade-4_X","Dino-Group-I-Clade-4_X_sp."
"ASV_758","Eukaryota","TSAR","Alveolata","Apicomplexa","Gregarinomorphea","Eugregarinorida","Porosporidae","Porosporidae_X","Porosporidae_X_sp."
"ASV_759","Eukaryota","TSAR","Alveolata","Ciliophora","Spirotrichea","Oligotrichida","unassigned","unassigned","unassigned"
"ASV_761","Eukaryota","TSAR","Stramenopiles","Gyrista","Mediophyceae","Thalassiosirales","unassigned","unassigned","unassigned"
"ASV_762","Eukaryota","TSAR","Alveolata","Dinoflagellata","Dinophyceae","Gonyaulacales","Ceratiaceae","Tripos","Tripos_furca"
"ASV_763","Eukaryota","TSAR","Stramenopiles","Bigyra","Sagenista","Labyrinthulomycetes","Thraustochytriaceae","unassigned","unassigned"
"ASV_765","Eukaryota","TSAR","Stramenopiles","Bigyra","Sagenista","Labyrinthulomycetes","Labyrinthulaceae","Aplanochytrium","Aplanochytrium_sp."
"ASV_766","Eukaryota","TSAR","Alveolata","Ciliophora","Spirotrichea","Oligotrichida","Strombidiidae","Strombidium","Strombidium_paracapitatum"
"ASV_767","Eukaryota","TSAR","Alveolata","Dinoflagellata","Dinophyceae","unassigned","unassigned","unassigned","unassigned"
"ASV_768","Eukaryota","TSAR","Alveolata","Dinoflagellata","Dinophyceae","unassigned","unassigned","unassigned","unassigned"
"ASV_769","Eukaryota","TSAR","Stramenopiles","Gyrista","Pelagophyceae","Pelagomonadales","Pelagomonadaceae","Aureococcus","Aureococcus_anophagefferens"
"ASV_770","Eukaryota","TSAR","Alveolata","Dinoflagellata","Dinophyceae","Peridiniales","Protoperidiniaceae","Protoperidinium","Protoperidinium_sp."
"ASV_771","Eukaryota","TSAR","Stramenopiles","Gyrista","Gyrista_X","Gyrista_XX","MAST-1","MAST-1C","MAST-1C_sp."
"ASV_772","Eukaryota","TSAR","Alveolata","Dinoflagellata","Syndiniales","Dino-Group-II","unassigned","unassigned","unassigned"
"ASV_773","Eukaryota","Haptista","Haptophyta","Haptophyta_X","Prymnesiophyceae","Prymnesiophyceae_Clade_F","Prymnesiophyceae_Clade_F_X","Prymnesiophyceae_Clade_F_XX","Prymnesiophyceae_Clade_F_XX_sp."
"ASV_775","Eukaryota","TSAR","Alveolata","Ciliophora","Spirotrichea","Choreotrichida-Tintinnina","unassigned","unassigned","unassigned"
"ASV_776","Eukaryota","Haptista","Haptophyta","Haptophyta_X","Prymnesiophyceae","Prymnesiales","Prymnesiophyceae_Clade_B3","Prymnesiophyceae_Clade_B3_X","Prymnesiophyceae_Clade_B3_X_sp."
"ASV_777","Eukaryota","TSAR","Stramenopiles","Gyrista","Peronosporomycetes","Peronosporomycetes_X","unassigned","unassigned","unassigned"
"ASV_778","Eukaryota","TSAR","Stramenopiles","Gyrista","unassigned","unassigned","unassigned","unassigned","unassigned"
"ASV_779","Eukaryota","TSAR","Stramenopiles","unassigned","unassigned","unassigned","unassigned","unassigned","unassigned"
"ASV_780","Eukaryota","TSAR","Alveolata","Dinoflagellata","Syndiniales","Dino-Group-II","Dino-Group-II-Clade-1","Dino-Group-II-Clade-1_X","Dino-Group-II-Clade-1_X_sp."
"ASV_781","Eukaryota","Cryptista","unassigned","unassigned","unassigned","unassigned","unassigned","unassigned","unassigned"
"ASV_782","Eukaryota","TSAR","Telonemia","Telonemia_X","Telonemia_XX","Telonemia_XXX","Telonemia-Group-2","Telonemia-Group-2_X","Telonemia-Group-2_X_sp."
"ASV_783","Eukaryota","Archaeplastida","Picozoa","Picozoa_subdivision_1","Picomonadea","Picomonadida","Picomonadidae","Picomonas","Picomonas_judraskeda"
"ASV_784","Eukaryota","TSAR","Alveolata","Dinoflagellata","Dinophyceae","Gonyaulacales","Gonyaulacaceae","Gonyaulax","Gonyaulax_membranaceae"
"ASV_785","Eukaryota","TSAR","Stramenopiles","Bigyra","Sagenista","Pseudophyllomitidae","MAST-6","MAST-6_X","MAST-6_X_sp."
"ASV_786","Eukaryota","TSAR","Alveolata","Ciliophora","Spirotrichea","Choreotrichida-Tintinnina","Tintinnidae","Tintinnidae_X","Tintinnidae_X_sp."
"ASV_787","Eukaryota","TSAR","Alveolata","Dinoflagellata","Dinophyceae","Gymnodiniales","Gymnodiniaceae","Gyrodinium","unassigned"
"ASV_788","Eukaryota","Archaeplastida","Chlorophyta","Chlorophyta_X","unassigned","unassigned","unassigned","unassigned","unassigned"
"ASV_789","Eukaryota","Cryptista","Kathablepharidacea","Kathablepharida","Kathablepharidea","Kathablepharidida","Kathablepharidida_X","unassigned","unassigned"
"ASV_790","Eukaryota","TSAR","Rhizaria","Cercozoa","Filosa-Thecofilosea","Filosa-Thecofilosea_X","Mataza-lineage","Mataza-lineage_X","Mataza-lineage_X_sp."
"ASV_791","Eukaryota","TSAR","Stramenopiles","Bigyra","Sagenista","Sagenista_X","MAST-7","MAST-7C","MAST-7C_sp."
"ASV_792","Eukaryota","TSAR","Alveolata","Ciliophora","Spirotrichea","Oligotrichida","unassigned","unassigned","unassigned"
"ASV_793","Eukaryota","TSAR","Alveolata","Ciliophora","Spirotrichea","Choreotrichida-Tintinnina","Tintinnidae","Amphorellopsis","Amphorellopsis_acuta"
"ASV_794","Eukaryota","TSAR","Alveolata","Ciliophora","CONThreeP","CONThreeP_X","Discotrichidae","NASSO_1","NASSO_1_sp."
"ASV_796","Eukaryota","TSAR","Alveolata","Dinoflagellata","Syndiniales","Dino-Group-II","Dino-Group-II-Clade-10-and-11","Dino-Group-II-Clade-10-and-11_X","Dino-Group-II-Clade-10-and-11_X_sp."
"ASV_797","Eukaryota","TSAR","Alveolata","Dinoflagellata","Dinophyceae","unassigned","unassigned","unassigned","unassigned"
"ASV_798","Eukaryota","TSAR","Alveolata","Dinoflagellata","Syndiniales","Dino-Group-III","Dino-Group-III_X","Dino-Group-III_XX","Dino-Group-III_XX_sp."
"ASV_799","Eukaryota","TSAR","Stramenopiles","Gyrista","unassigned","unassigned","unassigned","unassigned","unassigned"
"ASV_800","Eukaryota","Haptista","Haptophyta","Haptophyta_X","Prymnesiophyceae","Prymnesiales","Chrysochromulinaceae","Chrysochromulina","Chrysochromulina_leadbeateri"
"ASV_801","Eukaryota","TSAR","Stramenopiles","Bigyra","Sagenista","Sagenista_X","MAST-7","MAST-7B","MAST-7B_sp."
"ASV_802","Eukaryota","Haptista","Haptophyta","Haptophyta_X","Prymnesiophyceae","Prymnesiales","Chrysochromulinaceae","Chrysochromulina","Chrysochromulina_leadbeateri"
"ASV_804","Eukaryota","TSAR","unassigned","unassigned","unassigned","unassigned","unassigned","unassigned","unassigned"
"ASV_805","Eukaryota","TSAR","unassigned","unassigned","unassigned","unassigned","unassigned","unassigned","unassigned"
"ASV_806","Eukaryota","TSAR","Alveolata","Dinoflagellata","Dinophyceae","Gymnodiniales","Chytriodiniaceae","Chytriodinium","Chytriodinium_roseum"
"ASV_807","Eukaryota","TSAR","Alveolata","Dinoflagellata","Dinophyceae","Peridiniales","Heterocapsaceae","Heterocapsa","Heterocapsa_rotundata"
"ASV_809","Eukaryota","TSAR","Stramenopiles","Gyrista","Mediophyceae","Chaetocerotales","Chaetocerotaceae","Chaetoceros","unassigned"
"ASV_811","Eukaryota","TSAR","Alveolata","Dinoflagellata","Syndiniales","Dino-Group-II","Dino-Group-II-Clade-10-and-11","Dino-Group-II-Clade-10-and-11_X","Dino-Group-II-Clade-10-and-11_X_sp."
"ASV_812","Eukaryota","Obazoa","Opisthokonta","unassigned","unassigned","unassigned","unassigned","unassigned","unassigned"
"ASV_814","Eukaryota","Cryptista","Cryptophyta","Cryptophyta_X","Cryptophyceae","Cryptomonadales","Cryptomonadales_X","Teleaulax","Teleaulax_sp."
"ASV_818","Eukaryota","TSAR","Alveolata","Dinoflagellata","Syndiniales","unassigned","unassigned","unassigned","unassigned"
"ASV_820","Eukaryota","Haptista","Haptophyta","Haptophyta_X","Prymnesiophyceae","Prymnesiophyceae_Clade_E","Prymnesiophyceae_Clade_E_X","Prymnesiophyceae_Clade_E_XX","Prymnesiophyceae_Clade_E_XX_sp."
"ASV_821","Eukaryota","Haptista","Haptophyta","Haptophyta_X","Prymnesiophyceae","Prymnesiales","Chrysochromulinaceae","Chrysochromulina","Chrysochromulina_scutellum"
"ASV_822","Eukaryota","TSAR","Stramenopiles","Gyrista","Chrysophyceae","Chrysophyceae_Clade-EC2H","Chrysophyceae_Clade-EC2H_X","Chrysophyceae_Clade-EC2H_XX","Chrysophyceae_Clade-EC2H_XX_sp."
"ASV_823","Eukaryota","TSAR","Alveolata","Ciliophora","Spirotrichea","Choreotrichida-Tintinnina","Tintinnidae","Tintinnidae_X","Tintinnidae_X_sp."
"ASV_824","Eukaryota","TSAR","Stramenopiles","Gyrista","Mediophyceae","Chaetocerotales","Chaetocerotaceae","Chaetoceros","unassigned"
"ASV_825","Eukaryota","TSAR","Alveolata","Dinoflagellata","Dinophyceae","Gymnodiniales","Gymnodiniaceae","Gyrodinium","unassigned"
"ASV_826","Eukaryota","Obazoa","Opisthokonta","Choanoflagellata","Choanoflagellatea","Acanthoecida","Acanthoecidae_Group_G","Calliacantha","Calliacantha_natans"
"ASV_828","Eukaryota","TSAR","Alveolata","Dinoflagellata","Dinophyceae","unassigned","unassigned","unassigned","unassigned"
"ASV_829","Eukaryota","TSAR","Rhizaria","Cercozoa","Filosa-Thecofilosea","Ventricleftida","Ventrifissuridae","Ventrifissura","Ventrifissura_oblonga"
"ASV_830","Eukaryota","Archaeplastida","Chlorophyta","Chlorophyta_X","Mamiellophyceae","Mamiellales","Mamiellaceae","Micromonas","Micromonas_pusilla"
"ASV_832","Eukaryota","TSAR","Alveolata","Dinoflagellata","Dinophyceae","Dinophyceae_X","Dinophyceae_XX","Dinophyceae_XXX","Dinophyceae_XXX_sp."
"ASV_833","Eukaryota","Archaeplastida","Chlorophyta","Chlorophyta_X","Mamiellophyceae","Mamiellales","Mamiellaceae","Mantoniella","Mantoniella_antarctica"
"ASV_834","Eukaryota","TSAR","Stramenopiles","unassigned","unassigned","unassigned","unassigned","unassigned","unassigned"
"ASV_835","Eukaryota","TSAR","Stramenopiles","Gyrista","unassigned","unassigned","unassigned","unassigned","unassigned"
"ASV_836","Eukaryota","TSAR","Stramenopiles","Gyrista","Coscinodiscophyceae","Coscinodiscales","Heliopeltaceae","Actinoptychus","Actinoptychus_splendens"
"ASV_837","Eukaryota","TSAR","Stramenopiles","Gyrista","Chrysophyceae","Paraphysomonadales","Paraphysomonadaceae","Paraphysomonas","Paraphysomonas_foraminifera"
"ASV_839","Eukaryota","TSAR","Stramenopiles","Bigyra","Opalozoa","Nanomonadea","MAST-3","MAST-3F","MAST-3F_sp."
"ASV_841","Eukaryota","TSAR","Stramenopiles","Bigyra","Sagenista","Sagenista_X","MAST-4","MAST-4D","MAST-4D_sp."
"ASV_842","Eukaryota","TSAR","Stramenopiles","unassigned","unassigned","unassigned","unassigned","unassigned","unassigned"
"ASV_843","Eukaryota","TSAR","Alveolata","Dinoflagellata","Dinophyceae","Gymnodiniales","Gymnodiniaceae","unassigned","unassigned"
"ASV_844","Eukaryota","TSAR","Stramenopiles","Bigyra","Sagenista","Sagenista_X","MAST-8","MAST-8B","MAST-8B_sp."
"ASV_845","Eukaryota","TSAR","Alveolata","Ciliophora","Spirotrichea","Choreotrichida","Choreotrichida_X","Choreotrichida_XX","Choreotrichida_XX_sp."
"ASV_846","Eukaryota","TSAR","Alveolata","Dinoflagellata","Dinophyceae","Peridiniales","unassigned","unassigned","unassigned"
"ASV_847","Eukaryota","TSAR","Rhizaria","Radiolaria","Acantharea","Acantharea_F","Acantharea_F3","Acanthometra","Acanthometra_sp."
"ASV_848","Eukaryota","TSAR","Alveolata","Dinoflagellata","Dinophyceae","Peridiniales","Heterocapsaceae","Heterocapsa","unassigned"
"ASV_849","Eukaryota","Haptista","Haptophyta","Haptophyta_X","Prymnesiophyceae","Prymnesiales","Prymnesiaceae","Prymnesium","unassigned"
"ASV_851","Eukaryota","TSAR","Alveolata","Dinoflagellata","Dinophyceae","Suessiales","Suessiaceae","Pelagodinium","Pelagodinium_beii"
"ASV_852","Eukaryota","Haptista","unassigned","unassigned","unassigned","unassigned","unassigned","unassigned","unassigned"
"ASV_853","Eukaryota","TSAR","Alveolata","Dinoflagellata","unassigned","unassigned","unassigned","unassigned","unassigned"
"ASV_854","Eukaryota","TSAR","Stramenopiles","Gyrista","Chrysophyceae","Ochromonadales","Ochromonadales_X","Ochromonadales_XX","Ochromonadales_XX_sp."
"ASV_855","Eukaryota","TSAR","Alveolata","Ciliophora","CONThreeP","CONThreeP_X","Discotrichidae","NASSO_1","NASSO_1_sp."
"ASV_856","Eukaryota","TSAR","Stramenopiles","Gyrista","unassigned","unassigned","unassigned","unassigned","unassigned"
"ASV_857","Eukaryota","TSAR","Stramenopiles","Gyrista","Bacillariophyceae","Fragilariales","Fragilariaceae","Grammonema","Grammonema_striatula"
"ASV_858","Eukaryota","TSAR","Stramenopiles","Bigyra","Opalozoa","Nanomonadea","MAST-3","MAST-3E","MAST-3E_sp."
"ASV_862","Eukaryota","Excavata","Discoba","Euglenozoa","Diplonemea","Diplonemida","Diplonemidae","Lacrimia","unassigned"
"ASV_863","Eukaryota","TSAR","Stramenopiles","Bigyra","Opalozoa","Nanomonadea","MAST-3","MAST-3I","MAST-3I_sp."
"ASV_864","Eukaryota","TSAR","Stramenopiles","Gyrista","Gyrista_X","Gyrista_XX","MAST-2","MAST-2D","MAST-2D_sp."
"ASV_865","Eukaryota","Archaeplastida","Chlorophyta","Chlorophyta_X","Pyramimonadophyceae","Pyramimonadales","Pyramimonadaceae","Pyramimonas","unassigned"
"ASV_867","Eukaryota","Cryptista","Cryptophyta","Cryptophyta_X","Cryptophyceae","Cryptomonadales","Cryptomonadales_X","Falcomonas","Falcomonas_daucoides"
"ASV_869","Eukaryota","TSAR","Alveolata","Dinoflagellata","Dinophyceae","Gymnodiniales","Gymnodiniaceae","Gymnodinium","Gymnodinium_sp."
"ASV_870","Eukaryota","TSAR","Alveolata","Dinoflagellata","Dinophyceae","Dinophyceae_X","Dinophyceae_XX","Dinophyceae_XXX","Dinophyceae_XXX_sp."
"ASV_871","Eukaryota","TSAR","Stramenopiles","Bigyra","Sagenista","Labyrinthulomycetes","Labyrinthulomycetes_LAB7","Labyrinthulomycetes_LAB7_X","Labyrinthulomycetes_LAB7_X_sp."
"ASV_872","Eukaryota","TSAR","Alveolata","Dinoflagellata","Dinophyceae","Gymnodiniales","Gymnodiniaceae","Gyrodinium","Gyrodinium_fusiforme"
"ASV_873","Eukaryota","TSAR","Alveolata","Dinoflagellata","Dinophyceae","Gymnodiniales","Gymnodiniaceae","Balechina","Balechina_pachydermata"
"ASV_874","Eukaryota","TSAR","Telonemia","Telonemia_X","Telonemia_XX","Telonemia_XXX","Telonemia-Group-2","Telonemia-Group-2_X","Telonemia-Group-2_X_sp."
"ASV_875","Eukaryota","TSAR","Alveolata","Dinoflagellata","Dinophyceae","unassigned","unassigned","unassigned","unassigned"
"ASV_877","Eukaryota","TSAR","Alveolata","Dinoflagellata","Syndiniales","Dino-Group-I","Dino-Group-I-Clade-5","Dino-Group-I-Clade-5_X","Dino-Group-I-Clade-5_X_sp."
"ASV_878","Eukaryota","TSAR","Alveolata","Dinoflagellata","Dinophyceae","unassigned","unassigned","unassigned","unassigned"
"ASV_880","Eukaryota","Excavata","Discoba","Euglenozoa","Diplonemea","Diplonemida","Diplonemidae","Lacrimia","unassigned"
"ASV_881","Eukaryota","Haptista","Haptophyta","Haptophyta_X","Prymnesiophyceae","Prymnesiales","Chrysochromulinaceae","Chrysochromulina","Chrysochromulina_sp."
"ASV_882","Eukaryota","TSAR","Stramenopiles","Gyrista","Bacillariophyceae","Naviculales","Naviculaceae","Navicula","Navicula_arenaria"
"ASV_883","Eukaryota","Archaeplastida","Chlorophyta","Chlorophyta_X","Pyramimonadophyceae","Pyramimonadales","Pterospermaceae","Pterosperma","Pterosperma_cristatum"
"ASV_884","Eukaryota","TSAR","Stramenopiles","Gyrista","Mediophyceae","Thalassiosirales","Thalassiosiraceae","Thalassiosira","unassigned"
"ASV_885","Eukaryota","TSAR","Stramenopiles","Gyrista","Pelagophyceae","Pelagomonadales","Pelagomonadaceae","Aureococcus","Aureococcus_anophagefferens"
"ASV_886","Eukaryota","TSAR","Stramenopiles","Bigyra","Opalozoa","Opalozoa_X","MAST-12","MAST-12D","MAST-12D_sp."
"ASV_888","Eukaryota","TSAR","Stramenopiles","Gyrista","Mediophyceae","Chaetocerotales","Chaetocerotaceae","Chaetoceros","Chaetoceros_similis"
"ASV_889","Eukaryota","TSAR","Alveolata","Dinoflagellata","Dinophyceae","unassigned","unassigned","unassigned","unassigned"
"ASV_890","Eukaryota","TSAR","Alveolata","Dinoflagellata","unassigned","unassigned","unassigned","unassigned","unassigned"
"ASV_891","Eukaryota","TSAR","Stramenopiles","Gyrista","Bacillariophyceae","Fragilariales","Fragilariaceae","Grammonema","Grammonema_striatula"
"ASV_892","Eukaryota","TSAR","Stramenopiles","Gyrista","Mediophyceae","Chaetocerotales","Chaetocerotaceae","Chaetoceros","Chaetoceros_convolutus"
"ASV_895","Eukaryota","Archaeplastida","Picozoa","Picozoa_subdivision_1","Picomonadea","Picomonadida","Picomonadidae","Picomonas","Picomonas_judraskeda"
"ASV_896","Eukaryota","Cryptista","Cryptophyta","Cryptophyta_X","Cryptophyceae","unassigned","unassigned","unassigned","unassigned"
"ASV_897","Eukaryota","TSAR","Alveolata","Dinoflagellata","Dinophyceae","Peridiniales","Protoperidiniaceae","Protoperidinium","Protoperidinium_divergens"
"ASV_898","Eukaryota","TSAR","unassigned","unassigned","unassigned","unassigned","unassigned","unassigned","unassigned"
"ASV_899","Eukaryota","TSAR","Alveolata","Dinoflagellata","Dinophyceae","Peridiniales","unassigned","unassigned","unassigned"
"ASV_900","Eukaryota","TSAR","Alveolata","Ciliophora","Spirotrichea","Choreotrichida","Choreotrichida_X","Choreotrichida_XX","Choreotrichida_XX_sp."
"ASV_901","Eukaryota","TSAR","Alveolata","Ciliophora","Spirotrichea","Choreotrichida-Tintinnina","unassigned","unassigned","unassigned"
"ASV_902","Eukaryota","TSAR","Rhizaria","Cercozoa","Filosa-Thecofilosea","Filosa-Thecofilosea_X","Mataza-lineage","Mataza-lineage_X","Mataza-lineage_X_sp."
"ASV_903","Eukaryota","TSAR","Stramenopiles","Gyrista","Pelagophyceae","Pelagomonadales","Pelagomonadaceae","Pelagomonadaceae_clade_C","Pelagomonadaceae_clade_C_sp."
"ASV_904","Eukaryota","TSAR","Alveolata","Dinoflagellata","Syndiniales","Dino-Group-I","Dino-Group-I-Clade-1","Dino-Group-I-Clade-1_X","Dino-Group-I-Clade-1_X_sp."
"ASV_905","Eukaryota","TSAR","Rhizaria","Cercozoa","Chlorarachniophyceae","Chlorarachniophyceae_X","NPK2-lineage","NPK2-lineage_X","NPK2-lineage_X_sp."
"ASV_906","Eukaryota","Obazoa","Opisthokonta","Choanoflagellata","Choanoflagellatea","Acanthoecida","Stephanoecidae_Group_D","Stephanoecidae_Group_D_X","Stephanoecidae_Group_D_X_sp."
"ASV_907","Eukaryota","TSAR","Stramenopiles","Gyrista","Mediophyceae","Thalassiosirales","Thalassiosiraceae","Thalassiosira","unassigned"
"ASV_908","Eukaryota","TSAR","Rhizaria","Cercozoa","Filosa-Thecofilosea","Cryomonadida","Protaspa-lineage","Protaspa-lineage_X","Protaspa-lineage_X_sp."
"ASV_909","Eukaryota","TSAR","Alveolata","Dinoflagellata","Dinophyceae","Gymnodiniales","Gymnodiniaceae","Gyrodinium","unassigned"
"ASV_910","Eukaryota","TSAR","Alveolata","Dinoflagellata","Dinophyceae","Gymnodiniales","Gymnodiniaceae","Gyrodinium","Gyrodinium_guttula"
"ASV_911","Eukaryota","TSAR","Alveolata","Ciliophora","Spirotrichea","Choreotrichida","Choreotrichida_X","Choreotrichida_XX","Choreotrichida_XX_sp."
"ASV_912","Eukaryota","TSAR","Alveolata","Ciliophora","Spirotrichea","Oligotrichida","Tontoniidae","Laboea","Laboea_sp."
"ASV_913","Eukaryota","TSAR","Stramenopiles","Bigyra","Bicoecea","Anoecales","Cafeteriaceae","Cafeteria","Cafeteria_burkhardae"
"ASV_914","Eukaryota","TSAR","Alveolata","Dinoflagellata","Syndiniales","Dino-Group-II","unassigned","unassigned","unassigned"
"ASV_915","Eukaryota","TSAR","Alveolata","Dinoflagellata","Dinophyceae","Torodiniales","Torodiniaceae","Torodinium","Torodinium_teredo"
"ASV_916","Eukaryota","TSAR","Alveolata","Dinoflagellata","Dinophyceae","Dinophyceae_X","Dinophyceae_XX","Dinophyceae_XXX","Dinophyceae_XXX_sp."
"ASV_917","Eukaryota","TSAR","Alveolata","Dinoflagellata","Syndiniales","unassigned","unassigned","unassigned","unassigned"
"ASV_918","Eukaryota","TSAR","Alveolata","Dinoflagellata","Syndiniales","Dino-Group-I","Dino-Group-I-Clade-1","Dino-Group-I-Clade-1_X","Dino-Group-I-Clade-1_X_sp."
"ASV_919","Eukaryota","TSAR","Stramenopiles","Gyrista","Bolidophyceae","Parmales","unassigned","unassigned","unassigned"
"ASV_922","Eukaryota","TSAR","Alveolata","Ciliophora","Spirotrichea","unassigned","unassigned","unassigned","unassigned"
"ASV_923","Eukaryota","TSAR","Telonemia","Telonemia_X","Telonemia_XX","Telonemia_XXX","Telonemia-Group-1","Telonema-Group-1","Telonema_subtile"
"ASV_924","Eukaryota","Archaeplastida","Chlorophyta","Chlorophyta_X","Pyramimonadophyceae","Pyramimonadales","Pyramimonadaceae","Pyramimonas","Pyramimonas_disomata"
"ASV_925","Eukaryota","TSAR","Stramenopiles","Gyrista","Dictyochophyceae","Dictyochophyceae_X","Dictyochales","Dictyocha","Dictyocha_speculum"
"ASV_926","Eukaryota","TSAR","Alveolata","Dinoflagellata","Syndiniales","Dino-Group-II","unassigned","unassigned","unassigned"
"ASV_927","Eukaryota","TSAR","Alveolata","Dinoflagellata","Syndiniales","Dino-Group-I","Dino-Group-I-Clade-4","Dino-Group-I-Clade-4_X","Dino-Group-I-Clade-4_X_sp."
"ASV_928","Eukaryota","TSAR","Alveolata","Dinoflagellata","Dinophyceae","Gymnodiniales","Kareniaceae","Karlodinium","unassigned"
"ASV_929","Eukaryota","TSAR","Alveolata","Ciliophora","Spirotrichea","Choreotrichida-Tintinnina","Tintinnidae","Amphorides","Amphorides_sp."
"ASV_930","Eukaryota","TSAR","Stramenopiles","Gyrista","Mediophyceae","Thalassiosirales","Skeletonemaceae","Skeletonema","Skeletonema_japonicum"
"ASV_931","Eukaryota","TSAR","Alveolata","Dinoflagellata","Syndiniales","Dino-Group-I","Dino-Group-I-Clade-4","Dino-Group-I-Clade-4_X","Dino-Group-I-Clade-4_X_sp."
"ASV_932","Eukaryota","TSAR","Rhizaria","Cercozoa","Filosa-Thecofilosea","Cryomonadida","Cryothecomonas-lineage","Cryothecomonas","Cryothecomonas_sp."
"ASV_933","Eukaryota","TSAR","Alveolata","Dinoflagellata","Dinophyceae","Gymnodiniales","Gymnodiniaceae","Gyrodinium","unassigned"
"ASV_934","Eukaryota","TSAR","Alveolata","Ciliophora","Spirotrichea","Choreotrichida-Tintinnina","Tintinnidae","Amphorellopsis","Amphorellopsis_sp."
"ASV_935","Eukaryota","TSAR","Alveolata","Dinoflagellata","Dinophyceae","Gymnodiniales","Gymnodiniaceae","Gymnodinium","Gymnodinium_sp."
"ASV_936","Eukaryota","TSAR","Stramenopiles","Gyrista","Chrysophyceae","unassigned","unassigned","unassigned","unassigned"
"ASV_938","Eukaryota","Obazoa","Opisthokonta","Choanoflagellata","Choanoflagellatea","Craspedida","Monosigidae_Group_B","Monosigidae_Group_B_X","Monosigidae_Group_B_X_sp."
"ASV_940","Eukaryota","TSAR","Alveolata","Dinoflagellata","Dinophyceae","Gymnodiniales","Gymnodiniaceae","Paragymnodinium","Paragymnodinium_shiwhaense"
"ASV_941","Eukaryota","TSAR","Alveolata","Dinoflagellata","Dinophyceae","Gymnodiniales","Gymnodiniaceae","Gyrodinium","Gyrodinium_rubrum"
"ASV_942","Eukaryota","TSAR","Stramenopiles","Gyrista","Mediophyceae","Eupodiscales","Parodontellaceae","Trieres","Trieres_sp."
"ASV_944","Eukaryota","TSAR","Alveolata","Dinoflagellata","Dinophyceae","unassigned","unassigned","unassigned","unassigned"
"ASV_945","Eukaryota","TSAR","Alveolata","Dinoflagellata","Syndiniales","Dino-Group-II","Dino-Group-II-Clade-10-and-11","Dino-Group-II-Clade-10-and-11_X","Dino-Group-II-Clade-10-and-11_X_sp."
"ASV_946","Eukaryota","TSAR","Alveolata","Dinoflagellata","Dinophyceae","Dinophysales","Dinophysaceae","Dinophysis","Dinophysis_acuminata"
"ASV_947","Eukaryota","TSAR","Alveolata","Dinoflagellata","Dinophyceae","unassigned","unassigned","unassigned","unassigned"
"ASV_948","Eukaryota","TSAR","Alveolata","Ciliophora","Spirotrichea","Oligotrichida","Oligotrichida_X","Oligotrichida_XX","Oligotrichida_XX_sp."
"ASV_949","Eukaryota","TSAR","Rhizaria","Cercozoa","Filosa-Thecofilosea","Ventricleftida","Ventrifissuridae","Ventrifissura","Ventrifissura_velata"
"ASV_950","Eukaryota","TSAR","Alveolata","Dinoflagellata","Dinophyceae","Torodiniales","Torodiniaceae","Torodinium","Torodinium_robustum"
"ASV_951","Eukaryota","TSAR","Alveolata","Dinoflagellata","Dinophyceae","Gymnodiniales","Warnowiaceae","Warnowia","Warnowia_sp."
"ASV_953","Eukaryota","TSAR","Alveolata","Ciliophora","Spirotrichea","unassigned","unassigned","unassigned","unassigned"
"ASV_954","Eukaryota:nucl","Cryptista:nucl","Cryptophyta:nucl","Cryptophyta_X:nucl","Cryptophyceae:nucl","Cryptomonadales:nucl","Cryptomonadales_X:nucl","Geminigera:nucl","Geminigera_cryophila:nucl"
"ASV_955","Eukaryota","TSAR","Telonemia","Telonemia_X","Telonemia_XX","Telonemia_XXX","Telonemia-Group-2","Telonemia-Group-2_X","Telonemia-Group-2_X_sp."
"ASV_956","Eukaryota","TSAR","Rhizaria","Cercozoa","Filosa-Thecofilosea","Cryomonadida","Cryothecomonas-lineage","Cryothecomonas-lineage_X","Cryothecomonas-lineage_X_sp."
"ASV_958","Eukaryota","TSAR","Stramenopiles","unassigned","unassigned","unassigned","unassigned","unassigned","unassigned"
"ASV_959","Eukaryota","Haptista","Haptophyta","Haptophyta_X","Prymnesiophyceae","Prymnesiales","Chrysochromulinaceae","Chrysochromulina","Chrysochromulina_campanulifera"
"ASV_960","Eukaryota","TSAR","Alveolata","Dinoflagellata","Dinophyceae","Peridiniales","unassigned","unassigned","unassigned"
"ASV_961","Eukaryota","TSAR","Alveolata","Dinoflagellata","Dinophyceae","Gymnodiniales","Gymnodiniaceae","Gyrodinium","unassigned"
"ASV_962","Eukaryota","TSAR","Stramenopiles","Gyrista","unassigned","unassigned","unassigned","unassigned","unassigned"
"ASV_963","Eukaryota","TSAR","Alveolata","Dinoflagellata","Dinophyceae","Peridiniales","Protoperidiniaceae","Protoperidinium","Protoperidinium_elegans"
"ASV_964","Eukaryota","TSAR","Alveolata","Dinoflagellata","Syndiniales","Dino-Group-II","unassigned","unassigned","unassigned"
"ASV_965","Eukaryota","TSAR","Alveolata","Dinoflagellata","Dinophyceae","unassigned","unassigned","unassigned","unassigned"
"ASV_966","Eukaryota","TSAR","Stramenopiles","Gyrista","Mediophyceae","Cymatosirales","Cymatosiraceae","Brockmanniella","Brockmanniella_brockmannii"
"ASV_967","Eukaryota","TSAR","Alveolata","Dinoflagellata","Dinophyceae","unassigned","unassigned","unassigned","unassigned"
"ASV_968","Eukaryota","TSAR","Rhizaria","Cercozoa","Filosa-Imbricatea","Filosa-Imbricatea_X","Novel-clade-2","Novel-clade-2_X","Novel-clade-2_X_sp."
"ASV_969","Eukaryota","TSAR","Alveolata","Dinoflagellata","Syndiniales","Dino-Group-II","Dino-Group-II-Clade-1","Dino-Group-II-Clade-1_X","Dino-Group-II-Clade-1_X_sp."
"ASV_970","Eukaryota","Obazoa","Opisthokonta","Choanoflagellata","Choanoflagellatea","Acanthoecida","Stephanoecidae_Group_H","Diaphanoeca","Diaphanoeca_undulata"
"ASV_971","Eukaryota","TSAR","Alveolata","Ciliophora","Spirotrichea","Choreotrichida","Strobilidiidae","Pelagostrobilidium","Pelagostrobilidium_neptuni"
"ASV_972","Eukaryota","TSAR","Stramenopiles","Gyrista","Bacillariophyceae","Bacillariales","Bacillariaceae","unassigned","unassigned"
"ASV_975","Eukaryota","TSAR","Stramenopiles","Gyrista","Bacillariophyceae","Bacillariales","Bacillariaceae","Pseudo-nitzschia","Pseudo-nitzschia_delicatissima"
"ASV_976","Eukaryota","TSAR","Stramenopiles","Bigyra","Opalozoa","Opalozoa_X","MAST-12","MAST-12A","MAST-12A_sp."
"ASV_977","Eukaryota","Obazoa","Opisthokonta","Choanoflagellata","Choanoflagellatea","Acanthoecida","Stephanoecidae_Group_D","Stephanoecidae_Group_D_X","Stephanoecidae_Group_D_X_sp."
"ASV_978","Eukaryota","TSAR","Alveolata","Dinoflagellata","Dinophyceae","Peridiniales","Protoperidiniaceae","Protoperidinium","Protoperidinium_monovelum"
"ASV_979","Eukaryota","TSAR","Stramenopiles","unassigned","unassigned","unassigned","unassigned","unassigned","unassigned"
"ASV_981","Eukaryota","TSAR","Stramenopiles","Gyrista","unassigned","unassigned","unassigned","unassigned","unassigned"
"ASV_982","Eukaryota","TSAR","Alveolata","Dinoflagellata","Dinophyceae","Peridiniales","Thoracosphaeraceae","Stoeckeria","Stoeckeria_algicida"
"ASV_983","Eukaryota","TSAR","Rhizaria","Cercozoa","Filosa-Thecofilosea","Cryomonadida","Protaspa-lineage","Protaspa-lineage_X","Protaspa-lineage_X_sp."
"ASV_985","Eukaryota","TSAR","Alveolata","Dinoflagellata","Dinophyceae","Gonyaulacales","Ceratiaceae","Tripos","unassigned"
"ASV_986","Eukaryota","TSAR","Alveolata","Dinoflagellata","Syndiniales","Dino-Group-I","Dino-Group-I-Clade-4","Dino-Group-I-Clade-4_X","Dino-Group-I-Clade-4_X_sp."
"ASV_987","Eukaryota","TSAR","Rhizaria","Cercozoa","Filosa-Imbricatea","Filosa-Imbricatea_X","Novel-clade-2","Novel-clade-2_X","Novel-clade-2_X_sp."
"ASV_988","Eukaryota","TSAR","Rhizaria","Cercozoa","Filosa-Thecofilosea","Cryomonadida","Cryothecomonas-lineage","Cryothecomonas","Cryothecomonas_aestivalis"
"ASV_989","Eukaryota","TSAR","Alveolata","Dinoflagellata","Syndiniales","Dino-Group-II","Dino-Group-II-Clade-10-and-11","Dino-Group-II-Clade-10-and-11_X","Dino-Group-II-Clade-10-and-11_X_sp."
"ASV_991","Eukaryota","TSAR","Alveolata","Dinoflagellata","Syndiniales","Dino-Group-II","Dino-Group-II-Clade-6","Dino-Group-II-Clade-6_X","Dino-Group-II-Clade-6_X_sp."
"ASV_992","Eukaryota","TSAR","Stramenopiles","Gyrista","Mediophyceae","Thalassiosirales","unassigned","unassigned","unassigned"
"ASV_993","Eukaryota","TSAR","Alveolata","Dinoflagellata","Dinophyceae","Torodiniales","Torodiniaceae","Torodinium","Torodinium_teredo"
"ASV_997","Eukaryota","TSAR","Alveolata","Ciliophora","Spirotrichea","unassigned","unassigned","unassigned","unassigned"
"ASV_998","Eukaryota","Archaeplastida","Chlorophyta","Chlorophyta_X","Chloropicophyceae","Chloropicales","Chloropicaceae","Chloroparvula","Chloroparvula_pacifica"
"ASV_999","Eukaryota","TSAR","Stramenopiles","Bigyra","Opalozoa","Nanomonadea","MAST-3","MAST-3F","MAST-3F_sp."
"ASV_1000","Eukaryota","TSAR","Alveolata","Ciliophora","Spirotrichea","Oligotrichida","unassigned","unassigned","unassigned"
"ASV_1001","Eukaryota","TSAR","Alveolata","Dinoflagellata","Dinophyceae","unassigned","unassigned","unassigned","unassigned"
"ASV_1002","Eukaryota","TSAR","Stramenopiles","Gyrista","Mediophyceae","Thalassiosirales","Thalassiosiraceae","Minidiscus","Minidiscus_spinulatus"
"ASV_1003","Eukaryota","Archaeplastida","Chlorophyta","Chlorophyta_X","Pyramimonadophyceae","Pyramimonadales","Pyramimonadaceae","Pyramimonas","Pyramimonas_australis"
"ASV_1005","Eukaryota","Haptista","Haptophyta","Haptophyta_X","Prymnesiophyceae","Phaeocystales","Phaeocystaceae","Phaeocystis","Phaeocystis_cordata"
"ASV_1006","Eukaryota","TSAR","unassigned","unassigned","unassigned","unassigned","unassigned","unassigned","unassigned"
"ASV_1007","Eukaryota","Archaeplastida","Chlorophyta","Chlorophyta_X","Pyramimonadophyceae","Pyramimonadales","Pyramimonadaceae","Pyramimonas","unassigned"
"ASV_1008","Eukaryota","TSAR","Stramenopiles","Bigyra","Sagenista","Sagenista_X","MAST-7","MAST-7B","MAST-7B_sp."
"ASV_1009","Eukaryota","Archaeplastida","Chlorophyta","Chlorophyta_X","Mamiellophyceae","Mamiellales","Mamiellaceae","Micromonas","Micromonas_pusilla"
"ASV_1010","Eukaryota","TSAR","Stramenopiles","Gyrista","Mediophyceae","Thalassiosirales","Thalassiosiraceae","unassigned","unassigned"
"ASV_1011","Eukaryota","Haptista","Haptophyta","Haptophyta_X","Prymnesiophyceae","Prymnesiales","Chrysochromulinaceae","Chrysochromulina","unassigned"
"ASV_1012","Eukaryota","TSAR","Alveolata","Dinoflagellata","Dinophyceae","Peridiniales","Blastodiniaceae","Blastodinium","Blastodinium_contortum"
"ASV_1013","Eukaryota","TSAR","Alveolata","Dinoflagellata","Syndiniales","Dino-Group-II","unassigned","unassigned","unassigned"
"ASV_1014","Eukaryota","TSAR","Alveolata","Dinoflagellata","Dinophyceae","Peridiniales","Thoracosphaeraceae","Stoeckeria","Stoeckeria_algicida"
"ASV_1015","Eukaryota","TSAR","Stramenopiles","Gyrista","Bolidophyceae","Parmales","Triparmaceae","Triparma","Triparma_strigata"
"ASV_1016","Eukaryota","TSAR","Alveolata","Ciliophora","Spirotrichea","Choreotrichida","Strobilidiidae","Pelagostrobilidium","Pelagostrobilidium_neptuni"
"ASV_1017","Eukaryota","TSAR","Alveolata","Ciliophora","Spirotrichea","Choreotrichida","Strobilidiidae","Pelagostrobilidium","Pelagostrobilidium_sp."
"ASV_1018","Eukaryota","Haptista","Haptophyta","Haptophyta_X","Prymnesiophyceae","unassigned","unassigned","unassigned","unassigned"
"ASV_1019","Eukaryota","TSAR","Alveolata","Dinoflagellata","Syndiniales","Dino-Group-II","Dino-Group-II-Clade-8","Dino-Group-II-Clade-8_X","Dino-Group-II-Clade-8_X_sp."
"ASV_1020","Eukaryota","TSAR","Alveolata","Dinoflagellata","Syndiniales","Dino-Group-I","Dino-Group-I-Clade-4","Dino-Group-I-Clade-4_X","Dino-Group-I-Clade-4_X_sp."
"ASV_1021","Eukaryota","TSAR","Stramenopiles","Bigyra","Sagenista","Sagenista_X","MAST-7","MAST-7C","MAST-7C_sp."
"ASV_1022","Eukaryota","TSAR","Stramenopiles","Gyrista","Bacillariophyceae","Bacillariales","Bacillariaceae","unassigned","unassigned"
"ASV_1023","Eukaryota","Obazoa","Opisthokonta","Choanoflagellata","Choanoflagellatea","Acanthoecida","Stephanoecidae","Bicosta","Bicosta_minor"
"ASV_1024","Eukaryota","TSAR","Stramenopiles","Gyrista","Bacillariophyceae","unassigned","unassigned","unassigned","unassigned"
"ASV_1025","Eukaryota","TSAR","Stramenopiles","Gyrista","Bolidophyceae","Parmales","Parmales_env_3","Parmales_env_3_X","Parmales_env_3_X_sp."
"ASV_1026","Eukaryota","TSAR","Alveolata","Dinoflagellata","Dinophyceae","Dinophyceae_X","Dinophyceae_XX","unassigned","unassigned"
"ASV_1028","Eukaryota","TSAR","Alveolata","Ciliophora","Spirotrichea","Choreotrichida","Strobilidiidae","Pelagostrobilidium","Pelagostrobilidium_neptuni"
"ASV_1030","Eukaryota","TSAR","Stramenopiles","Gyrista","Gyrista_X","Gyrista_XX","MAST-2","MAST-2C","MAST-2C_sp."
"ASV_1031","Eukaryota","TSAR","Stramenopiles","Gyrista","Gyrista_X","Gyrista_XX","MAST-1","MAST-1B","MAST-1B_sp."
"ASV_1032","Eukaryota","TSAR","Alveolata","Dinoflagellata","Dinophyceae","Gymnodiniales","Gymnodiniaceae","unassigned","unassigned"
"ASV_1034","Eukaryota","TSAR","Stramenopiles","Gyrista","unassigned","unassigned","unassigned","unassigned","unassigned"
"ASV_1036","Eukaryota","TSAR","Stramenopiles","Gyrista","Mediophyceae","Eupodiscales","Parodontellaceae","Trieres","Trieres_sp."
"ASV_1037","Eukaryota","TSAR","Stramenopiles","Bigyra","Opalozoa","Nanomonadea","MAST-3","MAST-3A","MAST-3A_sp."
"ASV_1038","Eukaryota","Archaeplastida","Chlorophyta","Chlorophyta_X","Mamiellophyceae","Mamiellales","Bathycoccaceae","Ostreococcus","Ostreococcus_tauri"
"ASV_1039","Eukaryota","Archaeplastida","Picozoa","Picozoa_subdivision_1","Picomonadea","Picomonadida","Picomonadidae","Picomonas","Picomonas_sp."
"ASV_1040","Eukaryota","TSAR","Rhizaria","Cercozoa","Filosa-Thecofilosea","Cryomonadida","Protaspa-lineage","Protaspa","unassigned"
"ASV_1041","Eukaryota","TSAR","Alveolata","Dinoflagellata","Dinophyceae","Gymnodiniales","Gymnodiniaceae","Gymnodinium","Gymnodinium_sp."
"ASV_1042","Eukaryota","TSAR","Rhizaria","Cercozoa","Chlorarachniophyceae","Chlorarachniophyceae_X","NPK2-lineage","NPK2-lineage_X","NPK2-lineage_X_sp."
"ASV_1043","Eukaryota","TSAR","Alveolata","Dinoflagellata","Dinophyceae","Peridiniales","Thoracosphaeraceae","Scrippsiella","Scrippsiella_erinaceus"
"ASV_1045","Eukaryota","TSAR","Alveolata","Dinoflagellata","Syndiniales","Dino-Group-II","Dino-Group-II-Clade-7","Dino-Group-II-Clade-7_X","Dino-Group-II-Clade-7_X_sp."
"ASV_1046","Eukaryota","Archaeplastida","Chlorophyta","Chlorophyta_X","Mamiellophyceae","Mamiellales","Bathycoccaceae","Ostreococcus","Ostreococcus_lucimarinus"
"ASV_1047","Eukaryota","TSAR","Alveolata","unassigned","unassigned","unassigned","unassigned","unassigned","unassigned"
"ASV_1048","Eukaryota","Haptista","Haptophyta","Haptophyta_X","Prymnesiophyceae","Phaeocystales","Phaeocystaceae","Phaeocystis","Phaeocystis_cordata"
"ASV_1049","Eukaryota","Haptista","Haptophyta","Haptophyta_X","Prymnesiophyceae","Prymnesiales","Chrysochromulinaceae","Chrysochromulina","Chrysochromulina_leadbeateri"
"ASV_1050","Eukaryota","TSAR","Alveolata","Dinoflagellata","Syndiniales","Dino-Group-II","unassigned","unassigned","unassigned"
"ASV_1051","Eukaryota","TSAR","Alveolata","Dinoflagellata","Dinophyceae","Gymnodiniales","Gymnodiniaceae","Gyrodinium","Gyrodinium_helveticum"
"ASV_1052","Eukaryota","TSAR","Alveolata","Dinoflagellata","Dinophyceae","Gymnodiniales","Gymnodiniaceae","Gyrodinium","unassigned"
"ASV_1053","Eukaryota","TSAR","Telonemia","Telonemia_X","Telonemia_XX","Telonemia_XXX","Telonemia-Group-1","Telonema-Group-1","unassigned"
"ASV_1055","Eukaryota","Cryptista","Cryptophyta","Cryptophyta_X","Cryptophyceae","Pyrenomonadales","Pyrenomonadaceae","Rhodomonas","unassigned"
"ASV_1056","Eukaryota","TSAR","Alveolata","Ciliophora","CONThreeP","CONThreeP_X","CONThreeP_XX","Askenasia","Askenasia_sp."
"ASV_1057","Eukaryota","TSAR","Alveolata","Dinoflagellata","Dinophyceae","unassigned","unassigned","unassigned","unassigned"
"ASV_1058","Eukaryota","TSAR","Alveolata","Dinoflagellata","Dinophyceae","Gymnodiniales","Gymnodiniaceae","Gyrodinium","Gyrodinium_dominans"
"ASV_1059","Eukaryota","TSAR","Alveolata","Dinoflagellata","Dinophyceae","Gymnodiniales","Gymnodiniaceae","Gyrodinium","Gyrodinium_sp."
"ASV_1060","Eukaryota","TSAR","Alveolata","Dinoflagellata","Dinophyceae","Gymnodiniales","Gymnodiniaceae","Gyrodinium","Gyrodinium_fusiforme"
"ASV_1061","Eukaryota","TSAR","Rhizaria","Cercozoa","Filosa-Thecofilosea","Cryomonadida","Protaspa-lineage","Protaspa-lineage_X","Protaspa-lineage_X_sp."
"ASV_1062","Eukaryota","TSAR","Alveolata","Dinoflagellata","Syndiniales","Dino-Group-I","Dino-Group-I-Clade-5","Dino-Group-I-Clade-5_X","Dino-Group-I-Clade-5_X_sp."
"ASV_1063","Eukaryota","TSAR","Alveolata","Dinoflagellata","Dinophyceae","Torodiniales","Torodiniaceae","Torodinium","Torodinium_robustum"
"ASV_1064","Eukaryota","TSAR","Alveolata","Ciliophora","Spirotrichea","Oligotrichida","Strombidiidae","Varistrombidium","unassigned"
"ASV_1065","Eukaryota","TSAR","Alveolata","Dinoflagellata","Dinophyceae","Gonyaulacales","Ceratiaceae","Tripos","unassigned"
"ASV_1066","Eukaryota","Haptista","Haptophyta","Haptophyta_X","Prymnesiophyceae","Prymnesiales","Chrysochromulinaceae","Chrysochromulina","unassigned"
"ASV_1068","Eukaryota","TSAR","Alveolata","Dinoflagellata","Syndiniales","Dino-Group-II","Dino-Group-II-Clade-1","Dino-Group-II-Clade-1_X","Dino-Group-II-Clade-1_X_sp."
"ASV_1071","Eukaryota","TSAR","Stramenopiles","Gyrista","Mediophyceae","Chaetocerotales","Chaetocerotaceae","Chaetoceros","unassigned"
"ASV_1072","Eukaryota","TSAR","unassigned","unassigned","unassigned","unassigned","unassigned","unassigned","unassigned"
"ASV_1073","Eukaryota","TSAR","Rhizaria","Cercozoa","Filosa-Imbricatea","Filosa-Imbricatea_X","Novel-clade-2","Novel-clade-2_X","Novel-clade-2_X_sp."
"ASV_1074","Eukaryota","Archaeplastida","Chlorophyta","Chlorophyta_X","Chloropicophyceae","Chloropicales","Chloropicaceae","Chloropicon","Chloropicon_laureae"
"ASV_1075","Eukaryota","Haptista","Haptophyta","Haptophyta_X","Prymnesiophyceae","Prymnesiales","Prymnesiaceae","Prymnesium","unassigned"
"ASV_1076","Eukaryota","Archaeplastida","Chlorophyta","Chlorophyta_X","Prasino-Clade-9","Prasino-Clade-9_X","Prasino-Clade-9_XX","Prasino-Clade-9_XXX","Prasino-Clade-9_XXX_sp."
"ASV_1077","Eukaryota","TSAR","Stramenopiles","Gyrista","Bacillariophyceae","Bacillariales","Bacillariaceae","unassigned","unassigned"
"ASV_1078","Eukaryota","Obazoa","Opisthokonta","unassigned","unassigned","unassigned","unassigned","unassigned","unassigned"
"ASV_1079","Eukaryota","TSAR","Rhizaria","Cercozoa","Filosa-Imbricatea","Filosa-Imbricatea_X","Novel-clade-2","Novel-clade-2_X","Novel-clade-2_X_sp."
"ASV_1081","Eukaryota","TSAR","Alveolata","Dinoflagellata","Dinophyceae","Prorocentrales","Prorocentraceae","Prorocentrum","Prorocentrum_sp."
"ASV_1082","Eukaryota","Obazoa","Opisthokonta","Choanoflagellata","Choanoflagellatea","unassigned","unassigned","unassigned","unassigned"
"ASV_1083","Eukaryota","TSAR","Alveolata","Ciliophora","Spirotrichea","Choreotrichida-Tintinnina","unassigned","unassigned","unassigned"
"ASV_1084","Eukaryota","TSAR","Alveolata","Dinoflagellata","Syndiniales","Dino-Group-II","Dino-Group-II-Clade-14","Dino-Group-II-Clade-14_X","Dino-Group-II-Clade-14_X_sp."
"ASV_1085","Eukaryota","Haptista","Haptophyta","Haptophyta_X","Prymnesiophyceae","Prymnesiales","Prymnesiaceae","Prymnesium","unassigned"
"ASV_1087","Eukaryota","TSAR","Stramenopiles","Gyrista","Bacillariophyceae","Bacillariales","Bacillariaceae","Cylindrotheca","Cylindrotheca_closterium"
"ASV_1088","Eukaryota","TSAR","Rhizaria","Cercozoa","Filosa-Thecofilosea","Cryomonadida","Protaspa-lineage","Protaspa","Protaspa_longipes"
"ASV_1090","Eukaryota","Archaeplastida","Chlorophyta","Chlorophyta_X","Chlorophyceae","Chlamydomonadales","Chlamydomonadales_X","Chlamydomonas","Chlamydomonas_parkeae"
"ASV_1091","Eukaryota","Archaeplastida","Picozoa","Picozoa_subdivision_1","Picozoa_subdivision_1B","Picozoa_subdivision_1B_X","Picozoa_subdivision_1B_XX","Picozoa_subdivision_1B_XXX","Picozoa_subdivision_1B_XXX_sp."
"ASV_1094","Eukaryota","TSAR","Stramenopiles","Gyrista","Bacillariophyceae","Bacillariales","Bacillariaceae","Pseudo-nitzschia","Pseudo-nitzschia_cuspidata"
"ASV_1095","Eukaryota","TSAR","Alveolata","Dinoflagellata","Noctilucophyceae","Noctilucales","Noctilucaceae","Noctiluca","Noctiluca_scintillans"
"ASV_1097","Eukaryota","TSAR","Stramenopiles","Gyrista","Pelagophyceae","Pelagomonadales","Pelagomonadales_clade_B","unassigned","unassigned"
"ASV_1100","Eukaryota","TSAR","Stramenopiles","Gyrista","Chrysophyceae","unassigned","unassigned","unassigned","unassigned"
"ASV_1101","Eukaryota","Archaeplastida","Chlorophyta","Chlorophyta_X","Mamiellophyceae","Mamiellales","Bathycoccaceae","Ostreococcus","Ostreococcus_tauri"
"ASV_1104","Eukaryota","TSAR","Stramenopiles","Bigyra","Opalozoa","Nanomonadea","MAST-3","MAST-3D","MAST-3D_sp."
"ASV_1105","Eukaryota","TSAR","Alveolata","Dinoflagellata","Syndiniales","unassigned","unassigned","unassigned","unassigned"
"ASV_1106","Eukaryota","TSAR","Stramenopiles","Gyrista","Mediophyceae","Thalassiosirales","Thalassiosiraceae","Minidiscus","Minidiscus_trioculatus"
"ASV_1107","Eukaryota","Archaeplastida","Chlorophyta","Chlorophyta_X","Chlorodendrophyceae","Chlorodendrales","Chlorodendraceae","Tetraselmis","Tetraselmis_convolutae"
"ASV_1108","Eukaryota","Archaeplastida","Picozoa","Picozoa_subdivision_1","Picomonadea","Picomonadida","Picomonadidae","Picomonas","Picomonas_judraskeda"
"ASV_1109","Eukaryota","TSAR","Rhizaria","Cercozoa","Endomyxa-Ascetosporea","Paradinida","Paradinidae","Paradinidae_X","Paradinidae_X_sp."
"ASV_1111","Eukaryota","TSAR","Stramenopiles","Gyrista","unassigned","unassigned","unassigned","unassigned","unassigned"
"ASV_1112","Eukaryota","TSAR","Stramenopiles","Gyrista","Mediophyceae","Thalassiosirales","Thalassiosiraceae","Thalassiosira","Thalassiosira_lundiana"
"ASV_1113","Eukaryota","TSAR","Alveolata","Dinoflagellata","Syndiniales","Dino-Group-I","Dino-Group-I-Clade-5","Dino-Group-I-Clade-5_X","Dino-Group-I-Clade-5_X_sp."
"ASV_1114","Eukaryota","TSAR","Stramenopiles","Gyrista","Dictyochophyceae","Dictyochophyceae_X","Dictyochales","Dictyocha","Dictyocha_speculum"
"ASV_1115","Eukaryota","TSAR","Alveolata","Dinoflagellata","Dinophyceae","Peridiniales","Amphidiniopsidaceae","Islandinium","unassigned"
"ASV_1117","Eukaryota","Obazoa","Opisthokonta","unassigned","unassigned","unassigned","unassigned","unassigned","unassigned"
"ASV_1118","Eukaryota","Obazoa","Opisthokonta","Choanoflagellata","Choanoflagellatea","Acanthoecida","Stephanoecidae","Bicosta","Bicosta_minor"
"ASV_1119","Eukaryota","Haptista","Haptophyta","Haptophyta_X","Prymnesiophyceae","unassigned","unassigned","unassigned","unassigned"
"ASV_1120","Eukaryota","TSAR","Alveolata","Dinoflagellata","Dinophyceae","unassigned","unassigned","unassigned","unassigned"
"ASV_1123","Eukaryota","TSAR","Alveolata","Dinoflagellata","Dinophyceae","unassigned","unassigned","unassigned","unassigned"
"ASV_1125","Eukaryota","TSAR","Alveolata","Dinoflagellata","Syndiniales","Dino-Group-II","Dino-Group-II-Clade-4","Dino-Group-II-Clade-4_X","Dino-Group-II-Clade-4_X_sp."
"ASV_1126","Eukaryota","TSAR","Alveolata","Ciliophora","Spirotrichea","Choreotrichida-Tintinnina","Stenosemellidae","Stenosemella","Stenosemella_pacifica"
"ASV_1127","Eukaryota","TSAR","Stramenopiles","Bigyra","Opalozoa","Nanomonadea","MAST-3","MAST-3F","MAST-3F_sp."
"ASV_1128","Eukaryota","Archaeplastida","Chlorophyta","Chlorophyta_X","Chlorophyceae","Chlamydomonadales","Chlamydomonadales_X","unassigned","unassigned"
"ASV_1129","Eukaryota","TSAR","Alveolata","Dinoflagellata","Syndiniales","Dino-Group-I","Dino-Group-I-Clade-1","Dino-Group-I-Clade-1_X","Dino-Group-I-Clade-1_X_sp."
"ASV_1131","Eukaryota","TSAR","Stramenopiles","Bigyra","Opalozoa","Nanomonadea","MAST-3","MAST-3D","MAST-3D_sp."
"ASV_1133","Eukaryota","TSAR","Stramenopiles","Gyrista","Raphidophyceae","Raphidophyceae_X","Raphidophyceae_XX","Heterosigma","Heterosigma_carterae"
"ASV_1134","Eukaryota","TSAR","Alveolata","Ciliophora","Spirotrichea","Choreotrichida-Tintinnina","unassigned","unassigned","unassigned"
"ASV_1135","Eukaryota","Haptista","Haptophyta","Haptophyta_X","Prymnesiophyceae","Prymnesiales","Chrysochromulinaceae","Chrysochromulina","unassigned"
"ASV_1136","Eukaryota","TSAR","Alveolata","Dinoflagellata","Dinophyceae","Gymnodiniales","Gymnodiniaceae","unassigned","unassigned"
"ASV_1137","Eukaryota","TSAR","Alveolata","Dinoflagellata","Dinophyceae","Dinophysales","Oxyphysiaceae","Phalachroma","unassigned"
"ASV_1138","Eukaryota","TSAR","Alveolata","Dinoflagellata","Syndiniales","Dino-Group-II","Dino-Group-II-Clade-10-and-11","Dino-Group-II-Clade-10-and-11_X","Dino-Group-II-Clade-10-and-11_X_sp."
"ASV_1139","Eukaryota","TSAR","Alveolata","Dinoflagellata","Syndiniales","unassigned","unassigned","unassigned","unassigned"
"ASV_1140","Eukaryota","Haptista","Haptophyta","Haptophyta_X","Prymnesiophyceae","Prymnesiales","Prymnesiaceae","unassigned","unassigned"
"ASV_1141","Eukaryota","TSAR","Telonemia","Telonemia_X","Telonemia_XX","Telonemia_XXX","Telonemia-Group-1","Telonemia-Group-1_X","Telonemia-Group-1_X_sp."
"ASV_1142","Eukaryota","Haptista","Haptophyta","Haptophyta_X","Prymnesiophyceae","Prymnesiales","Prymnesiaceae","Prymnesium","Prymnesium_sp."
"ASV_1143","Eukaryota","TSAR","Alveolata","Dinoflagellata","Dinophyceae","Dinophyceae_X","Dinophyceae_XX","Dinophyceae_XXX","Dinophyceae_XXX_sp."
"ASV_1146","Eukaryota","TSAR","Alveolata","Dinoflagellata","Dinophyceae","Peridiniales","Protoperidiniaceae","Protoperidinium","Protoperidinium_conicum"
"ASV_1148","Eukaryota","TSAR","Stramenopiles","Bigyra","Sagenista","Sagenista_X","MAST-7","unassigned","unassigned"
"ASV_1149","Eukaryota:nucl","Cryptista:nucl","Cryptophyta:nucl","Cryptophyta_X:nucl","Cryptophyceae:nucl","Cryptomonadales:nucl","Cryptomonadales_X:nucl","Plagioselmis:nucl","Plagioselmis_lacustris:nucl"
"ASV_1150","Eukaryota","TSAR","Alveolata","Ciliophora","Spirotrichea","Choreotrichida-Tintinnina","unassigned","unassigned","unassigned"
"ASV_1151","Eukaryota","TSAR","Alveolata","Dinoflagellata","Dinophyceae","Peridiniales","unassigned","unassigned","unassigned"
"ASV_1152","Eukaryota","TSAR","Stramenopiles","Gyrista","Mediophyceae","Chaetocerotales","Leptocylindraceae","Leptocylindrus","Leptocylindrus_danicus"
"ASV_1153","Eukaryota","TSAR","Alveolata","Dinoflagellata","Syndiniales","Dino-Group-II","unassigned","unassigned","unassigned"
"ASV_1154","Eukaryota","TSAR","Alveolata","Dinoflagellata","Dinophyceae","Peridiniales","unassigned","unassigned","unassigned"
"ASV_1155","Eukaryota","Cryptista","Cryptophyta","Cryptophyta_X","Cryptophyceae","Cryptomonadales","Cryptomonadales_X","unassigned","unassigned"
"ASV_1156","Eukaryota","TSAR","Rhizaria","Cercozoa","Endomyxa-Ascetosporea","Paradinida","Paradinidae","Paradinium","Paradinium_poucheti"
"ASV_1157","Eukaryota","TSAR","Rhizaria","Cercozoa","Filosa-Thecofilosea","Cryomonadida","Cryothecomonas-lineage","Cryothecomonas","Cryothecomonas_sp."
"ASV_1158","Eukaryota","TSAR","Alveolata","Dinoflagellata","Dinophyceae","Gymnodiniales","Gymnodiniaceae","Gyrodinium","Gyrodinium_guttula"
"ASV_1159","Eukaryota","TSAR","Telonemia","Telonemia_X","Telonemia_XX","Telonemia_XXX","Telonemia-Group-2","unassigned","unassigned"
"ASV_1160","Eukaryota","TSAR","Alveolata","Dinoflagellata","Syndiniales","Dino-Group-II","Dino-Group-II-Clade-20","Dino-Group-II-Clade-20_X","Dino-Group-II-Clade-20_X_sp."
"ASV_1162","Eukaryota","TSAR","Alveolata","Ciliophora","Spirotrichea","Choreotrichida","Leegaardiellidae","Leegaardiella","Leegaardiella_sp."
"ASV_1163","Eukaryota","TSAR","Alveolata","Dinoflagellata","Syndiniales","Dino-Group-I","Dino-Group-I-Clade-1","Dino-Group-I-Clade-1_X","Dino-Group-I-Clade-1_X_sp."
"ASV_1164","Eukaryota","TSAR","Alveolata","Ciliophora","Spirotrichea","Oligotrichida","Strombidiidae","Strombidium","Strombidium_capitatum"
"ASV_1165","Eukaryota:nucl","Cryptista:nucl","Cryptophyta:nucl","Cryptophyta_X:nucl","Cryptophyceae:nucl","Cryptomonadales:nucl","Cryptomonadales_X:nucl","Plagioselmis:nucl","Plagioselmis_lacustris:nucl"
"ASV_1167","Eukaryota","Haptista","Haptophyta","Haptophyta_X","Prymnesiophyceae","Prymnesiales","Chrysochromulinaceae","Chrysochromulina","unassigned"
"ASV_1168","Eukaryota","TSAR","Telonemia","Telonemia_X","Telonemia_XX","Telonemia_XXX","Telonemia-Group-2","Telonemia-Group-2_X","Telonemia-Group-2_X_sp."
"ASV_1169","Eukaryota","Archaeplastida","Picozoa","Picozoa_subdivision_1","unassigned","unassigned","unassigned","unassigned","unassigned"
"ASV_1170","Eukaryota","TSAR","Stramenopiles","Gyrista","Mediophyceae","Chaetocerotales","Chaetocerotaceae","Chaetoceros","Chaetoceros_socialis-debilis"
"ASV_1171","Eukaryota","TSAR","Alveolata","Dinoflagellata","unassigned","unassigned","unassigned","unassigned","unassigned"
"ASV_1174","Eukaryota","TSAR","Alveolata","Dinoflagellata","unassigned","unassigned","unassigned","unassigned","unassigned"
"ASV_1175","Eukaryota","TSAR","Alveolata","Dinoflagellata","Syndiniales","Dino-Group-I","Dino-Group-I-Clade-5","Dino-Group-I-Clade-5_X","Dino-Group-I-Clade-5_X_sp."
"ASV_1177","Eukaryota","TSAR","Rhizaria","Cercozoa","Filosa-Thecofilosea","Cryomonadida","Protaspa-lineage","Protaspa","unassigned"
"ASV_1180","Eukaryota","TSAR","Alveolata","Dinoflagellata","Syndiniales","Dino-Group-I","Dino-Group-I-Clade-1","Dino-Group-I-Clade-1_X","Dino-Group-I-Clade-1_X_sp."
"ASV_1181","Eukaryota","TSAR","Stramenopiles","Gyrista","Mediophyceae","Chaetocerotales","Leptocylindraceae","Leptocylindrus","Leptocylindrus_danicus"
"ASV_1182","Eukaryota","TSAR","Alveolata","Dinoflagellata","unassigned","unassigned","unassigned","unassigned","unassigned"
"ASV_1183","Eukaryota","TSAR","Alveolata","Dinoflagellata","Dinophyceae","unassigned","unassigned","unassigned","unassigned"
"ASV_1184","Eukaryota","TSAR","Alveolata","Dinoflagellata","Syndiniales","Dino-Group-II","Dino-Group-II-Clade-6","Dino-Group-II-Clade-6_X","Dino-Group-II-Clade-6_X_sp."
"ASV_1185","Eukaryota","Archaeplastida","Chlorophyta","Chlorophyta_X","Chloropicophyceae","Chloropicales","Chloropicaceae","Chloroparvula","Chloroparvula_pacifica"
"ASV_1187","Eukaryota","Obazoa","Opisthokonta","Choanoflagellata","Choanoflagellatea","Acanthoecida","Stephanoecidae_Group_D","Stephanoecidae_Group_D_X","Stephanoecidae_Group_D_X_sp."
"ASV_1191","Eukaryota","TSAR","Alveolata","Ciliophora","Spirotrichea","Oligotrichida","Strombidiidae","Varistrombidium","unassigned"
"ASV_1192","Eukaryota","TSAR","Alveolata","Dinoflagellata","Syndiniales","Dino-Group-I","Dino-Group-I-Clade-4","Dino-Group-I-Clade-4_X","Dino-Group-I-Clade-4_X_sp."
"ASV_1193","Eukaryota","TSAR","Stramenopiles","Gyrista","Dictyochophyceae","Dictyochophyceae_X","Dictyochales","Dictyochales_X","Dictyochales_X_sp."
"ASV_1194","Eukaryota","TSAR","Alveolata","Dinoflagellata","Syndiniales","Dino-Group-II","Dino-Group-II-Clade-7","Dino-Group-II-Clade-7_X","Dino-Group-II-Clade-7_X_sp."
"ASV_1195","Eukaryota","TSAR","Stramenopiles","Bigyra","Opalozoa","unassigned","unassigned","unassigned","unassigned"
"ASV_1196","Eukaryota","TSAR","Telonemia","Telonemia_X","Telonemia_XX","Telonemia_XXX","Telonemia-Group-2","Telonemia-Group-2_X","Telonemia-Group-2_X_sp."
"ASV_1197","Eukaryota","TSAR","Stramenopiles","Gyrista","Peronosporomycetes","Peronosporomycetes_X","unassigned","unassigned","unassigned"
"ASV_1198","Eukaryota","TSAR","Rhizaria","Radiolaria","Acantharea","Acantharea_F","Acantharea_F3","Haliommatidium","Haliommatidium_sp."
"ASV_1199","Eukaryota","TSAR","Alveolata","Dinoflagellata","Syndiniales","unassigned","unassigned","unassigned","unassigned"
"ASV_1200","Eukaryota","TSAR","Stramenopiles","Gyrista","Bacillariophyceae","Bacillariales","Bacillariaceae","Nitzschia","unassigned"
"ASV_1201","Eukaryota","TSAR","Rhizaria","Cercozoa","Filosa-Imbricatea","Filosa-Imbricatea_X","Novel-clade-2","Novel-clade-2_X","Novel-clade-2_X_sp."
"ASV_1202","Eukaryota","Haptista","Haptophyta","Haptophyta_X","Prymnesiophyceae","unassigned","unassigned","unassigned","unassigned"
"ASV_1203","Eukaryota","TSAR","Alveolata","Dinoflagellata","Dinophyceae","unassigned","unassigned","unassigned","unassigned"
"ASV_1204","Eukaryota","TSAR","Alveolata","Dinoflagellata","Syndiniales","Dino-Group-I","Dino-Group-I-Clade-1","Dino-Group-I-Clade-1_X","Dino-Group-I-Clade-1_X_sp."
"ASV_1205","Eukaryota","TSAR","Alveolata","Dinoflagellata","Dinophyceae","Peridiniales","unassigned","unassigned","unassigned"
"ASV_1208","Eukaryota","TSAR","Alveolata","Ciliophora","Spirotrichea","Choreotrichida","Strobilidiidae","unassigned","unassigned"
"ASV_1209","Eukaryota","TSAR","Alveolata","Dinoflagellata","Dinophyceae","unassigned","unassigned","unassigned","unassigned"
"ASV_1210","Eukaryota","TSAR","Rhizaria","Cercozoa","Chlorarachniophyceae","Chlorarachnida","Minorisa-lineage","Minorisa","Minorisa_sp."
"ASV_1211","Eukaryota","TSAR","Stramenopiles","Gyrista","Dictyochophyceae","Dictyochophyceae_X","Pedinellales","Pteridomonas","Pteridomonas_danica"
"ASV_1212","Eukaryota","TSAR","Alveolata","Dinoflagellata","Dinophyceae","unassigned","unassigned","unassigned","unassigned"
"ASV_1213","Eukaryota:nucl","Cryptista:nucl","Cryptophyta:nucl","Cryptophyta_X:nucl","Cryptophyceae:nucl","Cryptomonadales:nucl","Cryptomonadales_X:nucl","Geminigera:nucl","Geminigera_cryophila:nucl"
"ASV_1214","Eukaryota","TSAR","Alveolata","unassigned","unassigned","unassigned","unassigned","unassigned","unassigned"
"ASV_1216","Eukaryota","TSAR","Stramenopiles","Gyrista","Gyrista_X","Gyrista_XX","MAST-1","MAST-1C","MAST-1C_sp."
"ASV_1217","Eukaryota","TSAR","Alveolata","Dinoflagellata","Dinophyceae","Dinophyceae_X","Dinophyceae_XX","Dinophyceae_XXX","Dinophyceae_XXX_sp."
"ASV_1218","Eukaryota","Cryptista","Kathablepharidacea","Kathablepharida","Kathablepharidea","Kathablepharidida","Kathablepharidida_X","Leucocryptos","Leucocryptos_marina"
"ASV_1220","Eukaryota","Archaeplastida","Picozoa","Picozoa_subdivision_2","Picozoa_subdivision_2_X","Picozoa_subdivision_2_XX","Picozoa_subdivision_2_XXX","Picozoa_subdivision_2_XXXX","Picozoa_subdivision_2_XXXX_sp."
"ASV_1221","Eukaryota","Archaeplastida","Chlorophyta","Chlorophyta_X","Chlorodendrophyceae","Chlorodendrales","Chlorodendraceae","Tetraselmis","Tetraselmis_sp."
"ASV_1223","Eukaryota","Amoebozoa","Evosea","Evosea_X","Variosea","Variosea_X","Mariager-Fjord-lineage","Mariager-Fjord-lineage_X","Mariager-Fjord-lineage_X_sp."
"ASV_1224","Eukaryota","Obazoa","Opisthokonta","Choanoflagellata","Choanoflagellatea","Acanthoecida","unassigned","unassigned","unassigned"
"ASV_1225","Eukaryota","TSAR","Rhizaria","Cercozoa","unassigned","unassigned","unassigned","unassigned","unassigned"
"ASV_1226","Eukaryota","Archaeplastida","Chlorophyta","Chlorophyta_X","Chloropicophyceae","Chloropicales","Chloropicaceae","Chloropicon","Chloropicon_roscoffensis"
"ASV_1227","Eukaryota","TSAR","Stramenopiles","Gyrista","Mediophyceae","Thalassiosirales","Skeletonemaceae","Skeletonema","Skeletonema_dohrnii"
"ASV_1229","Eukaryota:nucl","Cryptista:nucl","Cryptophyta:nucl","Cryptophyta_X:nucl","Cryptophyceae:nucl","Cryptomonadales:nucl","Cryptomonadales_X:nucl","Geminigera:nucl","Geminigera_cryophila:nucl"
"ASV_1230","Eukaryota","TSAR","Stramenopiles","Bigyra","Sagenista","Labyrinthulomycetes","Labyrinthulomycetes_LAB7","Labyrinthulomycetes_LAB7_X","Labyrinthulomycetes_LAB7_X_sp."
"ASV_1232","Eukaryota","TSAR","Rhizaria","Radiolaria","Acantharea","Acantharea_F","Acantharea_F3","Acanthometra","Acanthometra_pellucida"
"ASV_1233","Eukaryota","TSAR","Alveolata","unassigned","unassigned","unassigned","unassigned","unassigned","unassigned"
"ASV_1234","Eukaryota","TSAR","Stramenopiles","unassigned","unassigned","unassigned","unassigned","unassigned","unassigned"
"ASV_1235","Eukaryota","TSAR","Stramenopiles","Bigyra","Sagenista","Sagenista_X","MAST-7","MAST-7E","MAST-7E_sp."
"ASV_1236","Eukaryota","TSAR","Alveolata","Dinoflagellata","Dinophyceae","unassigned","unassigned","unassigned","unassigned"
"ASV_1241","Eukaryota","TSAR","Alveolata","Dinoflagellata","unassigned","unassigned","unassigned","unassigned","unassigned"
"ASV_1242","Eukaryota","TSAR","Stramenopiles","Gyrista","Coscinodiscophyceae","Coscinodiscales","Hemidiscaceae","Actinocyclus","Actinocyclus_curvatulus"
"ASV_1243","Eukaryota","TSAR","Stramenopiles","Bigyra","Opalozoa","Opalozoa_X","MAST-12","unassigned","unassigned"
"ASV_1244","Eukaryota","TSAR","Alveolata","Dinoflagellata","Syndiniales","Dino-Group-II","Dino-Group-II-Clade-10-and-11","Dino-Group-II-Clade-10-and-11_X","Dino-Group-II-Clade-10-and-11_X_sp."
"ASV_1245","Eukaryota","TSAR","Stramenopiles","Gyrista","MOCH-3","MOCH-3_X","MOCH-3_XX","MOCH-3_XXX","MOCH-3_XXX_sp."
"ASV_1246","Eukaryota","TSAR","Rhizaria","Cercozoa","Filosa-Thecofilosea","Cryomonadida","Cryothecomonas-lineage","Cryothecomonas","unassigned"
"ASV_1248","Eukaryota","TSAR","Alveolata","Dinoflagellata","Syndiniales","Dino-Group-I","Dino-Group-I-Clade-4","Euduboscquella","unassigned"
"ASV_1249","Eukaryota:nucl","Cryptista:nucl","Cryptophyta:nucl","Cryptophyta_X:nucl","Cryptophyceae:nucl","Cryptomonadales:nucl","Cryptomonadales_X:nucl","unassigned","unassigned"
"ASV_1252","Eukaryota","TSAR","Alveolata","Dinoflagellata","Syndiniales","Dino-Group-II","Dino-Group-II-Clade-6","Dino-Group-II-Clade-6_X","Dino-Group-II-Clade-6_X_sp."
"ASV_1253","Eukaryota","TSAR","Alveolata","Dinoflagellata","Dinophyceae","unassigned","unassigned","unassigned","unassigned"
"ASV_1254","Eukaryota","TSAR","Stramenopiles","Gyrista","Chrysophyceae","Chrysophyceae_Clade-EC2I","Chrysophyceae_Clade-EC2I_X","Chrysophyceae_Clade-EC2I_XX","Chrysophyceae_Clade-EC2I_XX_sp."
"ASV_1255","Eukaryota","TSAR","Alveolata","Dinoflagellata","Dinophyceae","Gymnodiniales","Kareniaceae","Karlodinium","Karlodinium_veneficum"
"ASV_1256","Eukaryota","Obazoa","Opisthokonta","Choanoflagellata","Choanoflagellatea","Acanthoecida","Stephanoecidae_Group_D","Stephanoecidae_Group_D_X","Stephanoecidae_Group_D_X_sp."
"ASV_1257","Eukaryota","TSAR","Stramenopiles","Gyrista","Mediophyceae","Cymatosirales","Cymatosiraceae","Brockmanniella","Brockmanniella_brockmannii"
"ASV_1258","Eukaryota","Cryptista","Cryptophyta","Cryptophyta_X","Cryptophyceae","Cryptomonadales","Cryptomonadales_X","Teleaulax","Teleaulax_amphioxeia"
"ASV_1259","Eukaryota","Archaeplastida","Picozoa","Picozoa_subdivision_3","Picozoa_subdivision_3_X","Picozoa_subdivision_3_XX","Picozoa_subdivision_3_XXX","Picozoa_subdivision_3_XXXX","Picozoa_subdivision_3_XXXX_sp."
"ASV_1261","Eukaryota","Archaeplastida","Picozoa","Picozoa_subdivision_2","Picozoa_subdivision_2_X","Picozoa_subdivision_2_XX","Picozoa_subdivision_2_XXX","Picozoa_subdivision_2_XXXX","Picozoa_subdivision_2_XXXX_sp."
"ASV_1262","Eukaryota","TSAR","Rhizaria","Cercozoa","Filosa-Imbricatea","Euglyphida","Paulinellidae","Paulinella","Paulinella_sp."
"ASV_1264","Eukaryota","TSAR","Stramenopiles","Gyrista","Bolidophyceae","Parmales","unassigned","unassigned","unassigned"
"ASV_1265","Eukaryota","TSAR","Stramenopiles","Gyrista","Phaeophyceae","Phaeophyceae_X","Phaeophyceae_XX","unassigned","unassigned"
"ASV_1266","Eukaryota","TSAR","Telonemia","Telonemia_X","Telonemia_XX","Telonemia_XXX","Telonemia-Group-1","Telonema-Group-1","unassigned"
"ASV_1267","Eukaryota","TSAR","Alveolata","Dinoflagellata","Dinophyceae","Peridiniales","Thoracosphaeraceae","unassigned","unassigned"
"ASV_1269","Eukaryota","Archaeplastida","Picozoa","Picozoa_subdivision_1","unassigned","unassigned","unassigned","unassigned","unassigned"
"ASV_1271","Eukaryota","TSAR","Stramenopiles","Gyrista","Phaeophyceae","Phaeophyceae_X","Phaeophyceae_XX","Sargassum","Sargassum_thunbergii"
"ASV_1272","Eukaryota","TSAR","Stramenopiles","Bigyra","Sagenista","Pseudophyllomitidae","MAST-6","MAST-6_X","MAST-6_X_sp."
"ASV_1274","Eukaryota","TSAR","Alveolata","Dinoflagellata","Dinophyceae","Peridiniales","unassigned","unassigned","unassigned"
"ASV_1275","Eukaryota","TSAR","Alveolata","Dinoflagellata","Dinophyceae","Peridiniales","unassigned","unassigned","unassigned"
"ASV_1276","Eukaryota","TSAR","Alveolata","Dinoflagellata","Syndiniales","Dino-Group-II","Dino-Group-II_X","Dino-Group-II-Clade-52_XX","Dino-Group-II-Clade-52_XX_sp."
"ASV_1277","Eukaryota","TSAR","Alveolata","Ciliophora","Spirotrichea","Choreotrichida","Strobilidiidae","Pelagostrobilidium","Pelagostrobilidium_paraepacrum"
"ASV_1278","Eukaryota","Haptista","Haptophyta","Haptophyta_X","Prymnesiophyceae","Prymnesiales","Chrysochromulinaceae","Chrysochromulina","Chrysochromulina_rotalis"
"ASV_1279","Eukaryota","TSAR","Alveolata","Ciliophora","Spirotrichea","Choreotrichida","Strobilidiidae","Rimostrombidium","Rimostrombidium_veniliae"
"ASV_1280","Eukaryota","TSAR","Rhizaria","Cercozoa","Chlorarachniophyceae","Chlorarachnida","Minorisa-lineage","Minorisa","Minorisa_sp."
"ASV_1281","Eukaryota","TSAR","Stramenopiles","Bigyra","Sagenista","Pseudophyllomitidae","MAST-6","MAST-6_X","MAST-6_X_sp."
"ASV_1282","Eukaryota","TSAR","Alveolata","Dinoflagellata","Dinophyceae","Peridiniales","unassigned","unassigned","unassigned"
"ASV_1284","Eukaryota","Haptista","Haptophyta","Haptophyta_X","Prymnesiophyceae","Prymnesiales","Prymnesiaceae","Prymnesium","unassigned"
"ASV_1286","Eukaryota","TSAR","Rhizaria","Cercozoa","Filosa-Thecofilosea","Filosa-Thecofilosea_X","Mataza-lineage","Mataza-lineage_X","Mataza-lineage_X_sp."
"ASV_1287","Eukaryota","TSAR","Alveolata","Dinoflagellata","Syndiniales","Dino-Group-I","Dino-Group-I-Clade-4","Dino-Group-I-Clade-4_X","Dino-Group-I-Clade-4_X_sp."
"ASV_1290","Eukaryota","TSAR","Alveolata","Dinoflagellata","Syndiniales","Dino-Group-II","Dino-Group-II-Clade-22","Dino-Group-II-Clade-22_X","Dino-Group-II-Clade-22_X_sp."
"ASV_1294","Eukaryota","TSAR","Alveolata","unassigned","unassigned","unassigned","unassigned","unassigned","unassigned"
"ASV_1295","Eukaryota","TSAR","Alveolata","Dinoflagellata","Dinophyceae","Gymnodiniales","Warnowiaceae","Warnowia","Warnowia_sp."
"ASV_1296","Eukaryota","TSAR","Rhizaria","Cercozoa","Filosa-Thecofilosea","Cryomonadida","unassigned","unassigned","unassigned"
"ASV_1298","Eukaryota","TSAR","Alveolata","Ciliophora","unassigned","unassigned","unassigned","unassigned","unassigned"
"ASV_1299","Eukaryota","TSAR","Rhizaria","Cercozoa","Filosa-Thecofilosea","Cryomonadida","Cryothecomonas-lineage","Cryothecomonas","Cryothecomonas_aestivalis"
"ASV_1300","Eukaryota","TSAR","Rhizaria","Cercozoa","Filosa-Thecofilosea","Cryomonadida","Protaspa-lineage","Protaspa","Protaspa_longipes"
"ASV_1301","Eukaryota","TSAR","Alveolata","Ciliophora","Spirotrichea","Choreotrichida","Choreotrichida_X","Choreotrichida_XX","Choreotrichida_XX_sp."
"ASV_1302","Eukaryota","TSAR","Rhizaria","Cercozoa","Filosa-Thecofilosea","Cryomonadida","Cryothecomonas-lineage","Cryothecomonas-lineage_X","Cryothecomonas-lineage_X_sp."
"ASV_1304","Eukaryota","Archaeplastida","Picozoa","Picozoa_subdivision_2","Picozoa_subdivision_2_X","Picozoa_subdivision_2_XX","Picozoa_subdivision_2_XXX","Picozoa_subdivision_2_XXXX","Picozoa_subdivision_2_XXXX_sp."
"ASV_1305","Eukaryota","TSAR","Stramenopiles","Gyrista","Mediophyceae","Chaetocerotales","Chaetocerotaceae","Chaetoceros","Chaetoceros_socialis"
"ASV_1306","Eukaryota","Obazoa","Opisthokonta","unassigned","unassigned","unassigned","unassigned","unassigned","unassigned"
"ASV_1307","Eukaryota","TSAR","Alveolata","unassigned","unassigned","unassigned","unassigned","unassigned","unassigned"
"ASV_1308","Eukaryota","TSAR","Alveolata","Dinoflagellata","Dinophyceae","Peridiniales","unassigned","unassigned","unassigned"
"ASV_1309","Eukaryota","TSAR","Alveolata","Ciliophora","Spirotrichea","Choreotrichida","Choreotrichida_X","Choreotrichida_XX","Choreotrichida_XX_sp."
"ASV_1310","Eukaryota:nucl","Cryptista:nucl","Cryptophyta:nucl","Cryptophyta_X:nucl","Cryptophyceae:nucl","Cryptomonadales:nucl","Cryptomonadales_X:nucl","unassigned","unassigned"
"ASV_1311","Eukaryota","Excavata","Discoba","Euglenozoa","Euglenophyceae","Eutreptiales","Eutreptiaceae","Eutreptiella","Eutreptiella_eupharyngea"
"ASV_1312","Eukaryota","TSAR","Telonemia","Telonemia_X","Telonemia_XX","Telonemia_XXX","Telonemia-Group-2","Telonemia-Group-2_X","Telonemia-Group-2_X_sp."
"ASV_1313","Eukaryota","TSAR","Alveolata","Dinoflagellata","Syndiniales","Dino-Group-II","Dino-Group-II-Clade-10-and-11","Dino-Group-II-Clade-10-and-11_X","Dino-Group-II-Clade-10-and-11_X_sp."
"ASV_1314","Eukaryota","TSAR","Alveolata","Dinoflagellata","Syndiniales","Dino-Group-II","Dino-Group-II-Clade-5","Dino-Group-II-Clade-5_X","Dino-Group-II-Clade-5_X_sp."
"ASV_1319","Eukaryota","TSAR","Stramenopiles","Gyrista","MOCH-4","MOCH-4_X","MOCH-4_XX","MOCH-4_XXX","MOCH-4_XXX_sp."
"ASV_1321","Eukaryota","Obazoa","Opisthokonta","unassigned","unassigned","unassigned","unassigned","unassigned","unassigned"
"ASV_1325","Eukaryota","TSAR","Stramenopiles","Gyrista","Dictyochophyceae","Dictyochophyceae_X","Pedinellales","unassigned","unassigned"
"ASV_1328","Eukaryota","TSAR","Telonemia","Telonemia_X","Telonemia_XX","Telonemia_XXX","Telonemia-Group-2","Telonemia-Group-2_X","Telonemia-Group-2_X_sp."
"ASV_1330","Eukaryota","TSAR","Alveolata","Dinoflagellata","Syndiniales","Dino-Group-I","Dino-Group-I-Clade-8","Dino-Group-I-Clade-8_X","Dino-Group-I-Clade-8_X_sp."
"ASV_1332","Eukaryota","TSAR","Alveolata","Dinoflagellata","Syndiniales","Dino-Group-II","Dino-Group-II-Clade-33","Dino-Group-II-Clade-33_X","Dino-Group-II-Clade-33_X_sp."
"ASV_1333","Eukaryota","TSAR","Alveolata","Dinoflagellata","Dinophyceae","unassigned","unassigned","unassigned","unassigned"
"ASV_1336","Eukaryota","TSAR","Rhizaria","Cercozoa","Filosa-Thecofilosea","Ebriacea","unassigned","unassigned","unassigned"
"ASV_1337","Eukaryota","Archaeplastida","Prasinodermophyta","Prasinodermophyta_X","Prasinodermophyceae","Prasinodermales","Prasinodermaceae","unassigned","unassigned"
"ASV_1338","Eukaryota","TSAR","Alveolata","Dinoflagellata","Syndiniales","Dino-Group-I","Dino-Group-I-Clade-4","Dino-Group-I-Clade-4_X","Dino-Group-I-Clade-4_X_sp."
"ASV_1339","Eukaryota","Archaeplastida","Chlorophyta","Chlorophyta_X","Chlorodendrophyceae","Chlorodendrales","Chlorodendraceae","Tetraselmis","unassigned"
"ASV_1340","Eukaryota","TSAR","Alveolata","Dinoflagellata","unassigned","unassigned","unassigned","unassigned","unassigned"
"ASV_1341","Eukaryota","TSAR","Alveolata","Dinoflagellata","Dinophyceae","Peridiniales","Protoperidiniaceae","Protoperidinium","Protoperidinium_pellucidum"
"ASV_1342","Eukaryota","TSAR","Alveolata","Dinoflagellata","Dinophyceae","Suessiales","Suessiaceae","Ansanella","Ansanella_granifera"
"ASV_1343","Eukaryota","TSAR","Alveolata","Dinoflagellata","Syndiniales","Dino-Group-II","Dino-Group-II-Clade-22","Dino-Group-II-Clade-22_X","Dino-Group-II-Clade-22_X_sp."
"ASV_1344","Eukaryota","Cryptista","Kathablepharidacea","Kathablepharida","Kathablepharidea","Kathablepharidida","Kathablepharidida_X","unassigned","unassigned"
"ASV_1345","Eukaryota","Haptista","Haptophyta","Haptophyta_X","Prymnesiophyceae","Prymnesiales","Prymnesiophyceae_Clade_B4","Prymnesiophyceae_Clade_B4_X","Prymnesiophyceae_Clade_B4_X_sp."
"ASV_1346","Eukaryota","TSAR","Alveolata","Dinoflagellata","Syndiniales","Dino-Group-II","Dino-Group-II-Clade-3","Dino-Group-II-Clade-3_X","Dino-Group-II-Clade-3_X_sp."
"ASV_1347","Eukaryota","TSAR","Alveolata","Dinoflagellata","Syndiniales","Dino-Group-III","Dino-Group-III_X","Dino-Group-III_XX","Dino-Group-III_XX_sp."
"ASV_1348","Eukaryota","TSAR","Alveolata","Ciliophora","Spirotrichea","Oligotrichida","Tontoniidae","Tontoniidae_X","Tontoniidae_X_sp."
"ASV_1349","Eukaryota","TSAR","Stramenopiles","Bigyra","Sagenista","Sagenista_X","MAST-10","MAST-10_X","MAST-10_X_sp."
"ASV_1350","Eukaryota","TSAR","Alveolata","Dinoflagellata","Dinophyceae","Gymnodiniales","unassigned","unassigned","unassigned"
"ASV_1351","Eukaryota","Archaeplastida","Picozoa","Picozoa_subdivision_2","Picozoa_subdivision_2_X","Picozoa_subdivision_2_XX","Picozoa_subdivision_2_XXX","Picozoa_subdivision_2_XXXX","Picozoa_subdivision_2_XXXX_sp."
"ASV_1352","Eukaryota","TSAR","Alveolata","Dinoflagellata","Dinophyceae","unassigned","unassigned","unassigned","unassigned"
"ASV_1353","Eukaryota","TSAR","Rhizaria","Cercozoa","Filosa-Imbricatea","Filosa-Imbricatea_X","Novel-clade-2","Novel-clade-2_X","Novel-clade-2_X_sp."
"ASV_1355","Eukaryota","TSAR","Rhizaria","Cercozoa","Filosa-Thecofilosea","Filosa-Thecofilosea_X","Mataza-lineage","Mataza","Mataza_hastifera"
"ASV_1357","Eukaryota","TSAR","Stramenopiles","Gyrista","Coscinodiscophyceae","Coscinodiscales","Hemidiscaceae","Actinocyclus","Actinocyclus_curvatulus"
"ASV_1358","Eukaryota","TSAR","Rhizaria","Cercozoa","Chlorarachniophyceae","Chlorarachnida","Minorisa-lineage","Minorisa","Minorisa_sp."
"ASV_1359","Eukaryota","TSAR","Stramenopiles","Gyrista","Coscinodiscophyceae","Rhizosoleniales","Rhizosoleniaceae","Rhizosolenia","Rhizosolenia_similoides"
"ASV_1360","Eukaryota","TSAR","Stramenopiles","Gyrista","Bacillariophyceae","Naviculales","Pleurosigmataceae","Pleurosigma","unassigned"
"ASV_1362","Eukaryota","TSAR","Stramenopiles","Gyrista","Mediophyceae","Thalassiosirales","Thalassiosiraceae","Thalassiosira","unassigned"
"ASV_1363","Eukaryota","Excavata","Discoba","Euglenozoa","Diplonemea","Diplonemida","Diplonemidae","Lacrimia","unassigned"
"ASV_1365","Eukaryota","Obazoa","Opisthokonta","Choanoflagellata","Choanoflagellatea","Acanthoecida","Stephanoecidae_Group_E","Stephanoecidae_Group_E_X","Stephanoecidae_Group_E_X_sp."
"ASV_1366","Eukaryota","TSAR","Alveolata","Dinoflagellata","Syndiniales","Dino-Group-II","Dino-Group-II-Clade-8","Dino-Group-II-Clade-8_X","Dino-Group-II-Clade-8_X_sp."
"ASV_1367","Eukaryota","TSAR","Alveolata","Dinoflagellata","Dinophyceae","Peridiniales","Amphidiniopsidaceae","Islandinium","Islandinium_tricingulatum"
"ASV_1369","Eukaryota","Archaeplastida","Chlorophyta","Chlorophyta_X","Pyramimonadophyceae","Pyramimonadales","Pyramimonadaceae","Pyramimonas","Pyramimonas_disomata"
"ASV_1370","Eukaryota","TSAR","Stramenopiles","Gyrista","Mediophyceae","Thalassiosirales","Stephanodiscaceae","Cyclotella","Cyclotella_choctawhatcheeana"
"ASV_1371","Eukaryota","TSAR","Alveolata","Dinoflagellata","Dinophyceae","unassigned","unassigned","unassigned","unassigned"
"ASV_1372","Eukaryota","TSAR","Alveolata","Dinoflagellata","Syndiniales","Dino-Group-II","unassigned","unassigned","unassigned"
"ASV_1373","Eukaryota","TSAR","Stramenopiles","Gyrista","Dictyochophyceae","Dictyochophyceae_X","Florenciellales","Pseudochattonella","Pseudochattonella_verruculosa"
"ASV_1374","Eukaryota","TSAR","Alveolata","Dinoflagellata","Syndiniales","Dino-Group-I","Dino-Group-I-Clade-1","Dino-Group-I-Clade-1_X","Dino-Group-I-Clade-1_X_sp."
"ASV_1376","Eukaryota","TSAR","Alveolata","Dinoflagellata","Syndiniales","Dino-Group-II","Dino-Group-II-Clade-1","Dino-Group-II-Clade-1_X","Dino-Group-II-Clade-1_X_sp."
"ASV_1377","Eukaryota","Cryptista","unassigned","unassigned","unassigned","unassigned","unassigned","unassigned","unassigned"
"ASV_1378","Eukaryota","Haptista","Haptophyta","Haptophyta_X","Prymnesiophyceae","Prymnesiales","Chrysochromulinaceae","Chrysochromulina","Chrysochromulina_leadbeateri"
"ASV_1379","Eukaryota","TSAR","Alveolata","Dinoflagellata","Dinophyceae","Gymnodiniales","Gymnodiniaceae","unassigned","unassigned"
"ASV_1381","Eukaryota","TSAR","Alveolata","Ciliophora","Spirotrichea","Choreotrichida","Strobilidiidae","Rimostrombidium","Rimostrombidium_veniliae"
"ASV_1382","Eukaryota","TSAR","Alveolata","Dinoflagellata","Dinophyceae","Peridiniales","Thoracosphaeraceae","Scrippsiella","Scrippsiella_precaria"
"ASV_1384","Eukaryota","TSAR","Stramenopiles","Bigyra","Opalozoa","Nanomonadea","MAST-3","unassigned","unassigned"
"ASV_1385","Eukaryota","TSAR","Alveolata","Ciliophora","Spirotrichea","Choreotrichida","Choreotrichida_X","Choreotrichida_XX","Choreotrichida_XX_sp."
"ASV_1386","Eukaryota","TSAR","Stramenopiles","Bigyra","Opalozoa","Nanomonadea","MAST-3","MAST-3E","MAST-3E_sp."
"ASV_1387","Eukaryota","TSAR","Stramenopiles","Bigyra","Sagenista","Sagenista_X","MAST-4","MAST-4A","MAST-4A_sp."
"ASV_1389","Eukaryota","Excavata","Discoba","Euglenozoa","Diplonemea","Diplonemida","Diplonemidae","Lacrimia","unassigned"
"ASV_1390","Eukaryota","TSAR","Rhizaria","Radiolaria","Polycystinea","Nassellaria","Lophophaenidae","Lithomelissa","Lithomelissa_setosa"
"ASV_1391","Eukaryota","Haptista","unassigned","unassigned","unassigned","unassigned","unassigned","unassigned","unassigned"
"ASV_1392","Eukaryota","TSAR","Stramenopiles","Gyrista","Raphidophyceae","Raphidophyceae_X","Raphidophyceae_XX","Heterosigma","Heterosigma_carterae"
"ASV_1393","Eukaryota","TSAR","Stramenopiles","Gyrista","Mediophyceae","Thalassiosirales","Thalassiosiraceae","Thalassiosira","unassigned"
"ASV_1394","Eukaryota","TSAR","Stramenopiles","Bigyra","Opalozoa","Opalozoa_X","MAST-12","unassigned","unassigned"
"ASV_1396","Eukaryota","Haptista","Haptophyta","Haptophyta_X","Prymnesiophyceae","Prymnesiales","Prymnesiaceae","Prymnesium","unassigned"
"ASV_1397","Eukaryota","TSAR","Alveolata","Dinoflagellata","Dinophyceae","Gonyaulacales","Gonyaulacaceae","Spiniferites","Spiniferites_ramosus"
"ASV_1398","Eukaryota","TSAR","Stramenopiles","Bigyra","Opalozoa","Opalozoa_X","MAST-12","MAST-12A","MAST-12A_sp."
"ASV_1399","Eukaryota","TSAR","Rhizaria","Radiolaria","Acantharea","Acantharea_4","Acantharea_4d","Acantharea_4d_X","Acantharea_4d_X_sp."
"ASV_1400","Eukaryota","Cryptista","Cryptophyta","Cryptophyta_X","Cryptophyceae","Pyrenomonadales","Pyrenomonadaceae","Rhodomonas","Rhodomonas_sp."
"ASV_1401","Eukaryota","TSAR","Alveolata","Dinoflagellata","unassigned","unassigned","unassigned","unassigned","unassigned"
"ASV_1403","Eukaryota","TSAR","Alveolata","Dinoflagellata","Dinophyceae","Gymnodiniales","Gymnodiniaceae","Gyrodinium","Gyrodinium_guttula"
"ASV_1404","Eukaryota","TSAR","Stramenopiles","Gyrista","Mediophyceae","Thalassiosirales","Skeletonemaceae","Skeletonema","Skeletonema_menzelii"
"ASV_1405","Eukaryota","TSAR","Stramenopiles","Gyrista","Mediophyceae","Thalassiosirales","Lauderiaceae","Lauderia","Lauderia_annulata"
"ASV_1406","Eukaryota","TSAR","Stramenopiles","Gyrista","Gyrista_X","Gyrista_XX","MAST-1","MAST-1C","MAST-1C_sp."
"ASV_1407","Eukaryota","TSAR","Rhizaria","Cercozoa","Filosa-Thecofilosea","Cryomonadida","Protaspa-lineage","Protaspa","unassigned"
"ASV_1408","Eukaryota","TSAR","Alveolata","Dinoflagellata","Syndiniales","Dino-Group-II","unassigned","unassigned","unassigned"
"ASV_1409","Eukaryota","TSAR","Alveolata","Dinoflagellata","unassigned","unassigned","unassigned","unassigned","unassigned"
"ASV_1410","Eukaryota","TSAR","Alveolata","Ciliophora","Spirotrichea","Choreotrichida","Choreotrichida_X","Choreotrichida_XX","Choreotrichida_XX_sp."
"ASV_1413","Eukaryota","TSAR","Alveolata","Dinoflagellata","Syndiniales","Dino-Group-II","Dino-Group-II-Clade-10-and-11","Dino-Group-II-Clade-10-and-11_X","Dino-Group-II-Clade-10-and-11_X_sp."
"ASV_1415","Eukaryota","TSAR","Alveolata","Dinoflagellata","Dinophyceae","Gymnodiniales","Gymnodiniaceae","Paragymnodinium","Paragymnodinium_shiwhaense"
"ASV_1416","Eukaryota","TSAR","Telonemia","Telonemia_X","Telonemia_XX","Telonemia_XXX","Telonemia-Group-2","Telonemia-Group-2_X","Telonemia-Group-2_X_sp."
"ASV_1418","Eukaryota","TSAR","Rhizaria","Cercozoa","Filosa-Imbricatea","Filosa-Imbricatea_X","Novel-clade-2","Novel-clade-2_X","Novel-clade-2_X_sp."
"ASV_1419","Eukaryota","TSAR","Alveolata","Dinoflagellata","Dinophyceae","Peridiniales","Protoperidiniaceae","Protoperidinium","Protoperidinium_sp."
"ASV_1422","Eukaryota","Archaeplastida","Chlorophyta","Chlorophyta_X","Chlorodendrophyceae","Chlorodendrales","Chlorodendraceae","Chlorodendrales_XX","Chlorodendrales_X_sp."
"ASV_1423","Eukaryota","TSAR","Alveolata","Ciliophora","Spirotrichea","Choreotrichida-Tintinnina","unassigned","unassigned","unassigned"
"ASV_1424","Eukaryota","TSAR","Stramenopiles","Gyrista","unassigned","unassigned","unassigned","unassigned","unassigned"
"ASV_1425","Eukaryota","TSAR","Stramenopiles","Gyrista","Peronosporomycetes","Peronosporomycetes_X","Peronosporomycetes_XX","Peronosporomycetes_XXX","Peronosporomycetes_XXX_sp."
"ASV_1426","Eukaryota","TSAR","Telonemia","Telonemia_X","Telonemia_XX","Telonemia_XXX","Telonemia-Group-2","Telonema-Group-2","Telonema_antarcticum"
"ASV_1427","Eukaryota","TSAR","Alveolata","Dinoflagellata","Syndiniales","Dino-Group-II","unassigned","unassigned","unassigned"
"ASV_1428","Eukaryota:nucl","Cryptista:nucl","Cryptophyta:nucl","Cryptophyta_X:nucl","Cryptophyceae:nucl","Cryptomonadales:nucl","Cryptomonadales_X:nucl","unassigned","unassigned"
"ASV_1429","Eukaryota","TSAR","Alveolata","Ciliophora","Ciliophora_X","Ciliophora_XX","Ciliophora_XXX","Cyclotrichium","unassigned"
"ASV_1431","Eukaryota","TSAR","Alveolata","Dinoflagellata","Dinophyceae","Gymnodiniales","Gymnodiniaceae","Lepidodinium","Lepidodinium_chlorophorum"
"ASV_1433","Eukaryota","Archaeplastida","Picozoa","Picozoa_subdivision_1","Picozoa_subdivision_1B","Picozoa_subdivision_1B_X","Picozoa_subdivision_1B_XX","Picozoa_subdivision_1B_XXX","Picozoa_subdivision_1B_XXX_sp."
"ASV_1434","Eukaryota","TSAR","Stramenopiles","Bigyra","Opalozoa","Nanomonadea","MAST-3","MAST-3I","MAST-3I_sp."
"ASV_1437","Eukaryota","TSAR","Alveolata","Dinoflagellata","Syndiniales","Dino-Group-I","Dino-Group-I-Clade-1","Dino-Group-I-Clade-1_X","Dino-Group-I-Clade-1_X_sp."
"ASV_1439","Eukaryota","TSAR","Stramenopiles","Bigyra","Sagenista","Sagenista_X","MAST-7","MAST-7A","MAST-7A_sp."
"ASV_1440","Eukaryota","TSAR","Alveolata","Ciliophora","Spirotrichea","Oligotrichida","Tontoniidae","Tontoniidae_X","Tontoniidae_X_sp."
"ASV_1442","Eukaryota","TSAR","Alveolata","Dinoflagellata","Dinophyceae","Torodiniales","Torodiniaceae","Torodinium","Torodinium_robustum"
"ASV_1446","Eukaryota","TSAR","Alveolata","Dinoflagellata","Syndiniales","Dino-Group-II","Dino-Group-II-Clade-1","Dino-Group-II-Clade-1_X","Dino-Group-II-Clade-1_X_sp."
"ASV_1447","Eukaryota","TSAR","Stramenopiles","Gyrista","unassigned","unassigned","unassigned","unassigned","unassigned"
"ASV_1448","Eukaryota","TSAR","Stramenopiles","unassigned","unassigned","unassigned","unassigned","unassigned","unassigned"
"ASV_1449","Eukaryota","TSAR","Rhizaria","Cercozoa","Filosa-Thecofilosea","Cryomonadida","unassigned","unassigned","unassigned"
"ASV_1450","Eukaryota","Archaeplastida","Picozoa","Picozoa_subdivision_1","Picozoa_subdivision_1B","Picozoa_subdivision_1B_X","Picozoa_subdivision_1B_XX","Picozoa_subdivision_1B_XXX","Picozoa_subdivision_1B_XXX_sp."
"ASV_1453","Eukaryota","TSAR","Alveolata","Dinoflagellata","Dinophyceae","Gonyaulacales","Gonyaulacaceae","Gonyaulax","Gonyaulax_baltica"
"ASV_1455","Eukaryota","TSAR","Stramenopiles","Gyrista","Mediophyceae","Thalassiosirales","Thalassiosiraceae","Mediolabrus","Mediolabrus_comicus"
"ASV_1456","Eukaryota","TSAR","Telonemia","Telonemia_X","Telonemia_XX","Telonemia_XXX","Telonemia-Group-2","Telonema-Group-2","Telonema_antarcticum"
"ASV_1457","Eukaryota","TSAR","Alveolata","Dinoflagellata","Dinophyceae","Peridiniales","Protoperidiniaceae","Protoperidinium","Protoperidinium_conicum"
"ASV_1458","Eukaryota","TSAR","Alveolata","Ciliophora","Spirotrichea","Oligotrichida","Tontoniidae","Tontoniidae_X","Tontoniidae_X_sp."
"ASV_1459","Eukaryota","Obazoa","Opisthokonta","unassigned","unassigned","unassigned","unassigned","unassigned","unassigned"
"ASV_1460","Eukaryota","TSAR","Rhizaria","Cercozoa","Filosa-Imbricatea","Filosa-Imbricatea_X","Filosa-Imbricatea_XX","Quadricilia","Quadricilia_rotundata"
"ASV_1462","Eukaryota","TSAR","Alveolata","Ciliophora","Spirotrichea","Choreotrichida-Tintinnina","unassigned","unassigned","unassigned"
"ASV_1463","Eukaryota","Excavata","Discoba","Euglenozoa","Diplonemea","Diplonemida","Diplonemidae","Lacrimia","Lacrimia_sp."
"ASV_1464","Eukaryota","TSAR","Stramenopiles","Gyrista","Bolidophyceae","Parmales","Parmales_env_3","Parmales_env_3_X","Parmales_env_3_X_sp."
"ASV_1466","Eukaryota","TSAR","Alveolata","Dinoflagellata","Syndiniales","Dino-Group-II","Dino-Group-II-Clade-16","Dino-Group-II-Clade-16_X","Dino-Group-II-Clade-16_X_sp."
"ASV_1467","Eukaryota","TSAR","Alveolata","Dinoflagellata","Dinophyceae","Gymnodiniales","Gymnodiniaceae","Gyrodinium","Gyrodinium_guttula"
"ASV_1468","Eukaryota","TSAR","Alveolata","Ciliophora","Spirotrichea","Choreotrichida-Tintinnina","Stenosemellidae","Stenosemella","Stenosemella_sp."
"ASV_1469","Eukaryota","TSAR","Alveolata","Dinoflagellata","Dinophyceae","Gymnodiniales","Kareniaceae","Karlodinium","Karlodinium_veneficum"
"ASV_1472","Eukaryota","TSAR","Alveolata","Ciliophora","Spirotrichea","Oligotrichida","Strombidiidae","Strombidiidae_X","Strombidiidae_X_sp."
"ASV_1473","Eukaryota","TSAR","Stramenopiles","Gyrista","Mediophyceae","Thalassiosirales","Thalassiosiraceae","Porosira","Porosira_glacialis"
"ASV_1476","Eukaryota","TSAR","Rhizaria","Radiolaria","Acantharea","unassigned","unassigned","unassigned","unassigned"
"ASV_1477","Eukaryota","TSAR","Alveolata","Ciliophora","Spirotrichea","Choreotrichida","Strobilidiidae","Pelagostrobilidium","Pelagostrobilidium_neptuni"
"ASV_1479","Eukaryota","TSAR","Stramenopiles","Gyrista","Chrysophyceae","Chrysophyceae_Clade-EC2H","Chrysophyceae_Clade-EC2H_X","Chrysophyceae_Clade-EC2H_XX","Chrysophyceae_Clade-EC2H_XX_sp."
"ASV_1480","Eukaryota","TSAR","Alveolata","Dinoflagellata","Dinophyceae","Peridiniales","Protoperidiniaceae","Protoperidinium","Protoperidinium_conicum"
"ASV_1483","Eukaryota","TSAR","Alveolata","Dinoflagellata","Dinophyceae","Peridiniales","unassigned","unassigned","unassigned"
"ASV_1484","Eukaryota","TSAR","Stramenopiles","Gyrista","Bacillariophyceae","Bacillariales","Bacillariaceae","Pseudo-nitzschia","Pseudo-nitzschia_delicatissima"
"ASV_1485","Eukaryota","TSAR","Stramenopiles","Gyrista","Dictyochophyceae","Dictyochophyceae_X","Pedinellales","Pseudopedinella","Pseudopedinella_elastica"
"ASV_1486","Eukaryota","Cryptista","Kathablepharidacea","Kathablepharida","Kathablepharidea","Kathablepharidida","Kathablepharidida_X","Kathablepharidida_XX","Kathablepharidida_XX_sp."
"ASV_1487","Eukaryota","TSAR","Stramenopiles","Bigyra","Opalozoa","Nanomonadea","MAST-3","MAST-3C","MAST-3C_sp."
"ASV_1488","Eukaryota","TSAR","Rhizaria","Cercozoa","Filosa-Thecofilosea","Cryomonadida","Protaspa-lineage","Protaspa","Protaspa_longipes"
"ASV_1489","Eukaryota","TSAR","Stramenopiles","Bigyra","Sagenista","Sagenista_X","MAST-4","MAST-4E","MAST-4E_sp."
"ASV_1490","Eukaryota","Haptista","Haptophyta","Haptophyta_X","Prymnesiophyceae","Prymnesiales","Chrysochromulinaceae","Chrysochromulina","Chrysochromulina_leadbeateri"
"ASV_1493","Eukaryota","TSAR","Alveolata","Dinoflagellata","Dinophyceae","unassigned","unassigned","unassigned","unassigned"
"ASV_1496","Eukaryota","TSAR","Stramenopiles","Gyrista","Bacillariophyceae","Naviculales","Naviculaceae","Haslea","Haslea_tsukamotoi"
"ASV_1497","Eukaryota","TSAR","Alveolata","Dinoflagellata","Syndiniales","Dino-Group-I","Dino-Group-I-Clade-5","Dino-Group-I-Clade-5_X","Dino-Group-I-Clade-5_X_sp."
"ASV_1500","Eukaryota","Haptista","Haptophyta","Haptophyta_X","Prymnesiophyceae","Prymnesiales","Chrysochromulinaceae","Chrysochromulina","Chrysochromulina_sp."
"ASV_1501","Eukaryota","TSAR","Stramenopiles","Gyrista","Gyrista_X","Gyrista_XX","MAST-1","MAST-1C","MAST-1C_sp."
"ASV_1502","Eukaryota","TSAR","Rhizaria","Cercozoa","Chlorarachniophyceae","Chlorarachniophyceae_X","NPK2-lineage","NPK2-lineage_X","NPK2-lineage_X_sp."
"ASV_1504","Eukaryota","Obazoa","Opisthokonta","unassigned","unassigned","unassigned","unassigned","unassigned","unassigned"
"ASV_1505","Eukaryota","TSAR","Alveolata","Dinoflagellata","Dinophyceae","Torodiniales","Torodiniaceae","Torodinium","Torodinium_robustum"
"ASV_1507","Eukaryota","TSAR","Alveolata","Dinoflagellata","Dinophyceae","Gymnodiniales","Gymnodiniales_X","Grammatodinium","Grammatodinium_tongyeonginum"
"ASV_1509","Eukaryota","TSAR","Rhizaria","Cercozoa","Filosa-Thecofilosea","Cryomonadida","Protaspa-lineage","Protaspa","Protaspa_longipes"
"ASV_1511","Eukaryota","TSAR","Stramenopiles","Gyrista","Mediophyceae","Thalassiosirales","Thalassiosiraceae","Thalassiosira","unassigned"
"ASV_1513","Eukaryota","TSAR","Rhizaria","Cercozoa","Filosa-Thecofilosea","Cryomonadida","Protaspa-lineage","Protaspa","Protaspa_longipes"
"ASV_1514","Eukaryota","Obazoa","Opisthokonta","unassigned","unassigned","unassigned","unassigned","unassigned","unassigned"
"ASV_1516","Eukaryota","TSAR","Alveolata","Dinoflagellata","Dinophyceae","Suessiales","Borghiellaceae","Dactylodinium","Dactylodinium_arachnoides"
"ASV_1518","Eukaryota","TSAR","Rhizaria","Cercozoa","Filosa-Imbricatea","Filosa-Imbricatea_X","Novel-clade-2","Novel-clade-2_X","Novel-clade-2_X_sp."
"ASV_1519","Eukaryota","TSAR","Stramenopiles","Bigyra","Opalozoa","Nanomonadea","MAST-3","MAST-3E","MAST-3E_sp."
"ASV_1520","Eukaryota","TSAR","Alveolata","Dinoflagellata","Dinophyceae","Peridiniales","Protoperidiniaceae","Protoperidinium","unassigned"
"ASV_1521","Eukaryota","TSAR","Stramenopiles","Gyrista","Gyrista_X","Gyrista_XX","MAST-2","MAST-2D","MAST-2D_sp."
"ASV_1522","Eukaryota","Archaeplastida","Chlorophyta","Chlorophyta_X","Nephroselmidophyceae","Nephroselmidales","Nephroselmidales_X","Nephroselmis","Nephroselmis_pyriformis"
"ASV_1524","Eukaryota","TSAR","Rhizaria","Cercozoa","Filosa-Imbricatea","Filosa-Imbricatea_X","Novel-clade-2","Novel-clade-2_X","Novel-clade-2_X_sp."
"ASV_1525","Eukaryota","TSAR","Stramenopiles","Gyrista","MOCH-2","MOCH-2_X","MOCH-2_XX","MOCH-2_XXX","MOCH-2_XXX_sp."
"ASV_1526","Eukaryota","TSAR","Rhizaria","Cercozoa","Filosa-Thecofilosea","Ventricleftida","unassigned","unassigned","unassigned"
"ASV_1527","Eukaryota","TSAR","Alveolata","Dinoflagellata","Dinophyceae","unassigned","unassigned","unassigned","unassigned"
"ASV_1528","Eukaryota","Obazoa","Opisthokonta","Choanoflagellata","Choanoflagellatea","Acanthoecida","Acanthoecidae_Group_G","Calliacantha","Calliacantha_natans"
"ASV_1530","Eukaryota","Haptista","Haptophyta","Haptophyta_X","Prymnesiophyceae","Prymnesiales","Chrysochromulinaceae","Chrysochromulina","Chrysochromulina_simplex"
"ASV_1531","Eukaryota","TSAR","Rhizaria","Cercozoa","Chlorarachniophyceae","Chlorarachnida","Chlorarachnida_X","Chlorarachnion","Chlorarachnion_sp."
"ASV_1532","Eukaryota","Archaeplastida","Picozoa","Picozoa_subdivision_1","unassigned","unassigned","unassigned","unassigned","unassigned"
"ASV_1535","Eukaryota","TSAR","Alveolata","Dinoflagellata","Syndiniales","Dino-Group-II","unassigned","unassigned","unassigned"
"ASV_1536","Eukaryota","Archaeplastida","Chlorophyta","Chlorophyta_X","Pyramimonadophyceae","Pyramimonadales","unassigned","unassigned","unassigned"
"ASV_1537","Eukaryota","TSAR","Stramenopiles","Gyrista","Coscinodiscophyceae","Rhizosoleniales","Rhizosoleniaceae","Guinardia","Guinardia_delicatula"
"ASV_1538","Eukaryota","Haptista","Haptophyta","Haptophyta_X","Prymnesiophyceae","Prymnesiales","Prymnesiaceae","Prymnesium","unassigned"
"ASV_1539","Eukaryota","TSAR","Rhizaria","Cercozoa","Filosa-Thecofilosea","Cryomonadida","Protaspa-lineage","Protaspa","unassigned"
"ASV_1541","Eukaryota","TSAR","Alveolata","Ciliophora","Spirotrichea","Oligotrichida","Strombidiidae","unassigned","unassigned"
"ASV_1543","Eukaryota","TSAR","Rhizaria","Cercozoa","Filosa-Thecofilosea","Ventricleftida","Ventrifissuridae","Ventrifissura","Ventrifissura_oblonga"
"ASV_1544","Eukaryota:nucl","Cryptista:nucl","Cryptophyta:nucl","Cryptophyta_X:nucl","Cryptophyceae:nucl","Cryptomonadales:nucl","Cryptomonadales_X:nucl","Plagioselmis:nucl","Plagioselmis_lacustris:nucl"
"ASV_1546","Eukaryota","TSAR","Alveolata","Dinoflagellata","unassigned","unassigned","unassigned","unassigned","unassigned"
"ASV_1547","Eukaryota","Archaeplastida","Picozoa","Picozoa_subdivision_2","Picozoa_subdivision_2_X","Picozoa_subdivision_2_XX","Picozoa_subdivision_2_XXX","Picozoa_subdivision_2_XXXX","Picozoa_subdivision_2_XXXX_sp."
"ASV_1548","Eukaryota","TSAR","Stramenopiles","Gyrista","Coscinodiscophyceae","Coscinodiscales","Coscinodiscaceae","Coscinodiscus","Coscinodiscus_radiatus"
"ASV_1549","Eukaryota:nucl","Cryptista:nucl","Cryptophyta:nucl","Cryptophyta_X:nucl","Cryptophyceae:nucl","Cryptomonadales:nucl","Cryptomonadales_X:nucl","Geminigera:nucl","Geminigera_cryophila:nucl"
"ASV_1550","Eukaryota","TSAR","Alveolata","Dinoflagellata","Dinophyceae","unassigned","unassigned","unassigned","unassigned"
"ASV_1551","Eukaryota","TSAR","Stramenopiles","Bigyra","Sagenista","Sagenista_X","MAST-10","MAST-10_X","MAST-10_X_sp."
"ASV_1553","Eukaryota","TSAR","Stramenopiles","Gyrista","Bacillariophyceae","Bacillariales","Bacillariaceae","unassigned","unassigned"
"ASV_1554","Eukaryota","TSAR","Stramenopiles","Bigyra","unassigned","unassigned","unassigned","unassigned","unassigned"
"ASV_1555","Eukaryota","Haptista","Haptophyta","Haptophyta_X","Prymnesiophyceae","Prymnesiales","Chrysochromulinaceae","Chrysochromulina","unassigned"
"ASV_1556","Eukaryota","Haptista","Haptophyta","Haptophyta_X","Prymnesiophyceae","Prymnesiales","Chrysochromulinaceae","Chrysochromulina","unassigned"
"ASV_1557","Eukaryota","TSAR","Alveolata","Dinoflagellata","Dinophyceae","unassigned","unassigned","unassigned","unassigned"
"ASV_1558","Eukaryota","TSAR","Alveolata","Ciliophora","unassigned","unassigned","unassigned","unassigned","unassigned"
"ASV_1559","Eukaryota:nucl","Cryptista:nucl","Cryptophyta:nucl","Cryptophyta_X:nucl","Cryptophyceae:nucl","Cryptomonadales:nucl","Cryptomonadales_X:nucl","Plagioselmis:nucl","Plagioselmis_lacustris:nucl"
"ASV_1560","Eukaryota","TSAR","Alveolata","Ciliophora","Spirotrichea","Oligotrichida","Strombidiidae","unassigned","unassigned"
"ASV_1561","Eukaryota","TSAR","Telonemia","Telonemia_X","Telonemia_XX","Telonemia_XXX","Telonemia-Group-2","Telonemia-Group-2_X","Telonemia-Group-2_X_sp."
"ASV_1562","Eukaryota","TSAR","Rhizaria","Cercozoa","Cercozoa_X","Cercozoa_XX","Cercozoa_XXX","Cercozoa_XXXX","Cercozoa_XXXX_sp."
"ASV_1563","Eukaryota","TSAR","Stramenopiles","Gyrista","Dictyochophyceae","Dictyochophyceae_X","Pedinellales","Pedinellales_X","Pedinellales_X_sp."
"ASV_1564","Eukaryota","TSAR","Alveolata","Dinoflagellata","Dinophyceae","unassigned","unassigned","unassigned","unassigned"
"ASV_1565","Eukaryota","TSAR","Alveolata","Dinoflagellata","Dinophyceae","Gymnodiniales","Gymnodiniaceae","Gyrodinium","Gyrodinium_guttula"
"ASV_1566","Eukaryota","TSAR","Alveolata","Ciliophora","Spirotrichea","Oligotrichida","Oligotrichida_X","Oligotrichida_XX","Oligotrichida_XX_sp."
"ASV_1569","Eukaryota","TSAR","Alveolata","Dinoflagellata","Dinophyceae","Gonyaulacales","Ceratiaceae","Tripos","Tripos_fusus"
"ASV_1570","Eukaryota","TSAR","Stramenopiles","unassigned","unassigned","unassigned","unassigned","unassigned","unassigned"
"ASV_1572","Eukaryota","TSAR","Alveolata","Dinoflagellata","unassigned","unassigned","unassigned","unassigned","unassigned"
"ASV_1573","Eukaryota","TSAR","Alveolata","Dinoflagellata","Syndiniales","Dino-Group-II","Dino-Group-II-Clade-12","Dino-Group-II-Clade-12_X","Dino-Group-II-Clade-12_X_sp."
"ASV_1574","Eukaryota","TSAR","Alveolata","Dinoflagellata","Dinophyceae","unassigned","unassigned","unassigned","unassigned"
"ASV_1575","Eukaryota","TSAR","Alveolata","Ciliophora","Spirotrichea","Choreotrichida-Tintinnina","Tintinnidiidae","Antetintinnidium","Antetintinnidium_mucicola"
"ASV_1576","Eukaryota","Archaeplastida","Chlorophyta","Chlorophyta_X","Chlorophyceae","Chlamydomonadales","Chlamydomonadales_X","Carteria","Carteria_sp."
"ASV_1577","Eukaryota","TSAR","Stramenopiles","Gyrista","Mediophyceae","Thalassiosirales","Stephanodiscaceae","Cyclotella","Cyclotella_choctawhatcheeana"
"ASV_1579","Eukaryota","TSAR","Alveolata","Dinoflagellata","Syndiniales","Dino-Group-IV","Dino-Group-IV-Syndinium-Group","Syndinium","Syndinium_sp."
"ASV_1581","Eukaryota","Haptista","Haptophyta","Haptophyta_X","Prymnesiophyceae","Prymnesiophyceae_Clade_F","Prymnesiophyceae_Clade_F_X","Prymnesiophyceae_Clade_F_XX","Prymnesiophyceae_Clade_F_XX_sp."
"ASV_1582","Eukaryota","TSAR","Alveolata","Dinoflagellata","Syndiniales","Dino-Group-I","Dino-Group-I-Clade-1","Dino-Group-I-Clade-1_X","Dino-Group-I-Clade-1_X_sp."
"ASV_1584","Eukaryota","TSAR","Alveolata","Dinoflagellata","Dinophyceae","Prorocentrales","Prorocentraceae","Prorocentrum","Prorocentrum_balticum"
"ASV_1587","Eukaryota","TSAR","Alveolata","Dinoflagellata","Syndiniales","Syndiniales_X","Syndiniales_XX","Syndiniales_XXX","Syndiniales_XXX_sp."
"ASV_1588","Eukaryota","TSAR","Rhizaria","Cercozoa","Filosa-Thecofilosea","unassigned","unassigned","unassigned","unassigned"
"ASV_1589","Eukaryota","TSAR","Alveolata","Dinoflagellata","Syndiniales","Dino-Group-II","Dino-Group-II-Clade-14","Dino-Group-II-Clade-14_X","Dino-Group-II-Clade-14_X_sp."
"ASV_1590","Eukaryota","TSAR","Stramenopiles","Bigyra","Opalozoa","Nanomonadea","MAST-3","MAST-3C","MAST-3C_sp."
"ASV_1591","Eukaryota","Haptista","Haptophyta","Haptophyta_X","Prymnesiophyceae","Prymnesiales","Chrysochromulinaceae","Chrysochromulina","Chrysochromulina_leadbeateri"
"ASV_1592","Eukaryota","TSAR","Stramenopiles","Gyrista","Chrysophyceae","Chrysophyceae_Clade-EC2H","Chrysophyceae_Clade-EC2H_X","Chrysophyceae_Clade-EC2H_XX","Chrysophyceae_Clade-EC2H_XX_sp."
"ASV_1593","Eukaryota","TSAR","Alveolata","Ciliophora","Spirotrichea","Oligotrichida","Strombidiidae","Strombidiidae_X","Strombidiidae_X_sp."
"ASV_1594","Eukaryota","Archaeplastida","Chlorophyta","Chlorophyta_X","Pyramimonadophyceae","Pyramimonadales","Pyramimonadaceae","Pyramimonas","Pyramimonas_disomata"
"ASV_1595","Eukaryota","Haptista","Haptophyta","Haptophyta_X","Prymnesiophyceae","Prymnesiophyceae_X","Braarudosphaeraceae","Braarudosphaera","Braarudosphaera_bigelowii"
"ASV_1597","Eukaryota","TSAR","Alveolata","Dinoflagellata","Dinophyceae","Gonyaulacales","Ceratiaceae","Tripos","unassigned"
"ASV_1599","Eukaryota","TSAR","Stramenopiles","Gyrista","Mediophyceae","Thalassiosirales","Thalassiosiraceae","Thalassiosira","Thalassiosira_delicatula"
"ASV_1600","Eukaryota","Archaeplastida","Chlorophyta","Chlorophyta_X","Chloropicophyceae","Chloropicales","Chloropicaceae","Chloroparvula","Chloroparvula_B3_sp."
"ASV_1601","Eukaryota","Obazoa","Opisthokonta","Choanoflagellata","Choanoflagellatea","Acanthoecida","Stephanoecidae_Group_D","Stephanoecidae_Group_D_X","Stephanoecidae_Group_D_X_sp."
"ASV_1603","Eukaryota","TSAR","Stramenopiles","Gyrista","Bacillariophyceae","Rhaponeidales","Rhaphoneidaceae","unassigned","unassigned"
"ASV_1604","Eukaryota","Haptista","Haptophyta","Haptophyta_X","Prymnesiophyceae","Prymnesiales","Prymnesiaceae","Dicrateria","Dicrateria_rotunda"
"ASV_1607","Eukaryota","TSAR","Stramenopiles","Gyrista","Bacillariophyceae","Naviculales","Pleurosigmataceae","Pleurosigma","Pleurosigma_intermedium"
"ASV_1608","Eukaryota","TSAR","Alveolata","Dinoflagellata","Dinophyceae","Suessiales","Suessiaceae","Pelagodinium","Pelagodinium_beii"
"ASV_1609","Eukaryota","TSAR","Alveolata","Ciliophora","Spirotrichea","Choreotrichida-Tintinnina","Tintinnidae","Tintinnidae_X","Tintinnidae_X_sp."
"ASV_1610","Eukaryota","TSAR","Alveolata","Dinoflagellata","Dinophyceae","unassigned","unassigned","unassigned","unassigned"
"ASV_1613","Eukaryota","TSAR","Alveolata","Ciliophora","Litostomatea","Haptoria_4","Didiniidae","unassigned","unassigned"
"ASV_1616","Eukaryota","TSAR","Alveolata","unassigned","unassigned","unassigned","unassigned","unassigned","unassigned"
"ASV_1619","Eukaryota","TSAR","Stramenopiles","Gyrista","MOCH-2","MOCH-2_X","MOCH-2_XX","MOCH-2_XXX","MOCH-2_XXX_sp."
"ASV_1621","Eukaryota","Haptista","Haptophyta","Haptophyta_X","Prymnesiophyceae","Prymnesiales","Prymnesiaceae","Prymnesium","unassigned"
"ASV_1622","Eukaryota","TSAR","Stramenopiles","Bigyra","Opalozoa","Nanomonadea","MAST-3","MAST-3I","MAST-3I_sp."
"ASV_1623","Eukaryota","TSAR","Rhizaria","Cercozoa","Filosa-Thecofilosea","Ventricleftida","Ventrifissuridae","Ventrifissuridae_X","Ventrifissuridae_X_sp."
"ASV_1624","Eukaryota","TSAR","Alveolata","Dinoflagellata","Syndiniales","Dino-Group-II","Dino-Group-II-Clade-7","Dino-Group-II-Clade-7_X","Dino-Group-II-Clade-7_X_sp."
"ASV_1626","Eukaryota","Haptista","Haptophyta","Haptophyta_X","Prymnesiophyceae","Prymnesiales","Prymnesiaceae","Prymnesium","unassigned"
"ASV_1627","Eukaryota","TSAR","Stramenopiles","Gyrista","Chrysophyceae","Paraphysomonadales","Paraphysomonadaceae","Paraphysomonas","Paraphysomonas_foraminifera"
"ASV_1628","Eukaryota","TSAR","Alveolata","Ciliophora","Spirotrichea","Choreotrichida","Strobilidiidae","Pelagostrobilidium","Pelagostrobilidium_neptuni"
"ASV_1629","Eukaryota","TSAR","Alveolata","Dinoflagellata","Ellobiophyceae","Thalassomycetales","Thalassomycetaceae","Ellobiopsis","Ellobiopsis_chattoni"
"ASV_1631","Eukaryota","TSAR","Stramenopiles","Bigyra","Sagenista","Sagenista_X","MAST-4","MAST-4D","MAST-4D_sp."
"ASV_1632","Eukaryota","Haptista","Haptophyta","Haptophyta_X","Prymnesiophyceae","Coccolithales","Chrysotilaceae","Chrysotila","unassigned"
"ASV_1633","Eukaryota","TSAR","Alveolata","unassigned","unassigned","unassigned","unassigned","unassigned","unassigned"
"ASV_1634","Eukaryota","TSAR","Alveolata","Dinoflagellata","Syndiniales","Dino-Group-II","Dino-Group-II-Clade-7","Dino-Group-II-Clade-7_X","Dino-Group-II-Clade-7_X_sp."
"ASV_1635","Eukaryota","TSAR","Stramenopiles","Bigyra","Opalozoa","Opalozoa_X","MAST-12","unassigned","unassigned"
"ASV_1636","Eukaryota","TSAR","Stramenopiles","Gyrista","Bacillariophyceae","Naviculales","Naviculaceae","Navicula","Navicula_arenaria"
"ASV_1637","Eukaryota","TSAR","Stramenopiles","Gyrista","Mediophyceae","Thalassiosirales","Thalassiosiraceae","Thalassiosira","unassigned"
"ASV_1639","Eukaryota","TSAR","Alveolata","Ciliophora","unassigned","unassigned","unassigned","unassigned","unassigned"
"ASV_1641","Eukaryota","TSAR","Alveolata","Dinoflagellata","Syndiniales","Dino-Group-II","Dino-Group-II-Clade-6","Dino-Group-II-Clade-6_X","Dino-Group-II-Clade-6_X_sp."
"ASV_1642","Eukaryota","TSAR","Stramenopiles","Gyrista","Coscinodiscophyceae","Rhizosoleniales","Rhizosoleniaceae","Guinardia","Guinardia_flaccida"
"ASV_1644","Eukaryota","Haptista","Haptophyta","Haptophyta_X","Prymnesiophyceae","Prymnesiales","Chrysochromulinaceae","Chrysochromulina","Chrysochromulina_scutellum"
"ASV_1645","Eukaryota","TSAR","Alveolata","Dinoflagellata","Syndiniales","Dino-Group-I","Dino-Group-I-Clade-1","Dino-Group-I-Clade-1_X","Dino-Group-I-Clade-1_X_sp."
"ASV_1647","Eukaryota","Archaeplastida","Picozoa","Picozoa_subdivision_2","Picozoa_subdivision_2_X","Picozoa_subdivision_2_XX","Picozoa_subdivision_2_XXX","Picozoa_subdivision_2_XXXX","Picozoa_subdivision_2_XXXX_sp."
"ASV_1648","Eukaryota","TSAR","Alveolata","Dinoflagellata","Dinophyceae","Gymnodiniales","Kareniaceae","Takayama","Takayama_pulchella"
"ASV_1649","Eukaryota","TSAR","Alveolata","unassigned","unassigned","unassigned","unassigned","unassigned","unassigned"
"ASV_1650","Eukaryota","TSAR","Alveolata","Dinoflagellata","Syndiniales","Dino-Group-II","unassigned","unassigned","unassigned"
"ASV_1651","Eukaryota","Excavata","Discoba","Euglenozoa","Diplonemea","Diplonemida","Diplonemidae","Lacrimia","unassigned"
"ASV_1654","Eukaryota","Obazoa","Opisthokonta","Choanoflagellata","Choanoflagellatea","Craspedida","Monosigidae_Group_M","Monosigidae_Group_M_X","Monosigidae_Group_M_X_sp."
"ASV_1655","Eukaryota","TSAR","Stramenopiles","Gyrista","Dictyochophyceae","Dictyochophyceae_X","Pedinellales","Pseudopedinella","Pseudopedinella_elastica"
"ASV_1656","Eukaryota","Haptista","Haptophyta","Haptophyta_X","Prymnesiophyceae","Prymnesiales","Prymnesiophyceae_Clade_B4","Prymnesiophyceae_Clade_B4_X","Prymnesiophyceae_Clade_B4_X_sp."
"ASV_1657","Eukaryota","TSAR","unassigned","unassigned","unassigned","unassigned","unassigned","unassigned","unassigned"
"ASV_1658","Eukaryota","TSAR","Rhizaria","Radiolaria","Polycystinea","Nassellaria","Sethophormidae","Protoscenium","Protoscenium_intricatum"
"ASV_1660","Eukaryota","TSAR","Alveolata","Dinoflagellata","Syndiniales","Dino-Group-II","Dino-Group-II-Clade-4","Dino-Group-II-Clade-4_X","Dino-Group-II-Clade-4_X_sp."
"ASV_1662","Eukaryota","TSAR","Alveolata","Ciliophora","Spirotrichea","Choreotrichida","Strobilidiidae","Pelagostrobilidium","Pelagostrobilidium_neptuni"
"ASV_1664","Eukaryota","TSAR","Alveolata","Dinoflagellata","Dinophyceae","unassigned","unassigned","unassigned","unassigned"
"ASV_1665","Eukaryota","TSAR","Alveolata","Dinoflagellata","Syndiniales","Dino-Group-I","Dino-Group-I-Clade-5","Dino-Group-I-Clade-5_X","Dino-Group-I-Clade-5_X_sp."
"ASV_1666","Eukaryota","TSAR","Alveolata","Dinoflagellata","Syndiniales","Dino-Group-I","Dino-Group-I-Clade-4","Dino-Group-I-Clade-4_X","Dino-Group-I-Clade-4_X_sp."
"ASV_1667","Eukaryota","TSAR","Stramenopiles","Gyrista","Bolidophyceae","Parmales","Triparmaceae","Triparma","unassigned"
"ASV_1668","Eukaryota","TSAR","Alveolata","Dinoflagellata","Syndiniales","Dino-Group-II","Dino-Group-II-Clade-10-and-11","Dino-Group-II-Clade-10-and-11_X","Dino-Group-II-Clade-10-and-11_X_sp."
"ASV_1669","Eukaryota","TSAR","Alveolata","Dinoflagellata","Syndiniales","Dino-Group-II","Dino-Group-II-Clade-22","Dino-Group-II-Clade-22_X","Dino-Group-II-Clade-22_X_sp."
"ASV_1670","Eukaryota","TSAR","Alveolata","Ciliophora","Prostomatea","Prostomatea_X","Prostomatea_XX","Hexasterias","Hexasterias_problematica"
"ASV_1671","Eukaryota","Obazoa","Opisthokonta","unassigned","unassigned","unassigned","unassigned","unassigned","unassigned"
"ASV_1672","Eukaryota","TSAR","Alveolata","Dinoflagellata","Noctilucophyceae","Noctilucales","Noctilucaceae","Noctiluca","Noctiluca_scintillans"
"ASV_1674","Eukaryota","Archaeplastida","Prasinodermophyta","Prasinodermophyta_X","Prasinodermophyceae","Prasinodermales","Prasinodermaceae","Prasinoderma","Prasinoderma_coloniale"
"ASV_1675","Eukaryota","TSAR","Stramenopiles","Gyrista","Phaeophyceae","Phaeophyceae_X","Phaeophyceae_XX","Costaria","Costaria_costata"
"ASV_1676","Eukaryota","TSAR","Stramenopiles","Gyrista","Bacillariophyceae","Rhopalodiales","Rhopalodiaceae","Epithemia","Epithemia_pelagica"
"ASV_1677","Eukaryota","TSAR","Rhizaria","Cercozoa","Filosa-Thecofilosea","Cryomonadida","Protaspa-lineage","Protaspa","Protaspa_longipes"
"ASV_1678","Eukaryota","TSAR","Rhizaria","Cercozoa","Filosa-Thecofilosea","Filosa-Thecofilosea_X","Mataza-lineage","Mataza-lineage_X","Mataza-lineage_X_sp."
"ASV_1679","Eukaryota","TSAR","Alveolata","Dinoflagellata","Syndiniales","Dino-Group-II","Dino-Group-II-Clade-12","Dino-Group-II-Clade-12_X","Dino-Group-II-Clade-12_X_sp."
"ASV_1680","Eukaryota","TSAR","Alveolata","Dinoflagellata","Dinophyceae","unassigned","unassigned","unassigned","unassigned"
"ASV_1681","Eukaryota","TSAR","Stramenopiles","Bigyra","Opalozoa","Opalozoa_X","MAST-12","MAST-12B","MAST-12B_sp."
"ASV_1683","Eukaryota","TSAR","Stramenopiles","Bigyra","Opalozoa","Nanomonadea","MAST-3","MAST-3F","MAST-3F_sp."
"ASV_1685","Eukaryota","TSAR","Alveolata","Dinoflagellata","Dinophyceae","unassigned","unassigned","unassigned","unassigned"
"ASV_1687","Eukaryota","Excavata","Discoba","Euglenozoa","Diplonemea","Diplonemida","Diplonemidae","Lacrimia","Lacrimia_sp."
"ASV_1688","Eukaryota","TSAR","Alveolata","Dinoflagellata","Syndiniales","Dino-Group-I","Dino-Group-I-Clade-1","Dino-Group-I-Clade-1_X","Dino-Group-I-Clade-1_X_sp."
"ASV_1689","Eukaryota","TSAR","Alveolata","Dinoflagellata","Dinophyceae","Dinophyceae_X","Dinophyceae_XX","Dinophyceae_XXX","Dinophyceae_XXX_sp."
"ASV_1690","Eukaryota","TSAR","Alveolata","Ciliophora","Spirotrichea","Choreotrichida","Strobilidiidae","Rimostrombidium","Rimostrombidium_veniliae"
"ASV_1691","Eukaryota","TSAR","Alveolata","unassigned","unassigned","unassigned","unassigned","unassigned","unassigned"
"ASV_1692","Eukaryota","Archaeplastida","Chlorophyta","Chlorophyta_X","Nephroselmidophyceae","Nephroselmidales","Nephroselmidales_X","Nephroselmis","Nephroselmis_pyriformis"
"ASV_1694","Eukaryota","TSAR","Alveolata","Dinoflagellata","Syndiniales","Dino-Group-I","Dino-Group-I-Clade-4","Dino-Group-I-Clade-4_X","Dino-Group-I-Clade-4_X_sp."
"ASV_1695","Eukaryota","TSAR","Alveolata","unassigned","unassigned","unassigned","unassigned","unassigned","unassigned"
"ASV_1696","Eukaryota","Obazoa","Opisthokonta","Choanoflagellata","Choanoflagellatea","Acanthoecida","Stephanoecidae_Group_E","Stephanoecidae_Group_E_X","Stephanoecidae_Group_E_X_sp."
"ASV_1697","Eukaryota","TSAR","Alveolata","Dinoflagellata","Syndiniales","Dino-Group-II","Dino-Group-II-Clade-33","Dino-Group-II-Clade-33_X","Dino-Group-II-Clade-33_X_sp."
"ASV_1699","Eukaryota:nucl","Cryptista:nucl","Cryptophyta:nucl","Cryptophyta_X:nucl","Cryptophyceae:nucl","Cryptomonadales:nucl","Cryptomonadales_X:nucl","Plagioselmis:nucl","Plagioselmis_lacustris:nucl"
"ASV_1700","Eukaryota","TSAR","Stramenopiles","Bigyra","Bicoecea","Bicoecales","Bicoecaceae","Bicoecaceae_X","Bicoecaceae_X_sp."
"ASV_1701","Eukaryota","TSAR","Rhizaria","Cercozoa","Filosa-Thecofilosea","Filosa-Thecofilosea_X","Mataza-lineage","Mataza-lineage_X","Mataza-lineage_X_sp."
"ASV_1704","Eukaryota","TSAR","Alveolata","Ciliophora","Spirotrichea","Oligotrichida","Strombidiidae","Strombidiidae_X","Strombidiidae_X_sp."
"ASV_1705","Eukaryota","TSAR","Rhizaria","Cercozoa","unassigned","unassigned","unassigned","unassigned","unassigned"
"ASV_1707","Eukaryota","TSAR","Stramenopiles","Gyrista","Mediophyceae","Chaetocerotales","Chaetocerotaceae","Chaetoceros","Chaetoceros_eibenii"
"ASV_1710","Eukaryota","Archaeplastida","Chlorophyta","Chlorophyta_X","Mamiellophyceae","Mamiellales","Mamiellaceae","Mamiella","Mamiella_gilva"
"ASV_1711","Eukaryota","TSAR","Rhizaria","Cercozoa","Chlorarachniophyceae","Chlorarachniophyceae_X","NPK2-lineage","NPK2-lineage_X","NPK2-lineage_X_sp."
"ASV_1712","Eukaryota","TSAR","Rhizaria","Cercozoa","unassigned","unassigned","unassigned","unassigned","unassigned"
"ASV_1714","Eukaryota","TSAR","Telonemia","Telonemia_X","Telonemia_XX","Telonemia_XXX","Telonemia-Group-2","Telonemia-Group-2_X","Telonemia-Group-2_X_sp."
"ASV_1717","Eukaryota","TSAR","Rhizaria","Cercozoa","Filosa-Thecofilosea","Ebriacea","unassigned","unassigned","unassigned"
"ASV_1719","Eukaryota","TSAR","Stramenopiles","Gyrista","unassigned","unassigned","unassigned","unassigned","unassigned"
"ASV_1720","Eukaryota","TSAR","Stramenopiles","Gyrista","Bacillariophyceae","Bacillariales","Bacillariaceae","Pseudo-nitzschia","Pseudo-nitzschia_delicatissima"
"ASV_1721","Eukaryota","TSAR","Alveolata","Ciliophora","Spirotrichea","unassigned","unassigned","unassigned","unassigned"
"ASV_1724","Eukaryota","Archaeplastida","Chlorophyta","Chlorophyta_X","unassigned","unassigned","unassigned","unassigned","unassigned"
"ASV_1725","Eukaryota","TSAR","Alveolata","Dinoflagellata","Dinophyceae","Peridiniales","Amphitholaceae","Achradina","Achradina_pulchra"
"ASV_1726","Eukaryota","TSAR","Rhizaria","Cercozoa","Filosa-Thecofilosea","Ventricleftida","Ventrifissuridae","Ventrifissura","Ventrifissura_velata"
"ASV_1728","Eukaryota","Cryptista","Cryptophyta","Cryptophyta_X","Cryptophyceae","Cryptomonadales","Hemiselmidaceae","unassigned","unassigned"
"ASV_1729","Eukaryota","TSAR","Stramenopiles","Gyrista","Mediophyceae","Thalassiosirales","Lauderiaceae","Lauderia","Lauderia_annulata"
"ASV_1731","Eukaryota","TSAR","Telonemia","Telonemia_X","Telonemia_XX","Telonemia_XXX","Telonemia-Group-1","Telonema-Group-1","Telonema_subtile"
"ASV_1734","Eukaryota","TSAR","Stramenopiles","unassigned","unassigned","unassigned","unassigned","unassigned","unassigned"
"ASV_1736","Eukaryota","TSAR","Alveolata","Dinoflagellata","Syndiniales","Dino-Group-II","Dino-Group-II-Clade-6","Dino-Group-II-Clade-6_X","Dino-Group-II-Clade-6_X_sp."
"ASV_1737","Eukaryota","TSAR","Stramenopiles","Bigyra","Opalozoa","Nanomonadea","MAST-3","MAST-3E","MAST-3E_sp."
"ASV_1738","Eukaryota","TSAR","Alveolata","Dinoflagellata","Dinophyceae","unassigned","unassigned","unassigned","unassigned"
"ASV_1739","Eukaryota","TSAR","Alveolata","Dinoflagellata","Dinophyceae","unassigned","unassigned","unassigned","unassigned"
"ASV_1741","Eukaryota","TSAR","Alveolata","Dinoflagellata","Dinophyceae","unassigned","unassigned","unassigned","unassigned"
"ASV_1742","Eukaryota","TSAR","Alveolata","Dinoflagellata","Dinophyceae","Gymnodiniales","Warnowiaceae","Warnowia","Warnowia_parva"
"ASV_1743","Eukaryota","TSAR","Alveolata","Dinoflagellata","Syndiniales","Dino-Group-I","Dino-Group-I-Clade-3","Dino-Group-I-Clade-3_X","Dino-Group-I-Clade-3_X_sp."
"ASV_1745","Eukaryota","TSAR","Alveolata","Dinoflagellata","Syndiniales","Dino-Group-I","Dino-Group-I-Clade-1","Dino-Group-I-Clade-1_X","Dino-Group-I-Clade-1_X_sp."
"ASV_1747","Eukaryota","TSAR","Rhizaria","Cercozoa","Filosa-Thecofilosea","Cryomonadida","Protaspa-lineage","Protaspa","Protaspa_longipes"
"ASV_1749","Eukaryota","Haptista","Haptophyta","Haptophyta_X","Prymnesiophyceae","Prymnesiales","Prymnesiophyceae_Clade_B4","Prymnesiophyceae_Clade_B4_X","Prymnesiophyceae_Clade_B4_X_sp."
"ASV_1750","Eukaryota","TSAR","Alveolata","Dinoflagellata","unassigned","unassigned","unassigned","unassigned","unassigned"
"ASV_1752","Eukaryota","TSAR","Alveolata","Ciliophora","Spirotrichea","Choreotrichida-Tintinnina","Tintinnidae","Amphorides","Amphorides_sp."
"ASV_1753","Eukaryota","TSAR","Alveolata","Dinoflagellata","Dinophyceae","unassigned","unassigned","unassigned","unassigned"
"ASV_1754","Eukaryota","TSAR","Stramenopiles","Gyrista","Gyrista_X","Gyrista_XX","MAST-1","MAST-1D","MAST-1D_sp."
"ASV_1756","Eukaryota","TSAR","Alveolata","Dinoflagellata","Dinophyceae","Peridiniales","unassigned","unassigned","unassigned"
"ASV_1758","Eukaryota","TSAR","Alveolata","Dinoflagellata","Syndiniales","Dino-Group-II","Dino-Group-II-Clade-20","Dino-Group-II-Clade-20_X","Dino-Group-II-Clade-20_X_sp."
"ASV_1759","Eukaryota","TSAR","Alveolata","Dinoflagellata","Dinophyceae","Peridiniales","Thoracosphaeraceae","unassigned","unassigned"
"ASV_1760","Eukaryota","TSAR","Alveolata","Dinoflagellata","Syndiniales","Dino-Group-I","Dino-Group-I-Clade-1","Dino-Group-I-Clade-1_X","Dino-Group-I-Clade-1_X_sp."
"ASV_1761","Eukaryota","TSAR","Alveolata","Dinoflagellata","Syndiniales","Dino-Group-I","Dino-Group-I-Clade-1","Dino-Group-I-Clade-1_X","Dino-Group-I-Clade-1_X_sp."
"ASV_1762","Eukaryota","TSAR","Alveolata","Ciliophora","Spirotrichea","Choreotrichida","Strobilidiidae","Pelagostrobilidium","Pelagostrobilidium_paraepacrum"
"ASV_1764","Eukaryota","TSAR","Stramenopiles","Gyrista","Mediophyceae","Chaetocerotales","Chaetocerotaceae","Chaetoceros","Chaetoceros_decipiens"
"ASV_1765","Eukaryota","Archaeplastida","Chlorophyta","Chlorophyta_X","Pseudoscourfieldiophyceae","Pseudoscourfieldiales","Pseudoscourfieldiaceae","Pseudoscourfieldiaceae_X","Pseudoscourfieldiaceae_X_sp."
"ASV_1766","Eukaryota","TSAR","Stramenopiles","Gyrista","Mediophyceae","Chaetocerotales","Chaetocerotaceae","Chaetoceros","Chaetoceros_danicus"
"ASV_1768","Eukaryota","Haptista","Haptophyta","Haptophyta_X","Prymnesiophyceae","Syracosphaerales","Syracosphaerales_X","Syracosphaerales_XX","Syracosphaerales_XX_sp."
"ASV_1769","Eukaryota","TSAR","Alveolata","Dinoflagellata","Dinophyceae","Peridiniales","Protoperidiniaceae","Protoperidinium","unassigned"
"ASV_1771","Eukaryota","TSAR","Alveolata","Ciliophora","unassigned","unassigned","unassigned","unassigned","unassigned"
"ASV_1773","Eukaryota","TSAR","Alveolata","Dinoflagellata","Dinophyceae","Gymnodiniales","Gymnodiniaceae","Paragymnodinium","Paragymnodinium_shiwhaense"
"ASV_1774","Eukaryota","TSAR","Alveolata","Dinoflagellata","Dinophyceae","Gymnodiniales","Gymnodiniaceae","Gymnodinium","Gymnodinium_sp."
"ASV_1776","Eukaryota","TSAR","Rhizaria","Cercozoa","Filosa-Imbricatea","Filosa-Imbricatea_X","Filosa-Imbricatea_XX","Quadricilia","Quadricilia_rotundata"
"ASV_1777","Eukaryota","TSAR","Alveolata","Dinoflagellata","Dinophyceae","Gymnodiniales","Chytriodiniaceae","Chytriodinium","Chytriodinium_roseum"
"ASV_1779","Eukaryota","TSAR","Telonemia","Telonemia_X","Telonemia_XX","Telonemia_XXX","Telonemia-Group-1","Telonema-Group-1","unassigned"
"ASV_1781","Eukaryota","TSAR","Alveolata","Dinoflagellata","Syndiniales","unassigned","unassigned","unassigned","unassigned"
"ASV_1782","Eukaryota","TSAR","Alveolata","Dinoflagellata","Syndiniales","Dino-Group-I","Dino-Group-I-Clade-8","Dino-Group-I-Clade-8_X","Dino-Group-I-Clade-8_X_sp."
"ASV_1783","Eukaryota","TSAR","Stramenopiles","Bigyra","Opalozoa","Nanomonadea","MAST-3","MAST-3I","MAST-3I_sp."
"ASV_1784","Eukaryota","TSAR","Alveolata","Dinoflagellata","Syndiniales","Dino-Group-IV","Dino-Group-IV-Syndinium-Group","Syndinium","Syndinium_sp."
"ASV_1785","Eukaryota","TSAR","Alveolata","Dinoflagellata","Syndiniales","Dino-Group-I","Dino-Group-I-Clade-1","Dino-Group-I-Clade-1_X","Dino-Group-I-Clade-1_X_sp."
"ASV_1786","Eukaryota","TSAR","Stramenopiles","Bigyra","Opalozoa","Nanomonadea","MAST-3","MAST-3E","MAST-3E_sp."
"ASV_1787","Eukaryota","TSAR","Stramenopiles","Gyrista","Gyrista_X","Gyrista_XX","MAST-1","MAST-1A","MAST-1A_sp."
"ASV_1790","Eukaryota","TSAR","Alveolata","Dinoflagellata","Dinophyceae","unassigned","unassigned","unassigned","unassigned"
"ASV_1791","Eukaryota","TSAR","Alveolata","Dinoflagellata","Dinophyceae","unassigned","unassigned","unassigned","unassigned"
"ASV_1792","Eukaryota","TSAR","Alveolata","Dinoflagellata","Syndiniales","Dino-Group-II","unassigned","unassigned","unassigned"
"ASV_1793","Eukaryota","Haptista","Centroplasthelida","Centroplasthelida_X","Pterocystida","Pterocystida_X","Pterocystida_XX","Pterocystida_XXX","Pterocystida_XXX_sp."
"ASV_1794","Eukaryota","TSAR","Alveolata","Dinoflagellata","Syndiniales","Dino-Group-I","Dino-Group-I-Clade-1","Dino-Group-I-Clade-1_X","Dino-Group-I-Clade-1_X_sp."
"ASV_1795","Eukaryota","TSAR","Rhizaria","Cercozoa","Chlorarachniophyceae","Chlorarachniophyceae_X","NPK2-lineage","NPK2-lineage_X","NPK2-lineage_X_sp."
"ASV_1796","Eukaryota","TSAR","Telonemia","Telonemia_X","Telonemia_XX","Telonemia_XXX","Telonemia-Group-2","unassigned","unassigned"
"ASV_1797","Eukaryota","TSAR","Alveolata","Ciliophora","Colpodea","Colpodea_X","Cyrtolophosidida","Aristerostoma","Aristerostoma_sp."
"ASV_1798","Eukaryota","TSAR","Stramenopiles","Gyrista","Bacillariophyceae","Naviculales","unassigned","unassigned","unassigned"
"ASV_1802","Eukaryota","TSAR","Alveolata","unassigned","unassigned","unassigned","unassigned","unassigned","unassigned"
"ASV_1804","Eukaryota","TSAR","Rhizaria","Cercozoa","Filosa-Imbricatea","Filosa-Imbricatea_X","Novel-clade-2","Novel-clade-2_X","Novel-clade-2_X_sp."
"ASV_1809","Eukaryota","TSAR","Alveolata","Dinoflagellata","Dinophyceae","Peridiniales","Protoperidiniaceae","Protoperidinium","unassigned"
"ASV_1810","Eukaryota","Haptista","Haptophyta","Haptophyta_X","Prymnesiophyceae","Prymnesiales","Prymnesiaceae","unassigned","unassigned"
"ASV_1812","Eukaryota","TSAR","Alveolata","Dinoflagellata","Dinophyceae","Peridiniales","Amphidomataceae","Amphidoma","Amphidoma_fulgens"
"ASV_1814","Eukaryota","TSAR","Stramenopiles","Gyrista","Mediophyceae","Chaetocerotales","Leptocylindraceae","Leptocylindrus","Leptocylindrus_convexus"
"ASV_1815","Eukaryota:nucl","Cryptista:nucl","Cryptophyta:nucl","Cryptophyta_X:nucl","Cryptophyceae:nucl","Cryptomonadales:nucl","Cryptomonadales_X:nucl","Falcomonas:nucl","Falcomonas_daucoides:nucl"
"ASV_1816","Eukaryota","Obazoa","Opisthokonta","Choanoflagellata","Choanoflagellatea","Acanthoecida","Stephanoecidae_Group_H","Diaphanoeca","Diaphanoeca_undulata"
"ASV_1817","Eukaryota","TSAR","Stramenopiles","Gyrista","Mediophyceae","Thalassiosirales","Thalassiosiraceae","Thalassiosira","Thalassiosira_guillardii"
"ASV_1818","Eukaryota","TSAR","Stramenopiles","Gyrista","Pirsoniales","Pirsoniales_X","Pirsoniales_XX","Pirsonia","Pirsonia_formosa"
"ASV_1819","Eukaryota","TSAR","Stramenopiles","Gyrista","Chrysophyceae","Chrysophyceae_Clade-EC2H","Chrysophyceae_Clade-EC2H_X","Chrysophyceae_Clade-EC2H_XX","Chrysophyceae_Clade-EC2H_XX_sp."
"ASV_1820","Eukaryota","Haptista","Haptophyta","Haptophyta_X","Prymnesiophyceae","unassigned","unassigned","unassigned","unassigned"
"ASV_1821","Eukaryota","TSAR","Alveolata","Dinoflagellata","Dinophyceae","Gymnodiniales","unassigned","unassigned","unassigned"
"ASV_1822","Eukaryota","TSAR","Stramenopiles","Bigyra","Opalozoa","Nanomonadea","MAST-3","MAST-3E","MAST-3E_sp."
"ASV_1824","Eukaryota","TSAR","Alveolata","Dinoflagellata","Dinophyceae","unassigned","unassigned","unassigned","unassigned"
"ASV_1825","Eukaryota","Archaeplastida","Chlorophyta","Chlorophyta_X","Mamiellophyceae","Mamiellales","Mamiellaceae","Mantoniella","unassigned"
"ASV_1828","Eukaryota","TSAR","Alveolata","Ciliophora","Spirotrichea","Oligotrichida","Strombidiidae","Strombidiidae_X","Strombidiidae_X_sp."
"ASV_1829","Eukaryota","TSAR","Alveolata","Dinoflagellata","Syndiniales","Dino-Group-II","Dino-Group-II-Clade-1","Dino-Group-II-Clade-1_X","Dino-Group-II-Clade-1_X_sp."
"ASV_1832","Eukaryota","TSAR","Alveolata","Dinoflagellata","Syndiniales","Dino-Group-I","Dino-Group-I-Clade-5","Dino-Group-I-Clade-5_X","Dino-Group-I-Clade-5_X_sp."
"ASV_1833","Eukaryota","TSAR","Stramenopiles","Gyrista","MOCH-2","MOCH-2_X","MOCH-2_XX","MOCH-2_XXX","MOCH-2_XXX_sp."
"ASV_1835","Eukaryota","TSAR","Rhizaria","Cercozoa","Filosa-Thecofilosea","Cryomonadida","Cryothecomonas-lineage","Cryothecomonas","Cryothecomonas_aestivalis"
"ASV_1836","Eukaryota","TSAR","Stramenopiles","Gyrista","Pelagophyceae","Pelagomonadales","Pelagomonadales_clade_B","Pelagomonadales_clade_B1","Pelagomonadales_clade_B1_sp."
"ASV_1837","Eukaryota","TSAR","Telonemia","Telonemia_X","Telonemia_XX","Telonemia_XXX","Telonemia-Group-2","Telonemia-Group-2_X","Telonemia-Group-2_X_sp."
"ASV_1838","Eukaryota","TSAR","Alveolata","Dinoflagellata","Dinophyceae","Peridiniales","unassigned","unassigned","unassigned"
"ASV_1840","Eukaryota","TSAR","Alveolata","Dinoflagellata","Dinophyceae","unassigned","unassigned","unassigned","unassigned"
"ASV_1842","Eukaryota","TSAR","Alveolata","Ciliophora","Spirotrichea","unassigned","unassigned","unassigned","unassigned"
"ASV_1843","Eukaryota","TSAR","Stramenopiles","unassigned","unassigned","unassigned","unassigned","unassigned","unassigned"
"ASV_1844","Eukaryota","Haptista","Haptophyta","Haptophyta_X","Prymnesiophyceae","Prymnesiales","Chrysochromulinaceae","Chrysochromulina","unassigned"
"ASV_1846","Eukaryota","TSAR","Alveolata","Ciliophora","Spirotrichea","Choreotrichida-Tintinnina","Stenosemellidae","Stenosemella","Stenosemella_sp."
"ASV_1847","Eukaryota","TSAR","Alveolata","Dinoflagellata","Dinophyceae","Gymnodiniales","Gymnodiniaceae","Gyrodinium","unassigned"
"ASV_1848","Eukaryota","TSAR","unassigned","unassigned","unassigned","unassigned","unassigned","unassigned","unassigned"
"ASV_1849","Eukaryota","TSAR","Alveolata","Dinoflagellata","Syndiniales","Dino-Group-I","Dino-Group-I-Clade-1","Dino-Group-I-Clade-1_X","Dino-Group-I-Clade-1_X_sp."
"ASV_1851","Eukaryota","TSAR","Alveolata","Ciliophora","Spirotrichea","unassigned","unassigned","unassigned","unassigned"
"ASV_1853","Eukaryota","Archaeplastida","Chlorophyta","Chlorophyta_X","Chlorophyceae","Chlamydomonadales","Chlamydomonadales_X","Chlamydomonas","Chlamydomonas_parkeae"
"ASV_1854","Eukaryota","Haptista","Haptophyta","Haptophyta_X","Prymnesiophyceae","Prymnesiales","Chrysochromulinaceae","Chrysochromulina","Chrysochromulina_simplex"
"ASV_1855","Eukaryota","Haptista","Haptophyta","Haptophyta_X","Prymnesiophyceae","Prymnesiales","Chrysochromulinaceae","Chrysochromulina","Chrysochromulina_leadbeateri"
"ASV_1857","Eukaryota","TSAR","Rhizaria","Cercozoa","Filosa-Imbricatea","Thaumatomonadida","Thaumatomonadidae","Reckertia","Reckertia_filosa"
"ASV_1860","Eukaryota","TSAR","Stramenopiles","unassigned","unassigned","unassigned","unassigned","unassigned","unassigned"
"ASV_1861","Eukaryota","TSAR","Alveolata","Dinoflagellata","Syndiniales","unassigned","unassigned","unassigned","unassigned"
"ASV_1862","Eukaryota","TSAR","Stramenopiles","Gyrista","Pelagophyceae","Pelagomonadales","Pelagomonadaceae","Aureococcus","Aureococcus_anophagefferens"
"ASV_1863","Eukaryota","TSAR","Stramenopiles","Gyrista","unassigned","unassigned","unassigned","unassigned","unassigned"
"ASV_1864","Eukaryota","TSAR","Alveolata","Dinoflagellata","Syndiniales","unassigned","unassigned","unassigned","unassigned"
"ASV_1865","Eukaryota","TSAR","Alveolata","Dinoflagellata","Syndiniales","Dino-Group-II","unassigned","unassigned","unassigned"
"ASV_1866","Eukaryota","TSAR","Stramenopiles","Gyrista","Chrysophyceae","Chrysophyceae_Clade-EC2H","Chrysophyceae_Clade-EC2H_X","Chrysophyceae_Clade-EC2H_XX","Chrysophyceae_Clade-EC2H_XX_sp."
"ASV_1868","Eukaryota","TSAR","Alveolata","Dinoflagellata","Dinophyceae","unassigned","unassigned","unassigned","unassigned"
"ASV_1869","Eukaryota","TSAR","Alveolata","Dinoflagellata","Noctilucophyceae","Noctilucales","Noctilucaceae","Noctiluca","Noctiluca_scintillans"
"ASV_1870","Eukaryota","TSAR","Alveolata","Dinoflagellata","Dinophyceae","Gymnodiniales","Gymnodiniaceae","Gyrodinium","unassigned"
"ASV_1871","Eukaryota","TSAR","Alveolata","Dinoflagellata","Dinophyceae","Peridiniales","Protoperidiniaceae","Protoperidinium","Protoperidinium_sp."
"ASV_1872","Eukaryota","TSAR","Alveolata","Dinoflagellata","Syndiniales","Dino-Group-II","Dino-Group-II-Clade-14","Dino-Group-II-Clade-14_X","Dino-Group-II-Clade-14_X_sp."
"ASV_1874","Eukaryota","TSAR","Alveolata","Dinoflagellata","Syndiniales","Dino-Group-I","Dino-Group-I-Clade-5","Dino-Group-I-Clade-5_X","Dino-Group-I-Clade-5_X_sp."
"ASV_1875","Eukaryota","Obazoa","Opisthokonta","Choanoflagellata","Choanoflagellatea","Craspedida","Monosigidae_Group_B","Lagenoeca","Lagenoeca_antarctica"
"ASV_1876","Eukaryota","Obazoa","Opisthokonta","Choanoflagellata","Choanoflagellatea","unassigned","unassigned","unassigned","unassigned"
"ASV_1877","Eukaryota","TSAR","Stramenopiles","Gyrista","Chrysophyceae","Chrysophyceae_Clade-EC2H","Chrysophyceae_Clade-EC2H_X","Chrysophyceae_Clade-EC2H_XX","Chrysophyceae_Clade-EC2H_XX_sp."
"ASV_1878","Eukaryota","Haptista","Haptophyta","Haptophyta_X","Prymnesiophyceae","Prymnesiophyceae_X","Braarudosphaeraceae","Braarudosphaera","Braarudosphaera_bigelowii"
"ASV_1879","Eukaryota","Archaeplastida","Picozoa","Picozoa_subdivision_1","unassigned","unassigned","unassigned","unassigned","unassigned"
"ASV_1880","Eukaryota","TSAR","Stramenopiles","Gyrista","Dictyochophyceae","Dictyochophyceae_X","Dictyochophyceae_XX","Dictyochophyceae_XXX","Dictyochophyceae_XXX_sp."
"ASV_1881","Eukaryota","TSAR","Stramenopiles","Gyrista","Peronosporomycetes","Peronosporomycetes_X","Peronosporales","unassigned","unassigned"
"ASV_1883","Eukaryota","Archaeplastida","Chlorophyta","Chlorophyta_X","Chlorophyceae","Chlamydomonadales","Chlamydomonadales_X","Chlamydomonas","Chlamydomonas_parkeae"
"ASV_1884","Eukaryota","TSAR","Alveolata","Dinoflagellata","Syndiniales","Dino-Group-II","Dino-Group-II-Clade-1","Dino-Group-II-Clade-1_X","Dino-Group-II-Clade-1_X_sp."
"ASV_1887","Eukaryota","Cryptista","Cryptophyta","Cryptophyta_X","Cryptophyceae","Cryptomonadales","Cryptomonadales_X","Plagioselmis","Plagioselmis_prolonga"
"ASV_1888","Eukaryota","TSAR","Alveolata","Dinoflagellata","unassigned","unassigned","unassigned","unassigned","unassigned"
"ASV_1889","Eukaryota","TSAR","Alveolata","Dinoflagellata","Dinophyceae","unassigned","unassigned","unassigned","unassigned"
"ASV_1890","Eukaryota","TSAR","Alveolata","Dinoflagellata","Dinophyceae","unassigned","unassigned","unassigned","unassigned"
"ASV_1891","Eukaryota","TSAR","Rhizaria","Cercozoa","Filosa-Imbricatea","Filosa-Imbricatea_X","Novel-clade-2","Novel-clade-2_X","Novel-clade-2_X_sp."
"ASV_1892","Eukaryota","TSAR","Alveolata","Dinoflagellata","Syndiniales","Dino-Group-II","unassigned","unassigned","unassigned"
"ASV_1895","Eukaryota","TSAR","Stramenopiles","unassigned","unassigned","unassigned","unassigned","unassigned","unassigned"
"ASV_1896","Eukaryota","TSAR","Stramenopiles","Bigyra","Sagenista","Sagenista_X","MAST-8","MAST-8B","MAST-8B_sp."
"ASV_1897","Eukaryota","Archaeplastida","Chlorophyta","Chlorophyta_X","Chloropicophyceae","Chloropicales","Chloropicaceae","Chloroparvula","Chloroparvula_pacifica"
"ASV_1901","Eukaryota","TSAR","Stramenopiles","Gyrista","Bacillariophyceae","Bacillariales","Bacillariaceae","Pseudo-nitzschia","unassigned"
"ASV_1902","Eukaryota","TSAR","Alveolata","unassigned","unassigned","unassigned","unassigned","unassigned","unassigned"
"ASV_1903","Eukaryota","Haptista","Haptophyta","Haptophyta_X","Prymnesiophyceae","Prymnesiales","Chrysochromulinaceae","Chrysochromulina","Chrysochromulina_sp."
"ASV_1904","Eukaryota","TSAR","Alveolata","Dinoflagellata","Dinophyceae","unassigned","unassigned","unassigned","unassigned"
"ASV_1906","Eukaryota","Amoebozoa","Evosea","Evosea_X","Variosea","Variosea_X","Mariager-Fjord-lineage","Mariager-Fjord-lineage_X","Mariager-Fjord-lineage_X_sp."
"ASV_1907","Eukaryota","TSAR","Alveolata","Dinoflagellata","Dinophyceae","unassigned","unassigned","unassigned","unassigned"
"ASV_1908","Eukaryota","TSAR","Alveolata","Dinoflagellata","Dinophyceae","Gymnodiniales","unassigned","unassigned","unassigned"
"ASV_1911","Eukaryota","TSAR","Alveolata","Dinoflagellata","Dinophyceae","Suessiales","Suessiaceae","unassigned","unassigned"
"ASV_1912","Eukaryota","TSAR","Rhizaria","Cercozoa","Endomyxa-Gromiidea","Gromiida","Gromiidae","Gromia","unassigned"
"ASV_1913","Eukaryota","TSAR","Alveolata","Dinoflagellata","Dinophyceae","Peridiniales","Protoperidiniaceae","Protoperidinium","Protoperidinium_depressum"
"ASV_1914","Eukaryota","TSAR","Rhizaria","Cercozoa","Filosa-Thecofilosea","Cryomonadida","Protaspa-lineage","Protaspa","Protaspa_longipes"
"ASV_1915","Eukaryota","TSAR","Stramenopiles","Gyrista","Mediophyceae","Chaetocerotales","Chaetocerotaceae","Chaetoceros","Chaetoceros_diadema-1"
"ASV_1916","Eukaryota","TSAR","Alveolata","Dinoflagellata","Dinophyceae","Peridiniales","Blastodiniaceae","Blastodinium","Blastodinium_spinulosum"
"ASV_1918","Eukaryota","TSAR","Stramenopiles","Gyrista","Pelagophyceae","Pelagomonadales","Pelagomonadaceae","Pelagomonadaceae_clade_C","Pelagomonadaceae_clade_C_sp."
"ASV_1920","Eukaryota","TSAR","Rhizaria","Cercozoa","Chlorarachniophyceae","Chlorarachnida","Minorisa-lineage","Minorisa","Minorisa_minuta"
"ASV_1921","Eukaryota","TSAR","Rhizaria","Cercozoa","Filosa-Imbricatea","Filosa-Imbricatea_X","Novel-clade-2","Novel-clade-2_X","Novel-clade-2_X_sp."
"ASV_1922","Eukaryota","TSAR","Alveolata","Ciliophora","Spirotrichea","Oligotrichida","unassigned","unassigned","unassigned"
"ASV_1925","Eukaryota","TSAR","Alveolata","Dinoflagellata","Dinophyceae","Gymnodiniales","Gymnodiniaceae","unassigned","unassigned"
"ASV_1926","Eukaryota","TSAR","Alveolata","Dinoflagellata","Syndiniales","Dino-Group-II","Dino-Group-II-Clade-1","Dino-Group-II-Clade-1_X","Dino-Group-II-Clade-1_X_sp."
"ASV_1927","Eukaryota","TSAR","Stramenopiles","Gyrista","Mediophyceae","Chaetocerotales","Chaetocerotaceae","Chaetoceros","Chaetoceros_diadema-1"
"ASV_1930","Eukaryota","TSAR","Alveolata","Dinoflagellata","Syndiniales","Dino-Group-II","Dino-Group-II-Clade-1","Dino-Group-II-Clade-1_X","Dino-Group-II-Clade-1_X_sp."
"ASV_1933","Eukaryota","Haptista","Haptophyta","Haptophyta_X","unassigned","unassigned","unassigned","unassigned","unassigned"
"ASV_1934","Eukaryota","TSAR","Rhizaria","Cercozoa","Filosa-Imbricatea","Filosa-Imbricatea_X","Novel-clade-2","Novel-clade-2_X","Novel-clade-2_X_sp."
"ASV_1935","Eukaryota","TSAR","Alveolata","unassigned","unassigned","unassigned","unassigned","unassigned","unassigned"
"ASV_1936","Eukaryota","TSAR","Alveolata","unassigned","unassigned","unassigned","unassigned","unassigned","unassigned"
"ASV_1938","Eukaryota","TSAR","Alveolata","Dinoflagellata","Dinophyceae","Gymnodiniales","unassigned","unassigned","unassigned"
"ASV_1939","Eukaryota","TSAR","Stramenopiles","Gyrista","Pelagophyceae","Pelagomonadales","Pelagomonadales_clade_B","Pelagomonadales_clade_B1","Pelagomonadales_clade_B1_sp."
"ASV_1940","Eukaryota","TSAR","Alveolata","Dinoflagellata","Syndiniales","Dino-Group-II","Dino-Group-II-Clade-22","Dino-Group-II-Clade-22_X","Dino-Group-II-Clade-22_X_sp."
"ASV_1944","Eukaryota","TSAR","Alveolata","Dinoflagellata","Dinophyceae","Gonyaulacales","Ceratiaceae","Tripos","Tripos_furca"
"ASV_1945","Eukaryota","TSAR","Alveolata","Dinoflagellata","Dinophyceae","unassigned","unassigned","unassigned","unassigned"
"ASV_1946","Eukaryota","Archaeplastida","Chlorophyta","Chlorophyta_X","Chlorophyceae","Chlamydomonadales","Chlamydomonadales_X","Chlamydomonas","Chlamydomonas_parkeae"
"ASV_1948","Eukaryota","TSAR","Stramenopiles","Gyrista","Chrysophyceae","Chrysophyceae_Clade-EC2H","Chrysophyceae_Clade-EC2H_X","Chrysophyceae_Clade-EC2H_XX","Chrysophyceae_Clade-EC2H_XX_sp."
"ASV_1949","Eukaryota","TSAR","Alveolata","Dinoflagellata","Dinophyceae","Peridiniales","unassigned","unassigned","unassigned"
"ASV_1951","Eukaryota","TSAR","Stramenopiles","Bigyra","Opalozoa","Nanomonadea","MAST-3","MAST-3F","MAST-3F_sp."
"ASV_1952","Eukaryota","TSAR","Alveolata","Apicomplexa","Gregarinomorphea","Eugregarinorida","unassigned","unassigned","unassigned"
"ASV_1953","Eukaryota","TSAR","Stramenopiles","Gyrista","Bacillariophyceae","Naviculales","Sellaphoraceae","Sellaphora","unassigned"
"ASV_1955","Eukaryota","TSAR","Alveolata","Ciliophora","Spirotrichea","Oligotrichida","Strombidiidae","Strombidiidae_X","Strombidiidae_X_sp."
"ASV_1962","Eukaryota","TSAR","Stramenopiles","Bigyra","Opalozoa","Opalozoa_X","MAST-12","MAST-12A","MAST-12A_sp."
"ASV_1965","Eukaryota","TSAR","Rhizaria","Cercozoa","Chlorarachniophyceae","Chlorarachniophyceae_X","NPK2-lineage","NPK2-lineage_X","NPK2-lineage_X_sp."
"ASV_1966","Eukaryota","TSAR","Stramenopiles","Bigyra","Sagenista","Labyrinthulomycetes","Labyrinthulomycetes_LAB7","Labyrinthulomycetes_LAB7_X","Labyrinthulomycetes_LAB7_X_sp."
"ASV_1967","Eukaryota","TSAR","Alveolata","Dinoflagellata","Syndiniales","Dino-Group-II","Dino-Group-II-Clade-1","Dino-Group-II-Clade-1_X","Dino-Group-II-Clade-1_X_sp."
"ASV_1968","Eukaryota","TSAR","Alveolata","Ciliophora","Spirotrichea","Oligotrichida","Tontoniidae","Pseudotontonia","Pseudotontonia_sp."
"ASV_1969","Eukaryota","TSAR","Alveolata","Dinoflagellata","Syndiniales","Dino-Group-I","Dino-Group-I-Clade-1","Dino-Group-I-Clade-1_X","Dino-Group-I-Clade-1_X_sp."
"ASV_1970","Eukaryota","TSAR","Alveolata","Dinoflagellata","Dinophyceae","unassigned","unassigned","unassigned","unassigned"
"ASV_1977","Eukaryota","TSAR","Alveolata","Dinoflagellata","Dinophyceae","Suessiales","Borghiellaceae","Dactylodinium","Dactylodinium_arachnoides"
"ASV_1984","Eukaryota","TSAR","Stramenopiles","Gyrista","Bacillariophyceae","Bacillariophyceae_X","Bacillariophyceae_XX","Bacillariophyceae_XXX","Bacillariophyceae_XXX_sp."
"ASV_1986","Eukaryota","TSAR","Stramenopiles","Gyrista","Mediophyceae","Thalassiosirales","Thalassiosiraceae","Thalassiosira","unassigned"
"ASV_1992","Eukaryota","Obazoa","Opisthokonta","Choanoflagellata","Choanoflagellatea","Acanthoecida","unassigned","unassigned","unassigned"
"ASV_1993","Eukaryota","TSAR","Alveolata","Dinoflagellata","Syndiniales","Dino-Group-I","Dino-Group-I-Clade-4","Dino-Group-I-Clade-4_X","Dino-Group-I-Clade-4_X_sp."
"ASV_1994","Eukaryota","TSAR","Stramenopiles","Gyrista","Mediophyceae","Thalassiosirales","Thalassiosiraceae","Thalassiosira","unassigned"
"ASV_1996","Eukaryota","TSAR","unassigned","unassigned","unassigned","unassigned","unassigned","unassigned","unassigned"
"ASV_1997","Eukaryota","TSAR","Stramenopiles","Gyrista","Dictyochophyceae","Dictyochophyceae_X","Pedinellales","Pedinellales_X","Pedinellales_X_sp."
"ASV_1999","Eukaryota","TSAR","Stramenopiles","Gyrista","Coscinodiscophyceae","Coscinodiscales","Coscinodiscaceae","Coscinodiscus","Coscinodiscus_radiatus"
"ASV_2000","Eukaryota","TSAR","Alveolata","Dinoflagellata","Dinophyceae","unassigned","unassigned","unassigned","unassigned"
"ASV_2001","Eukaryota","Haptista","Haptophyta","Haptophyta_X","Prymnesiophyceae","Prymnesiales","Prymnesiaceae","unassigned","unassigned"
"ASV_2002","Eukaryota","TSAR","Stramenopiles","Gyrista","Chrysophyceae","Chrysophyceae_Clade-EC2H","Chrysophyceae_Clade-EC2H_X","Chrysophyceae_Clade-EC2H_XX","Chrysophyceae_Clade-EC2H_XX_sp."
"ASV_2006","Eukaryota","TSAR","Alveolata","Dinoflagellata","Dinophyceae","Prorocentrales","Prorocentraceae","Prorocentrum","Prorocentrum_sp."
"ASV_2007","Eukaryota","TSAR","Rhizaria","Cercozoa","Filosa-Imbricatea","Euglyphida","Paulinellidae","Paulinella","Paulinella_sp."
"ASV_2008","Eukaryota","TSAR","Alveolata","Dinoflagellata","Dinophyceae","unassigned","unassigned","unassigned","unassigned"
"ASV_2009","Eukaryota","TSAR","Alveolata","Dinoflagellata","Dinophyceae","unassigned","unassigned","unassigned","unassigned"
"ASV_2010","Eukaryota","TSAR","Alveolata","Dinoflagellata","Noctilucophyceae","Noctilucales","Noctilucaceae","Noctiluca","Noctiluca_scintillans"
"ASV_2011","Eukaryota","TSAR","Alveolata","Dinoflagellata","Syndiniales","Dino-Group-I","Dino-Group-I-Clade-8","Dino-Group-I-Clade-8_X","Dino-Group-I-Clade-8_X_sp."
"ASV_2012","Eukaryota","TSAR","Alveolata","Dinoflagellata","Syndiniales","Dino-Group-II","Dino-Group-II-Clade-7","Dino-Group-II-Clade-7_X","Dino-Group-II-Clade-7_X_sp."
"ASV_2013","Eukaryota","TSAR","Alveolata","Ciliophora","Spirotrichea","Choreotrichida","Strobilidiidae","Rimostrombidium","Rimostrombidium_sp."
"ASV_2014","Eukaryota","TSAR","Stramenopiles","Bigyra","unassigned","unassigned","unassigned","unassigned","unassigned"
"ASV_2016","Eukaryota:nucl","Cryptista:nucl","Cryptophyta:nucl","Cryptophyta_X:nucl","Cryptophyceae:nucl","unassigned","unassigned","unassigned","unassigned"
"ASV_2018","Eukaryota","TSAR","Stramenopiles","Gyrista","Chrysophyceae","Chrysophyceae_Clade-EC2I","Chrysophyceae_Clade-EC2I_X","Chrysophyceae_Clade-EC2I_XX","Chrysophyceae_Clade-EC2I_XX_sp."
"ASV_2019","Eukaryota","TSAR","Stramenopiles","Gyrista","Mediophyceae","Chaetocerotales","Chaetocerotaceae","Chaetoceros","Chaetoceros_contortus"
"ASV_2020","Eukaryota","TSAR","Alveolata","Dinoflagellata","Syndiniales","Dino-Group-II","Dino-Group-II-Clade-32","Dino-Group-II-Clade-32_X","Dino-Group-II-Clade-32_X_sp."
"ASV_2022","Eukaryota","TSAR","Rhizaria","Cercozoa","Filosa-Thecofilosea","Ebriacea","Ebriidae","Ebria","Ebria_tripartita"
"ASV_2023","Eukaryota","TSAR","Alveolata","Dinoflagellata","Syndiniales","Dino-Group-II","Dino-Group-II-Clade-22","Dino-Group-II-Clade-22_X","Dino-Group-II-Clade-22_X_sp."
"ASV_2027","Eukaryota","TSAR","Alveolata","Dinoflagellata","Dinophyceae","Dinophyceae_X","Dinophyceae_XX","Dinophyceae_XXX","Dinophyceae_XXX_sp."
"ASV_2029","Eukaryota","TSAR","Stramenopiles","Gyrista","Bacillariophyceae","Licmophorales","Licmophoraceae","Licmophora","Licmophora_flabellata"
"ASV_2030","Eukaryota","TSAR","Stramenopiles","Gyrista","unassigned","unassigned","unassigned","unassigned","unassigned"
"ASV_2031","Eukaryota","TSAR","Stramenopiles","Gyrista","Bacillariophyceae","Naviculales","Naviculaceae","Haslea","Haslea_howeana"
"ASV_2033","Eukaryota","TSAR","Stramenopiles","Bigyra","Opalozoa","Nanomonadea","MAST-3","MAST-3J","MAST-3J_sp."
"ASV_2036","Eukaryota","TSAR","Stramenopiles","Bigyra","Opalozoa","Nanomonadea","MAST-3","MAST-3J","MAST-3J_sp."
"ASV_2037","Eukaryota","TSAR","Alveolata","Dinoflagellata","Syndiniales","Dino-Group-I","Dino-Group-I-Clade-1","Dino-Group-I-Clade-1_X","Dino-Group-I-Clade-1_X_sp."
"ASV_2040","Eukaryota","TSAR","Alveolata","Ciliophora","Spirotrichea","Choreotrichida-Tintinnina","Tintinnidiidae","Antetintinnidium","Antetintinnidium_mucicola"
"ASV_2044","Eukaryota","TSAR","Alveolata","Dinoflagellata","Syndiniales","Dino-Group-II","Dino-Group-II-Clade-23","Dino-Group-II-Clade-23_X","Dino-Group-II-Clade-23_X_sp."
"ASV_2045","Eukaryota","TSAR","Alveolata","Ciliophora","Spirotrichea","Choreotrichida","unassigned","unassigned","unassigned"
"ASV_2048","Eukaryota","TSAR","Alveolata","Dinoflagellata","Dinophyceae","Peridiniales","Protoperidiniaceae","Protoperidinium","Protoperidinium_conicum"
"ASV_2049","Eukaryota","Haptista","Haptophyta","Haptophyta_X","Prymnesiophyceae","Prymnesiales","Chrysochromulinaceae","Chrysochromulina","unassigned"
"ASV_2051","Eukaryota","Obazoa","Opisthokonta","Choanoflagellata","Choanoflagellatea","Acanthoecida","Stephanoecidae","Pleurasiga","Pleurasiga_reynoldsii"
"ASV_2053","Eukaryota","TSAR","Alveolata","Dinoflagellata","Dinophyceae","Gymnodiniales","Gymnodiniaceae","unassigned","unassigned"
"ASV_2054","Eukaryota","Obazoa","Opisthokonta","Choanoflagellata","Choanoflagellatea","Acanthoecida","Stephanoecidae_Group_H","Diaphanoeca","Diaphanoeca_undulata"
"ASV_2056","Eukaryota","TSAR","Rhizaria","Cercozoa","Filosa-Thecofilosea","Cryomonadida","Protaspa-lineage","Protaspa","Protaspa_longipes"
"ASV_2058","Eukaryota","Archaeplastida","Chlorophyta","Chlorophyta_X","Ulvophyceae","Ulvales-relatives","Ulvales-relatives_X","Ulva","unassigned"
"ASV_2059","Eukaryota","TSAR","Alveolata","Dinoflagellata","Dinophyceae","unassigned","unassigned","unassigned","unassigned"
"ASV_2060","Eukaryota","TSAR","Alveolata","Dinoflagellata","Dinophyceae","Peridiniales","unassigned","unassigned","unassigned"
"ASV_2061","Eukaryota","Haptista","Haptophyta","Haptophyta_X","Haptophyta_Clade_HAP3","Haptophyta_Clade_HAP3_X","Haptophyta_Clade_HAP3_XX","Haptophyta_Clade_HAP3_XXX","Haptophyta_Clade_HAP3_XXX_sp."
"ASV_2063","Eukaryota","Archaeplastida","Chlorophyta","Chlorophyta_X","unassigned","unassigned","unassigned","unassigned","unassigned"
"ASV_2064","Eukaryota","TSAR","Alveolata","unassigned","unassigned","unassigned","unassigned","unassigned","unassigned"
"ASV_2065","Eukaryota","TSAR","Rhizaria","Cercozoa","Filosa-Thecofilosea","Ebriacea","TAGIRI1-lineage","TAGIRI1-lineage_X","TAGIRI1-lineage_X_sp."
"ASV_2066","Eukaryota","TSAR","Alveolata","Dinoflagellata","Syndiniales","Dino-Group-II","Dino-Group-II-Clade-39","Dino-Group-II-Clade-39_X","Dino-Group-II-Clade-39_X_sp."
"ASV_2067","Eukaryota","TSAR","Stramenopiles","Bigyra","Sagenista","Sagenista_X","MAST-4","MAST-4C","MAST-4C_sp."
"ASV_2068","Eukaryota","TSAR","Rhizaria","Cercozoa","Filosa-Imbricatea","Filosa-Imbricatea_X","Novel-clade-2","Novel-clade-2_X","Novel-clade-2_X_sp."
"ASV_2071","Eukaryota","TSAR","Alveolata","Dinoflagellata","Dinophyceae","Gymnodiniales","Gymnodiniaceae","Gyrodinium","unassigned"
"ASV_2072","Eukaryota","Cryptista","Cryptophyta","Cryptophyta_X","Cryptophyceae","Cryptomonadales","Cryptomonadales_X","Cryptomonas","Cryptomonas_phaseolus"
"ASV_2075","Eukaryota","TSAR","Stramenopiles","Bigyra","Sagenista","Sagenista_X","MAST-7","MAST-7B","MAST-7B_sp."
"ASV_2076","Eukaryota","Archaeplastida","Chlorophyta","Chlorophyta_X","Pyramimonadophyceae","Pyramimonadales","Pterospermaceae","Pterosperma","Pterosperma_sp."
"ASV_2077","Eukaryota","TSAR","Alveolata","Dinoflagellata","Dinophyceae","Peridiniales","Protoperidiniaceae","Protoperidinium","Protoperidinium_punctulatum"
"ASV_2078","Eukaryota","TSAR","unassigned","unassigned","unassigned","unassigned","unassigned","unassigned","unassigned"
"ASV_2079","Eukaryota","TSAR","Alveolata","Dinoflagellata","unassigned","unassigned","unassigned","unassigned","unassigned"
"ASV_2082","Eukaryota","TSAR","Alveolata","Dinoflagellata","Dinophyceae","Gymnodiniales","Gymnodiniaceae","Gyrodinium","unassigned"
"ASV_2083","Eukaryota","TSAR","Alveolata","Ciliophora","Spirotrichea","unassigned","unassigned","unassigned","unassigned"
"ASV_2086","Eukaryota","TSAR","Stramenopiles","Gyrista","Dictyochophyceae","Dictyochophyceae_X","Florenciellales","Pseudochattonella","Pseudochattonella_verruculosa"
"ASV_2087","Eukaryota","Archaeplastida","Chlorophyta","Chlorophyta_X","Pyramimonadophyceae","Pyramimonadales","Pyramimonadaceae","Pyramimonas","Pyramimonas_sp."
"ASV_2088","Eukaryota","TSAR","Stramenopiles","Gyrista","MOCH-2","MOCH-2_X","MOCH-2_XX","MOCH-2_XXX","MOCH-2_XXX_sp."
"ASV_2089","Eukaryota","TSAR","Stramenopiles","Gyrista","Mediophyceae","Thalassiosirales","Skeletonemaceae","Skeletonema","Skeletonema_menzelii"
"ASV_2091","Eukaryota","TSAR","Stramenopiles","Gyrista","Bolidophyceae","Parmales","Triparmaceae","Triparma","Triparma_strigata"
"ASV_2092","Eukaryota","TSAR","Alveolata","Dinoflagellata","Syndiniales","Dino-Group-I","Dino-Group-I-Clade-1","Dino-Group-I-Clade-1_X","Dino-Group-I-Clade-1_X_sp."
"ASV_2093","Eukaryota","TSAR","Alveolata","Dinoflagellata","Dinophyceae","unassigned","unassigned","unassigned","unassigned"
"ASV_2094","Eukaryota","Obazoa","unassigned","unassigned","unassigned","unassigned","unassigned","unassigned","unassigned"
"ASV_2095","Eukaryota","TSAR","Rhizaria","Cercozoa","Filosa-Thecofilosea","Cryomonadida","unassigned","unassigned","unassigned"
"ASV_2096","Eukaryota","TSAR","Alveolata","Dinoflagellata","Dinophyceae","unassigned","unassigned","unassigned","unassigned"
"ASV_2099","Eukaryota","Cryptista","unassigned","unassigned","unassigned","unassigned","unassigned","unassigned","unassigned"
"ASV_2101","Eukaryota","TSAR","Stramenopiles","Bigyra","Opalozoa","Nanomonadea","MAST-3","MAST-3E","MAST-3E_sp."
"ASV_2103","Eukaryota","TSAR","Stramenopiles","Gyrista","Mediophyceae","Hemiaulales","Hemiaulaceae","Eucampia","Eucampia_cornuta"
"ASV_2104","Eukaryota","Excavata","Discoba","Euglenozoa","Kinetoplastea","unassigned","unassigned","unassigned","unassigned"
"ASV_2105","Eukaryota","Haptista","Haptophyta","Haptophyta_X","Prymnesiophyceae","Prymnesiales","Chrysochromulinaceae","Chrysochromulina","Chrysochromulina_scutellum"
"ASV_2108","Eukaryota","Obazoa","Opisthokonta","Ichthyosporea","Ichthyophonida","Abeoformidae","Abeoformidae_Group_MAIP_2","Abeoformidae_Group_MAIP_2_X","Abeoformidae_Group_MAIP_2_X_sp."
"ASV_2109","Eukaryota","TSAR","Alveolata","Dinoflagellata","Dinophyceae","Gymnodiniales","Gymnodiniaceae","Gyrodinium","Gyrodinium_sp."
"ASV_2111","Eukaryota","TSAR","Stramenopiles","Bigyra","Sagenista","Labyrinthulomycetes","Thraustochytriaceae","Thraustochytriaceae_LAB17","Thraustochytriaceae_LAB17_sp."
"ASV_2112","Eukaryota","TSAR","Stramenopiles","Gyrista","Phaeophyceae","Phaeophyceae_X","Phaeophyceae_XX","unassigned","unassigned"
"ASV_2113","Eukaryota","TSAR","Alveolata","Dinoflagellata","Syndiniales","Dino-Group-II","Dino-Group-II-Clade-32","Dino-Group-II-Clade-32_X","Dino-Group-II-Clade-32_X_sp."
"ASV_2115","Eukaryota","TSAR","Stramenopiles","Bigyra","Sagenista","Sagenista_X","MAST-7","MAST-7A","MAST-7A_sp."
"ASV_2117","Eukaryota","TSAR","Alveolata","Dinoflagellata","Dinophyceae","unassigned","unassigned","unassigned","unassigned"
"ASV_2118","Eukaryota","TSAR","Stramenopiles","Gyrista","Mediophyceae","Eupodiscales","Odontellaceae","Odontella","Odontella_mobiliensis"
"ASV_2119","Eukaryota","TSAR","Alveolata","Ciliophora","Spirotrichea","Oligotrichida","Strombidiidae","unassigned","unassigned"
"ASV_2120","Eukaryota","TSAR","Alveolata","Dinoflagellata","Syndiniales","Dino-Group-I","Dino-Group-I-Clade-1","Dino-Group-I-Clade-1_X","Dino-Group-I-Clade-1_X_sp."
"ASV_2121","Eukaryota","TSAR","Alveolata","Dinoflagellata","Syndiniales","Dino-Group-I","Dino-Group-I-Clade-1","Dino-Group-I-Clade-1_X","Dino-Group-I-Clade-1_X_sp."
"ASV_2123","Eukaryota","TSAR","Alveolata","Dinoflagellata","Dinophyceae","Peridiniales","Protoperidiniaceae","Protoperidinium","Protoperidinium_sp."
"ASV_2125","Eukaryota","TSAR","Alveolata","Dinoflagellata","Dinophyceae","Gymnodiniales","unassigned","unassigned","unassigned"
"ASV_2126","Eukaryota","TSAR","Alveolata","Dinoflagellata","Dinophyceae","unassigned","unassigned","unassigned","unassigned"
"ASV_2127","Eukaryota","TSAR","Stramenopiles","Gyrista","Mediophyceae","Thalassiosirales","Thalassiosiraceae","Thalassiosira","Thalassiosira_sp."
"ASV_2129","Eukaryota","Archaeplastida","Chlorophyta","Chlorophyta_X","Pyramimonadophyceae","Pyramimonadales","Pyramimonadaceae","Pyramimonas","unassigned"
"ASV_2130","Eukaryota","TSAR","Alveolata","unassigned","unassigned","unassigned","unassigned","unassigned","unassigned"
"ASV_2133","Eukaryota","TSAR","Stramenopiles","Gyrista","Bolidophyceae","Parmales","unassigned","unassigned","unassigned"
"ASV_2134","Eukaryota","TSAR","Stramenopiles","Gyrista","Mediophyceae","Thalassiosirales","Thalassiosiraceae","Thalassiosira","unassigned"
"ASV_2135","Eukaryota","TSAR","Alveolata","Ciliophora","Oligohymenophorea","OLIGO5","OLIGO5_X","OLIGO5_XX","OLIGO5_XX_sp."
"ASV_2136","Eukaryota","TSAR","Alveolata","Ciliophora","Spirotrichea","Choreotrichida","Lynnellidae","Lynnella","Lynnella_semiglobulosa"
"ASV_2137","Eukaryota","Haptista","Centroplasthelida","Centroplasthelida_X","Pterocystida","Pterocystida_X","Pterocystida_XX","Pterocystida_XXX","Pterocystida_XXX_sp."
"ASV_2138","Eukaryota","Haptista","Haptophyta","Haptophyta_X","Prymnesiophyceae","Prymnesiales","Chrysochromulinaceae","Chrysochromulina","Chrysochromulina_throndsenii"
"ASV_2140","Eukaryota","Haptista","Haptophyta","Haptophyta_X","Prymnesiophyceae","Prymnesiales","Chrysochromulinaceae","Chrysochromulina","unassigned"
"ASV_2141","Eukaryota","TSAR","Rhizaria","Cercozoa","Filosa-Imbricatea","Thaumatomonadida","Thaumatomonadidae","Thaumatomonas","Thaumatomonas_sp."
"ASV_2143","Eukaryota","TSAR","Alveolata","unassigned","unassigned","unassigned","unassigned","unassigned","unassigned"
"ASV_2144","Eukaryota","TSAR","Alveolata","Dinoflagellata","Dinophyceae","unassigned","unassigned","unassigned","unassigned"
"ASV_2145","Eukaryota","TSAR","Stramenopiles","Bigyra","Opalozoa","Nanomonadea","MAST-3","MAST-3F","MAST-3F_sp."
"ASV_2146","Eukaryota","TSAR","Stramenopiles","Gyrista","Phaeophyceae","Phaeophyceae_X","Phaeophyceae_XX","unassigned","unassigned"
"ASV_2148","Eukaryota","Archaeplastida","Chlorophyta","Chlorophyta_X","Chlorodendrophyceae","Chlorodendrales","Chlorodendraceae","Tetraselmis","Tetraselmis_sp."
"ASV_2150","Eukaryota","Cryptista","Cryptophyta","Cryptophyta_X","Cryptophyceae","Cryptomonadales","Hemiselmidaceae","Hemiselmis","Hemiselmis_rufescens"
"ASV_2151","Eukaryota","TSAR","Alveolata","Dinoflagellata","Dinophyceae","Gymnodiniales","Chytriodiniaceae","Dissodinium","Dissodinium_pseudolunula"
"ASV_2152","Eukaryota","TSAR","Stramenopiles","Gyrista","Chrysophyceae","Chrysophyceae_Clade-EC2H","Chrysophyceae_Clade-EC2H_X","Chrysophyceae_Clade-EC2H_XX","Chrysophyceae_Clade-EC2H_XX_sp."
"ASV_2153","Eukaryota","TSAR","Stramenopiles","Bigyra","Opalozoa","Nanomonadea","MAST-3","MAST-3E","MAST-3E_sp."
"ASV_2154","Eukaryota","TSAR","Stramenopiles","Gyrista","Chrysophyceae","Chrysophyceae_Clade-EC2H","Chrysophyceae_Clade-EC2H_X","Chrysophyceae_Clade-EC2H_XX","Chrysophyceae_Clade-EC2H_XX_sp."
"ASV_2155","Eukaryota","TSAR","Stramenopiles","Bigyra","Sagenista","Pseudophyllomitidae","MAST-6","MAST-6_X","MAST-6_X_sp."
"ASV_2157","Eukaryota","TSAR","Rhizaria","Cercozoa","Filosa-Thecofilosea","Cryomonadida","Protaspa-lineage","Protaspa-lineage_X","Protaspa-lineage_X_sp."
"ASV_2160","Eukaryota","TSAR","Rhizaria","Cercozoa","Filosa-Imbricatea","Thaumatomonadida","Thaumatomonadidae","Thaumatomastigidae","Thaumatomastigidae_sp."
"ASV_2162","Eukaryota","TSAR","Stramenopiles","Gyrista","Pelagophyceae","Pelagomonadales","Pelagomonadaceae","Pelagomonas","Pelagomonas_calceolata"
"ASV_2163","Eukaryota","TSAR","Stramenopiles","Gyrista","Mediophyceae","Chaetocerotales","Chaetocerotaceae","Chaetoceros","unassigned"
"ASV_2164","Eukaryota","TSAR","Rhizaria","Cercozoa","Filosa-Thecofilosea","Ventricleftida","Ventrifissuridae","Ventrifissura","unassigned"
"ASV_2165","Eukaryota","TSAR","Alveolata","Dinoflagellata","Dinophyceae","unassigned","unassigned","unassigned","unassigned"
"ASV_2166","Eukaryota","TSAR","Stramenopiles","Bigyra","Opalozoa","Nanomonadea","MAST-3","MAST-3I","MAST-3I_sp."
"ASV_2167","Eukaryota","TSAR","Alveolata","Dinoflagellata","Dinophyceae","Peridiniales","Thoracosphaeraceae","Scrippsiella","Scrippsiella_acuminata"
"ASV_2168","Eukaryota","TSAR","Alveolata","Dinoflagellata","Dinophyceae","Gymnodiniales","unassigned","unassigned","unassigned"
"ASV_2171","Eukaryota","TSAR","Stramenopiles","Gyrista","Bacillariophyceae","Bacillariales","Bacillariaceae","Fragilariopsis","Fragilariopsis_sp."
"ASV_2173","Eukaryota","TSAR","Alveolata","Dinoflagellata","Dinophyceae","unassigned","unassigned","unassigned","unassigned"
"ASV_2174","Eukaryota","TSAR","Stramenopiles","Gyrista","Bacillariophyceae","Bacillariales","Bacillariaceae","Fragilariopsis","Fragilariopsis_sublineata"
"ASV_2176","Eukaryota","TSAR","Alveolata","Ciliophora","Spirotrichea","Choreotrichida","Strombidinopsidae","Strombidinopsis","Strombidinopsis_acuminata"
"ASV_2177","Eukaryota","TSAR","Alveolata","Ciliophora","Spirotrichea","Oligotrichida","Oligotrichida_X","Oligotrichida_XX","Oligotrichida_XX_sp."
"ASV_2180","Eukaryota","Haptista","Haptophyta","Haptophyta_X","Prymnesiophyceae","Prymnesiales","Prymnesiaceae","unassigned","unassigned"
"ASV_2183","Eukaryota","TSAR","Alveolata","Dinoflagellata","Syndiniales","Dino-Group-II","Dino-Group-II-Clade-32","Dino-Group-II-Clade-32_X","Dino-Group-II-Clade-32_X_sp."
"ASV_2184","Eukaryota","TSAR","Rhizaria","Cercozoa","Filosa-Thecofilosea","Cryomonadida","Protaspa-lineage","Protaspa","unassigned"
"ASV_2185","Eukaryota","TSAR","Stramenopiles","Gyrista","Mediophyceae","Thalassiosirales","Thalassiosiraceae","Thalassiosira","Thalassiosira_delicatula"
"ASV_2186","Eukaryota","TSAR","Telonemia","Telonemia_X","Telonemia_XX","Telonemia_XXX","Telonemia-Group-2","Telonemia-Group-2_X","Telonemia-Group-2_X_sp."
"ASV_2187","Eukaryota","Archaeplastida","Picozoa","Picozoa_subdivision_2","Picozoa_subdivision_2_X","Picozoa_subdivision_2_XX","Picozoa_subdivision_2_XXX","Picozoa_subdivision_2_XXXX","Picozoa_subdivision_2_XXXX_sp."
"ASV_2188","Eukaryota","TSAR","Stramenopiles","Gyrista","Mediophyceae","Chaetocerotales","Chaetocerotaceae","Bacteriastrum","Bacteriastrum_parallelum"
"ASV_2190","Eukaryota","TSAR","Alveolata","Ciliophora","Spirotrichea","Oligotrichida","Strombidiidae","Novistrombidium","Novistrombidium_testaceum"
"ASV_2192","Eukaryota","TSAR","Rhizaria","Cercozoa","Filosa-Thecofilosea","Cryomonadida","Protaspa-lineage","Protaspa-lineage_X","Protaspa-lineage_X_sp."
"ASV_2193","Eukaryota","TSAR","Stramenopiles","Gyrista","Bacillariophyceae","Bacillariales","Bacillariaceae","Cylindrotheca","Cylindrotheca_closterium"
"ASV_2195","Eukaryota","TSAR","Stramenopiles","Gyrista","Mediophyceae","Thalassiosirales","Thalassiosiraceae","Thalassiosira","Thalassiosira_minima"
"ASV_2197","Eukaryota","TSAR","Stramenopiles","Gyrista","Gyrista_X","Gyrista_XX","MAST-1","MAST-1C","MAST-1C_sp."
"ASV_2198","Eukaryota","TSAR","Rhizaria","Cercozoa","Filosa-Thecofilosea","Cryomonadida","Protaspa-lineage","Protaspa","Protaspa_longipes"
"ASV_2200","Eukaryota","TSAR","Alveolata","Dinoflagellata","Dinophyceae","unassigned","unassigned","unassigned","unassigned"
"ASV_2202","Eukaryota","TSAR","Stramenopiles","Gyrista","MOCH-2","MOCH-2_X","MOCH-2_XX","MOCH-2_XXX","MOCH-2_XXX_sp."
"ASV_2203","Eukaryota","TSAR","Stramenopiles","Bigyra","Sagenista","Sagenista_X","MAST-4","MAST-4C","MAST-4C_sp."
"ASV_2205","Eukaryota","Archaeplastida","Picozoa","Picozoa_subdivision_2","Picozoa_subdivision_2_X","Picozoa_subdivision_2_XX","Picozoa_subdivision_2_XXX","Picozoa_subdivision_2_XXXX","Picozoa_subdivision_2_XXXX_sp."
"ASV_2208","Eukaryota","TSAR","Alveolata","Dinoflagellata","Dinophyceae","Gymnodiniales","Gymnodiniaceae","Gyrodinium","unassigned"
"ASV_2209","Eukaryota","TSAR","Stramenopiles","Gyrista","Mediophyceae","Chaetocerotales","Chaetocerotaceae","Chaetoceros","Chaetoceros_eibenii"
"ASV_2210","Eukaryota","Obazoa","Opisthokonta","Choanoflagellata","Choanoflagellatea","Acanthoecida","Acanthoecidae_Group_G","Calliacantha","Calliacantha_natans"
"ASV_2211","Eukaryota","Obazoa","Opisthokonta","Ichthyosporea","Ichthyophonida","Pseudoperkinsidae","Pseudoperkinsidae_X","Pseudoperkinsus","Pseudoperkinsus_tapetis"
"ASV_2212","Eukaryota","TSAR","Telonemia","Telonemia_X","Telonemia_XX","Telonemia_XXX","Telonemia-Group-2","Telonemia-Group-2_X","Telonemia-Group-2_X_sp."
"ASV_2214","Eukaryota","TSAR","Stramenopiles","Gyrista","unassigned","unassigned","unassigned","unassigned","unassigned"
"ASV_2215","Eukaryota","Obazoa","Opisthokonta","Choanoflagellata","Choanoflagellatea","Acanthoecida","Stephanoecidae_Group_H","Diaphanoeca","Diaphanoeca_undulata"
"ASV_2216","Eukaryota","TSAR","Rhizaria","Cercozoa","Filosa-Thecofilosea","Cryomonadida","Protaspa-lineage","Protaspa-lineage_X","Protaspa-lineage_X_sp."
"ASV_2217","Eukaryota","TSAR","Rhizaria","Radiolaria","Acantharea","Acantharea_4","Acantharea_4d","Acantharea_4d_X","Acantharea_4d_X_sp."
"ASV_2218","Eukaryota","TSAR","Alveolata","Dinoflagellata","Dinophyceae","Gymnodiniales","Gymnodiniaceae","Gyrodinium","Gyrodinium_jinhaense"
"ASV_2220","Eukaryota","TSAR","Alveolata","Ciliophora","Spirotrichea","Choreotrichida","Strobilidiidae","Pelagostrobilidium","Pelagostrobilidium_paraepacrum"
"ASV_2221","Eukaryota","TSAR","Alveolata","Dinoflagellata","Syndiniales","Dino-Group-II","Dino-Group-II-Clade-7","Dino-Group-II-Clade-7_X","Dino-Group-II-Clade-7_X_sp."
"ASV_2222","Eukaryota","TSAR","Alveolata","Dinoflagellata","Dinophyceae","unassigned","unassigned","unassigned","unassigned"
"ASV_2223","Eukaryota","TSAR","Telonemia","Telonemia_X","Telonemia_XX","Telonemia_XXX","Telonemia-Group-2","Telonemia-Group-2_X","Telonemia-Group-2_X_sp."
"ASV_2224","Eukaryota","TSAR","Alveolata","Ciliophora","CONThreeP","CONThreeP_X","Discotrichidae","NASSO_1","NASSO_1_sp."
"ASV_2225","Eukaryota","TSAR","Rhizaria","Radiolaria","Polycystinea","Nassellaria","Cannobotryidae","Cannobotryidae_X","Cannobotryidae_X_sp."
"ASV_2226","Eukaryota","TSAR","Alveolata","Dinoflagellata","Dinophyceae","Peridiniales","Thoracosphaeraceae","unassigned","unassigned"
"ASV_2229","Eukaryota","TSAR","Stramenopiles","unassigned","unassigned","unassigned","unassigned","unassigned","unassigned"
"ASV_2231","Eukaryota","Haptista","Haptophyta","Haptophyta_X","Prymnesiophyceae","Prymnesiales","Prymnesiaceae","Haptolina","Haptolina_sp."
"ASV_2232","Eukaryota","TSAR","Stramenopiles","Bigyra","unassigned","unassigned","unassigned","unassigned","unassigned"
"ASV_2233","Eukaryota","TSAR","Alveolata","unassigned","unassigned","unassigned","unassigned","unassigned","unassigned"
"ASV_2234","Eukaryota","TSAR","Alveolata","Dinoflagellata","Syndiniales","Dino-Group-II","Dino-Group-II-Clade-1","Dino-Group-II-Clade-1_X","Dino-Group-II-Clade-1_X_sp."
"ASV_2235","Eukaryota","TSAR","Stramenopiles","Bigyra","Sagenista","Sagenista_X","MAST-4","MAST-4D","MAST-4D_sp."
"ASV_2236","Eukaryota","Obazoa","Opisthokonta","Opisthokonta_X","Opisthokonta_XX","Opisthokonta_XXX","Opisthokonta_XXXX","Opisthokonta_XXXXX","Opisthokonta_XXXXX_sp."
"ASV_2238","Eukaryota","Archaeplastida","Chlorophyta","Chlorophyta_X","Mamiellophyceae","Dolichomastigales","Dolichomastigaceae","Dolichomastigaceae-B","Dolichomastigaceae-B_sp."
"ASV_2239","Eukaryota","TSAR","Stramenopiles","Bigyra","Opalozoa","Opalozoa_X","MAST-12","MAST-12D","MAST-12D_sp."
"ASV_2240","Eukaryota","TSAR","Alveolata","Dinoflagellata","Dinophyceae","Peridiniales","Thoracosphaeraceae","Thoracosphaeraceae_X","Thoracosphaeraceae_X_sp."
"ASV_2241","Eukaryota","TSAR","Alveolata","Dinoflagellata","Syndiniales","Dino-Group-II","Dino-Group-II-Clade-4","Dino-Group-II-Clade-4_X","Dino-Group-II-Clade-4_X_sp."
"ASV_2243","Eukaryota","TSAR","Alveolata","Ciliophora","Spirotrichea","Choreotrichida-Tintinnina","TIN_07","Tintinnopsis_07","Tintinnopsis_07_sp."
"ASV_2244","Eukaryota","TSAR","Alveolata","Dinoflagellata","Dinophyceae","unassigned","unassigned","unassigned","unassigned"
"ASV_2245","Eukaryota","TSAR","Alveolata","Dinoflagellata","Dinophyceae","unassigned","unassigned","unassigned","unassigned"
"ASV_2247","Eukaryota","TSAR","Stramenopiles","Bigyra","Opalozoa","Opalozoa_X","MAST-12","unassigned","unassigned"
"ASV_2248","Eukaryota","TSAR","Alveolata","Dinoflagellata","Dinophyceae","unassigned","unassigned","unassigned","unassigned"
"ASV_2252","Eukaryota","TSAR","Alveolata","Dinoflagellata","Dinophyceae","Dinophysales","Dinophysaceae","unassigned","unassigned"
"ASV_2255","Eukaryota","TSAR","Alveolata","Dinoflagellata","Dinophyceae","Gonyaulacales","Gonyaulacaceae","Gonyaulax","Gonyaulax_amoyensis"
"ASV_2258","Eukaryota","TSAR","Alveolata","Dinoflagellata","Dinophyceae","unassigned","unassigned","unassigned","unassigned"
"ASV_2259","Eukaryota","TSAR","Alveolata","Dinoflagellata","Syndiniales","Dino-Group-II","Dino-Group-II_X","unassigned","unassigned"
"ASV_2260","Eukaryota","TSAR","Alveolata","Dinoflagellata","Dinophyceae","unassigned","unassigned","unassigned","unassigned"
"ASV_2262","Eukaryota","TSAR","Stramenopiles","Gyrista","Mediophyceae","Chaetocerotales","Chaetocerotaceae","Chaetoceros","Chaetoceros_neogracilis"
"ASV_2263","Eukaryota","TSAR","Alveolata","Dinoflagellata","Dinophyceae","Gymnodiniales","unassigned","unassigned","unassigned"
"ASV_2265","Eukaryota","TSAR","Alveolata","Dinoflagellata","Dinophyceae","Gonyaulacales","Ceratiaceae","Tripos","Tripos_furca"
"ASV_2268","Eukaryota","TSAR","Alveolata","Dinoflagellata","Dinophyceae","Gymnodiniales","Gymnodiniaceae","Gymnodinium","Gymnodinium_catenatum"
"ASV_2269","Eukaryota","TSAR","Alveolata","Ciliophora","Spirotrichea","Oligotrichida","Strombidiidae","unassigned","unassigned"
"ASV_2271","Eukaryota","TSAR","Alveolata","Dinoflagellata","Syndiniales","Dino-Group-I","Dino-Group-I-Clade-5","Dino-Group-I-Clade-5_X","Dino-Group-I-Clade-5_X_sp."
"ASV_2272","Eukaryota","TSAR","Alveolata","Dinoflagellata","Dinophyceae","Dinophyceae_X","Dinophyceae_XX","Dinophyceae_XXX","Dinophyceae_XXX_sp."
"ASV_2274","Eukaryota","TSAR","Stramenopiles","Gyrista","Gyrista_X","Gyrista_XX","MAST-1","MAST-1B","MAST-1B_sp."
"ASV_2275","Eukaryota","TSAR","Alveolata","Ciliophora","Spirotrichea","Choreotrichida","Strobilidiidae","Pelagostrobilidium","unassigned"
"ASV_2276","Eukaryota","TSAR","Stramenopiles","Gyrista","unassigned","unassigned","unassigned","unassigned","unassigned"
"ASV_2277","Eukaryota","TSAR","Stramenopiles","Gyrista","unassigned","unassigned","unassigned","unassigned","unassigned"
"ASV_2278","Eukaryota","TSAR","Alveolata","Ciliophora","Spirotrichea","Oligotrichida","Tontoniidae","Spirotontonia","Spirotontonia_sp."
"ASV_2279","Eukaryota","TSAR","Stramenopiles","Bigyra","Sagenista","Sagenista_X","MAST-4","MAST-4B","MAST-4B_sp."
"ASV_2281","Eukaryota","TSAR","Telonemia","Telonemia_X","Telonemia_XX","Telonemia_XXX","Telonemia-Group-2","Telonemia-Group-2_X","Telonemia-Group-2_X_sp."
"ASV_2283","Eukaryota","TSAR","Stramenopiles","Gyrista","unassigned","unassigned","unassigned","unassigned","unassigned"
"ASV_2284","Eukaryota","TSAR","Alveolata","Dinoflagellata","Syndiniales","Dino-Group-I","Dino-Group-I-Clade-5","Dino-Group-I-Clade-5_X","Dino-Group-I-Clade-5_X_sp."
"ASV_2285","Eukaryota","TSAR","Stramenopiles","Gyrista","unassigned","unassigned","unassigned","unassigned","unassigned"
"ASV_2286","Eukaryota","TSAR","Alveolata","Dinoflagellata","Syndiniales","Dino-Group-II","unassigned","unassigned","unassigned"
"ASV_2287","Eukaryota","TSAR","Alveolata","Ciliophora","Prostomatea","Prorodontida","Urotrichidae","Urotricha","Urotricha_sp."
"ASV_2288","Eukaryota","TSAR","Alveolata","Dinoflagellata","Dinophyceae","Peridiniales","Protoperidiniaceae","Protoperidinium","Protoperidinium_claudicans"
"ASV_2290","Eukaryota","TSAR","Alveolata","Ciliophora","Spirotrichea","Choreotrichida-Tintinnina","Xystonellidae","Dadayiella","Dadayiella_sp."
"ASV_2293","Eukaryota","TSAR","Alveolata","Dinoflagellata","Dinophyceae","unassigned","unassigned","unassigned","unassigned"
"ASV_2295","Eukaryota","TSAR","Alveolata","unassigned","unassigned","unassigned","unassigned","unassigned","unassigned"
"ASV_2296","Eukaryota","TSAR","Alveolata","Dinoflagellata","Dinophyceae","unassigned","unassigned","unassigned","unassigned"
"ASV_2298","Eukaryota","TSAR","Rhizaria","Cercozoa","Filosa-Thecofilosea","Cryomonadida","Cryothecomonas-lineage","Cryothecomonas","Cryothecomonas_aestivalis"
"ASV_2302","Eukaryota","TSAR","Rhizaria","Foraminifera","Monothalamids","Monothalamids_X","Monothalamids_XX","Phainogullmia","Phainogullmia_aurata"
"ASV_2303","Eukaryota","TSAR","Telonemia","Telonemia_X","Telonemia_XX","Telonemia_XXX","Telonemia-Group-1","Telonema-Group-1","Telonema_subtile"
"ASV_2304","Eukaryota","TSAR","Alveolata","Dinoflagellata","Syndiniales","Dino-Group-I","Dino-Group-I-Clade-1","Dino-Group-I-Clade-1_X","Dino-Group-I-Clade-1_X_sp."
"ASV_2307","Eukaryota","TSAR","Rhizaria","Cercozoa","Filosa-Thecofilosea","Cryomonadida","Cryothecomonas-lineage","Cryothecomonas","Cryothecomonas_aestivalis"
"ASV_2308","Eukaryota","TSAR","Stramenopiles","Gyrista","Chrysophyceae","Paraphysomonadales","Paraphysomonadaceae","Paraphysomonas","Paraphysomonas_sp."
"ASV_2309","Eukaryota","TSAR","Rhizaria","Cercozoa","Filosa-Imbricatea","Filosa-Imbricatea_X","Novel-clade-2","Novel-clade-2_X","Novel-clade-2_X_sp."
"ASV_2310","Eukaryota","TSAR","Alveolata","Dinoflagellata","Dinophyceae","unassigned","unassigned","unassigned","unassigned"
"ASV_2311","Eukaryota","Archaeplastida","Picozoa","Picozoa_subdivision_2","Picozoa_subdivision_2_X","Picozoa_subdivision_2_XX","Picozoa_subdivision_2_XXX","Picozoa_subdivision_2_XXXX","Picozoa_subdivision_2_XXXX_sp."
"ASV_2312","Eukaryota","TSAR","Stramenopiles","Gyrista","Phaeophyceae","Phaeophyceae_X","Phaeophyceae_XX","Sargassum","Sargassum_thunbergii"
"ASV_2313","Eukaryota","TSAR","Stramenopiles","Gyrista","Bacillariophyceae","Bacillariales","Bacillariaceae","Fragilariopsis","Fragilariopsis_cylindrus"
"ASV_2315","Eukaryota","TSAR","Rhizaria","Cercozoa","Filosa-Thecofilosea","Cryomonadida","Protaspa-lineage","Protaspa-lineage_X","Protaspa-lineage_X_sp."
"ASV_2316","Eukaryota","TSAR","Rhizaria","Cercozoa","Filosa-Imbricatea","Filosa-Imbricatea_X","Novel-clade-2","Novel-clade-2_X","Novel-clade-2_X_sp."
"ASV_2318","Eukaryota","TSAR","Stramenopiles","Bigyra","Opalozoa","Nanomonadea","MAST-3","MAST-3I","MAST-3I_sp."
"ASV_2320","Eukaryota","TSAR","Stramenopiles","Gyrista","Mediophyceae","Thalassiosirales","Thalassiosiraceae","Thalassiosira","Thalassiosira_minuscula"
"ASV_2321","Eukaryota","TSAR","Alveolata","Ciliophora","Spirotrichea","Choreotrichida-Tintinnina","Xystonellidae","Dadayiella","Dadayiella_sp."
"ASV_2322","Eukaryota","TSAR","Stramenopiles","Gyrista","Mediophyceae","Thalassiosirales","Thalassiosiraceae","Thalassiosira","Thalassiosira_allenii"
"ASV_2323","Eukaryota","TSAR","Alveolata","Dinoflagellata","Syndiniales","Dino-Group-I","Dino-Group-I-Clade-5","Dino-Group-I-Clade-5_X","Dino-Group-I-Clade-5_X_sp."
"ASV_2325","Eukaryota:nucl","Cryptista:nucl","Cryptophyta:nucl","Cryptophyta_X:nucl","Cryptophyceae:nucl","unassigned","unassigned","unassigned","unassigned"
"ASV_2326","Eukaryota","TSAR","Rhizaria","Cercozoa","Filosa-Thecofilosea","Cryomonadida","Protaspa-lineage","Protaspa","Protaspa_longipes"
"ASV_2329","Eukaryota","TSAR","Alveolata","Dinoflagellata","Dinophyceae","unassigned","unassigned","unassigned","unassigned"
"ASV_2330","Eukaryota","Haptista","Haptophyta","Haptophyta_X","Haptophyta_Clade_HAP3","Haptophyta_Clade_HAP3_X","Haptophyta_Clade_HAP3_XX","Haptophyta_Clade_HAP3_XXX","Haptophyta_Clade_HAP3_XXX_sp."
"ASV_2331","Eukaryota","TSAR","Stramenopiles","Bigyra","Sagenista","Sagenista_X","MAST-4","MAST-4B","MAST-4B_sp."
"ASV_2332","Eukaryota","TSAR","Alveolata","Dinoflagellata","Syndiniales","Dino-Group-II","Dino-Group-II-Clade-23","Dino-Group-II-Clade-23_X","Dino-Group-II-Clade-23_X_sp."
"ASV_2333","Eukaryota","TSAR","Alveolata","Dinoflagellata","Dinophyceae","unassigned","unassigned","unassigned","unassigned"
"ASV_2334","Eukaryota","TSAR","Alveolata","Dinoflagellata","Dinophyceae","Suessiales","Borghiellaceae","Dactylodinium","Dactylodinium_arachnoides"
"ASV_2335","Eukaryota","TSAR","Alveolata","Ciliophora","Spirotrichea","Oligotrichida","Tontoniidae","Pseudotontonia","Pseudotontonia_sp."
"ASV_2336","Eukaryota","Obazoa","Opisthokonta","Choanoflagellata","Choanoflagellatea","Acanthoecida","Stephanoecidae","Crinolina","Crinolina_isefiordensis"
"ASV_2337","Eukaryota","TSAR","Alveolata","Dinoflagellata","Dinophyceae","Suessiales","Suessiaceae","Ansanella","Ansanella_granifera"
"ASV_2339","Eukaryota","TSAR","Alveolata","Ciliophora","CONThreeP","CONThreeP_X","CONThreeP_XX","Askenasia","Askenasia_sp."
"ASV_2341","Eukaryota","TSAR","Alveolata","Dinoflagellata","unassigned","unassigned","unassigned","unassigned","unassigned"
"ASV_2343","Eukaryota","TSAR","Stramenopiles","unassigned","unassigned","unassigned","unassigned","unassigned","unassigned"
"ASV_2344","Eukaryota","TSAR","Stramenopiles","Gyrista","Mediophyceae","Thalassiosirales","Thalassiosiraceae","Thalassiosira","Thalassiosira_anguste-lineata"
"ASV_2346","Eukaryota","TSAR","Alveolata","Ciliophora","Spirotrichea","Choreotrichida","Strobilidiidae","Strobilidiidae_X","Strobilidiidae_X_sp."
"ASV_2347","Eukaryota","Archaeplastida","Picozoa","Picozoa_subdivision_1","Picomonadea","Picomonadida","Picomonadidae","Picomonas","Picomonas_sp."
"ASV_2349","Eukaryota","TSAR","Stramenopiles","Bigyra","Opalozoa","Opalozoa_X","MAST-12","MAST-12A","MAST-12A_sp."
"ASV_2350","Eukaryota","TSAR","Alveolata","Dinoflagellata","Dinophyceae","Suessiales","Suessiaceae","Pelagodinium","Pelagodinium_sp."
"ASV_2351","Eukaryota","TSAR","Alveolata","Dinoflagellata","Dinophyceae","Dinophyceae_X","Dinophyceae_XX","Dinophyceae_XXX","Dinophyceae_XXX_sp."
"ASV_2353","Eukaryota","Archaeplastida","Chlorophyta","Chlorophyta_X","Mamiellophyceae","Mamiellales","Bathycoccaceae","Ostreococcus","Ostreococcus_clade_B"
"ASV_2354","Eukaryota","TSAR","Alveolata","Ciliophora","Spirotrichea","Oligotrichida","Oligotrichida_X","Oligotrichida_XX","Oligotrichida_XX_sp."
"ASV_2361","Eukaryota","TSAR","Rhizaria","Cercozoa","Filosa-Imbricatea","Filosa-Imbricatea_X","Novel-clade-2","Novel-clade-2_X","Novel-clade-2_X_sp."
"ASV_2362","Eukaryota","TSAR","Stramenopiles","unassigned","unassigned","unassigned","unassigned","unassigned","unassigned"
"ASV_2363","Eukaryota","TSAR","Alveolata","Dinoflagellata","Dinophyceae","Dinophyceae_X","Dinophyceae_XX","Dinophyceae_XXX","Dinophyceae_XXX_sp."
"ASV_2364","Eukaryota","TSAR","Alveolata","Dinoflagellata","unassigned","unassigned","unassigned","unassigned","unassigned"
"ASV_2372","Eukaryota","TSAR","Alveolata","Dinoflagellata","Syndiniales","Dino-Group-III","Dino-Group-III_X","Dino-Group-III_XX","Dino-Group-III_XX_sp."
"ASV_2374","Eukaryota","TSAR","Alveolata","Dinoflagellata","Syndiniales","Dino-Group-II","Dino-Group-II-Clade-7","Dino-Group-II-Clade-7_X","Dino-Group-II-Clade-7_X_sp."
"ASV_2375","Eukaryota","TSAR","Alveolata","Ciliophora","Ciliophora_X","Ciliophora_XX","Ciliophora_XXX","Cyclotrichium","Cyclotrichium_cyclokaryon"
"ASV_2380","Eukaryota","TSAR","Rhizaria","Radiolaria","Acantharea","Acantharea_C","Acantharea_C3","Litholophus","Litholophus_sp."
"ASV_2381","Eukaryota","Archaeplastida","Chlorophyta","Chlorophyta_X","Chlorophyceae","Chlamydomonadales","Chlamydomonadales_X","Chlamydomonas","unassigned"
"ASV_2383","Eukaryota","TSAR","Stramenopiles","unassigned","unassigned","unassigned","unassigned","unassigned","unassigned"
"ASV_2387","Eukaryota","TSAR","Alveolata","Dinoflagellata","Syndiniales","Dino-Group-I","Dino-Group-I-Clade-4","Dino-Group-I-Clade-4_X","Dino-Group-I-Clade-4_X_sp."
"ASV_2388","Eukaryota","TSAR","Rhizaria","Cercozoa","Filosa-Thecofilosea","Cryomonadida","Rhogostoma-lineage","Rhogostoma","Rhogostoma_minus"
"ASV_2389","Eukaryota","TSAR","Alveolata","Dinoflagellata","Dinophyceae","Gymnodiniales","Gymnodiniaceae","Gyrodinium","unassigned"
"ASV_2390","Eukaryota","TSAR","Alveolata","Dinoflagellata","Dinophyceae","Peridiniales","unassigned","unassigned","unassigned"
"ASV_2392","Eukaryota","TSAR","Stramenopiles","Gyrista","unassigned","unassigned","unassigned","unassigned","unassigned"
"ASV_2393","Eukaryota","TSAR","Stramenopiles","Bigyra","Opalozoa","Nanomonadea","MAST-3","MAST-3_X","MAST-3_X_sp."
"ASV_2394","Eukaryota","TSAR","Alveolata","Ciliophora","Oligohymenophorea","OLIGO5","OLIGO5_X","OLIGO5_XX","OLIGO5_XX_sp."
"ASV_2395","Eukaryota","TSAR","Rhizaria","Cercozoa","Filosa-Thecofilosea","Cryomonadida","Cryothecomonas-lineage","Cryothecomonas","Cryothecomonas_aestivalis"
"ASV_2396","Eukaryota","Archaeplastida","Picozoa","Picozoa_subdivision_3","Picozoa_subdivision_3_X","Picozoa_subdivision_3_XX","Picozoa_subdivision_3_XXX","Picozoa_subdivision_3_XXXX","Picozoa_subdivision_3_XXXX_sp."
"ASV_2399","Eukaryota","TSAR","Stramenopiles","Bigyra","Sagenista","Labyrinthulomycetes","Thraustochytriaceae","Thraustochytriaceae_LAB17","Thraustochytriaceae_LAB17_sp."
"ASV_2401","Eukaryota","TSAR","Stramenopiles","Gyrista","Chrysophyceae","unassigned","unassigned","unassigned","unassigned"
"ASV_2402","Eukaryota","TSAR","Stramenopiles","Gyrista","Gyrista_X","Gyrista_XX","MAST-2","MAST-2C","MAST-2C_sp."
"ASV_2403","Eukaryota","TSAR","Alveolata","Apicomplexa","Apicomplexa_X","Apicomplexa_XX","Apicomplexa_XXX","Apicomplexa_XXXX","Apicomplexa_XXXX_sp."
"ASV_2407","Eukaryota","TSAR","Alveolata","Dinoflagellata","Dinophyceae","unassigned","unassigned","unassigned","unassigned"
"ASV_2408","Eukaryota","TSAR","Stramenopiles","Gyrista","Dictyochophyceae","Dictyochophyceae_X","Pedinellales","Pedinellales_X","Pedinellales_X_sp."
"ASV_2409","Eukaryota","Haptista","Haptophyta","Haptophyta_X","Prymnesiophyceae","Prymnesiales","Chrysochromulinaceae","Chrysochromulina","Chrysochromulina_scutellum"
"ASV_2412","Eukaryota","TSAR","Alveolata","Dinoflagellata","Syndiniales","Dino-Group-II","Dino-Group-II-Clade-1","Dino-Group-II-Clade-1_X","Dino-Group-II-Clade-1_X_sp."
"ASV_2414","Eukaryota","TSAR","Stramenopiles","Gyrista","Mediophyceae","Lithodesmiales","Lithodesmiaceae","Helicotheca","Helicotheca_sp."
"ASV_2416","Eukaryota","TSAR","Alveolata","Dinoflagellata","Syndiniales","Dino-Group-II","Dino-Group-II-Clade-23","Dino-Group-II-Clade-23_X","Dino-Group-II-Clade-23_X_sp."
"ASV_2418","Eukaryota","TSAR","Alveolata","Dinoflagellata","Syndiniales","Dino-Group-II","unassigned","unassigned","unassigned"
"ASV_2419","Eukaryota","TSAR","Alveolata","Dinoflagellata","Dinophyceae","unassigned","unassigned","unassigned","unassigned"
"ASV_2420","Eukaryota","TSAR","Alveolata","Dinoflagellata","Syndiniales","Dino-Group-II","unassigned","unassigned","unassigned"
"ASV_2421","Eukaryota","TSAR","Stramenopiles","Gyrista","MOCH-2","MOCH-2_X","MOCH-2_XX","MOCH-2_XXX","MOCH-2_XXX_sp."
"ASV_2422","Eukaryota","TSAR","Alveolata","Dinoflagellata","Syndiniales","Dino-Group-II","Dino-Group-II-Clade-10-and-11","Dino-Group-II-Clade-10-and-11_X","Dino-Group-II-Clade-10-and-11_X_sp."
"ASV_2425","Eukaryota","TSAR","Rhizaria","Cercozoa","Filosa-Imbricatea","Filosa-Imbricatea_X","Novel-clade-2","Novel-clade-2_X","Novel-clade-2_X_sp."
"ASV_2426","Eukaryota","TSAR","Stramenopiles","Gyrista","Mediophyceae","Chaetocerotales","Chaetocerotaceae","Chaetoceros","Chaetoceros_eibenii"
"ASV_2427","Eukaryota","TSAR","Stramenopiles","Bigyra","Opalozoa","Nanomonadea","MAST-3","MAST-3J","MAST-3J_sp."
"ASV_2428","Eukaryota","TSAR","Alveolata","Dinoflagellata","Syndiniales","Dino-Group-II","Dino-Group-II-Clade-1","Dino-Group-II-Clade-1_X","Dino-Group-II-Clade-1_X_sp."
"ASV_2429","Eukaryota","TSAR","Stramenopiles","Gyrista","MOCH-3","MOCH-3_X","MOCH-3_XX","MOCH-3_XXX","MOCH-3_XXX_sp."
"ASV_2430","Eukaryota","TSAR","Stramenopiles","Gyrista","Bacillariophyceae","unassigned","unassigned","unassigned","unassigned"
"ASV_2431","Eukaryota","TSAR","Rhizaria","Cercozoa","Filosa-Imbricatea","Thaumatomonadida","Thaumatomonadida_X","Thaumatomonadida_XX","Thaumatomonadida_XX_sp."
"ASV_2433","Eukaryota","TSAR","Alveolata","Dinoflagellata","unassigned","unassigned","unassigned","unassigned","unassigned"
"ASV_2435","Eukaryota","TSAR","Alveolata","Dinoflagellata","Dinophyceae","Dinophyceae_X","Dinophyceae_XX","Dinophyceae_XXX","Dinophyceae_XXX_sp."
"ASV_2437","Eukaryota","TSAR","Alveolata","Dinoflagellata","Syndiniales","Dino-Group-II","Dino-Group-II-Clade-1","Dino-Group-II-Clade-1_X","Dino-Group-II-Clade-1_X_sp."
"ASV_2438","Eukaryota","TSAR","Alveolata","Dinoflagellata","Dinophyceae","unassigned","unassigned","unassigned","unassigned"
"ASV_2439","Eukaryota","TSAR","Alveolata","Dinoflagellata","Dinophyceae","unassigned","unassigned","unassigned","unassigned"
"ASV_2442","Eukaryota","Archaeplastida","Picozoa","Picozoa_subdivision_1","Picomonadea","Picomonadida","Picomonadidae","Picomonas","Picomonas_sp."
"ASV_2443","Eukaryota","TSAR","Stramenopiles","Gyrista","Gyrista_X","Gyrista_XX","MAST-1","MAST-1A","MAST-1A_sp."
"ASV_2444","Eukaryota","Haptista","Haptophyta","Haptophyta_X","Prymnesiophyceae","unassigned","unassigned","unassigned","unassigned"
"ASV_2448","Eukaryota","TSAR","Alveolata","Dinoflagellata","Dinophyceae","Peridiniales","Podolampadaceae","Blepharocysta","Blepharocysta_hermosillae"
"ASV_2449","Eukaryota","TSAR","Alveolata","Ciliophora","Spirotrichea","Choreotrichida-Tintinnina","Xystonellidae","unassigned","unassigned"
"ASV_2453","Eukaryota","TSAR","Alveolata","Ciliophora","Oligohymenophorea","unassigned","unassigned","unassigned","unassigned"
"ASV_2454","Eukaryota","TSAR","Stramenopiles","Bigyra","Opalozoa","Nanomonadea","MAST-3","MAST-3I","MAST-3I_sp."
"ASV_2455","Eukaryota","Obazoa","Opisthokonta","Choanoflagellata","Choanoflagellatea","Acanthoecida","Acanthoecida_X","Acanthoecida_XX","Acanthoecida_XX_sp."
"ASV_2457","Eukaryota","TSAR","Alveolata","Dinoflagellata","Dinophyceae","Gymnodiniales","Gymnodiniaceae","Gyrodinium","unassigned"
"ASV_2458","Eukaryota","TSAR","Stramenopiles","Bigyra","unassigned","unassigned","unassigned","unassigned","unassigned"
"ASV_2459","Eukaryota","TSAR","Rhizaria","Radiolaria","Acantharea","Acantharea_4","Acantharea_4d","Acantharea_4d_X","Acantharea_4d_X_sp."
"ASV_2460","Eukaryota","Haptista","Centroplasthelida","Centroplasthelida_X","Pterocystida","Pterocystida_X","Pterocystida_XX","Pterocystida_XXX","Pterocystida_XXX_sp."
"ASV_2461","Eukaryota","Haptista","Haptophyta","Haptophyta_X","Prymnesiophyceae","unassigned","unassigned","unassigned","unassigned"
"ASV_2462","Eukaryota","TSAR","Alveolata","Dinoflagellata","Syndiniales","unassigned","unassigned","unassigned","unassigned"
"ASV_2463","Eukaryota","TSAR","Rhizaria","Cercozoa","Filosa-Thecofilosea","Ventricleftida","CCW10-lineage","CCW10-lineage_X","CCW10-lineage_X_sp."
"ASV_2466","Eukaryota","TSAR","Rhizaria","Cercozoa","Filosa-Thecofilosea","Ebriacea","TAGIRI1-lineage","TAGIRI1-lineage_X","TAGIRI1-lineage_X_sp."
"ASV_2467","Eukaryota","Haptista","Haptophyta","Haptophyta_X","Prymnesiophyceae","Prymnesiales","Chrysochromulinaceae","Chrysochromulina","Chrysochromulina_sp."
"ASV_2468","Eukaryota","TSAR","Stramenopiles","Gyrista","Dictyochophyceae","Dictyochophyceae_X","Dictyochales","Dictyocha","Dictyocha_speculum"
"ASV_2469","Eukaryota","TSAR","Stramenopiles","Gyrista","Gyrista_X","Gyrista_XX","MAST-1","MAST-1A","MAST-1A_sp."
"ASV_2470","Eukaryota","TSAR","Alveolata","Ciliophora","Colpodea","Colpodea_X","Cyrtolophosidida","Aristerostoma","Aristerostoma_sp."
"ASV_2473","Eukaryota","TSAR","Alveolata","Dinoflagellata","Syndiniales","Dino-Group-I","Dino-Group-I-Clade-1","Dino-Group-I-Clade-1_X","Dino-Group-I-Clade-1_X_sp."
"ASV_2474","Eukaryota","TSAR","Stramenopiles","Gyrista","Mediophyceae","Chaetocerotales","Chaetocerotaceae","Chaetoceros","unassigned"
"ASV_2475","Eukaryota","TSAR","Stramenopiles","Gyrista","Mediophyceae","Thalassiosirales","Thalassiosiraceae","Thalassiosira","unassigned"
"ASV_2476","Eukaryota","TSAR","Alveolata","Dinoflagellata","Dinophyceae","Gonyaulacales","Pyrocystaceae","Alexandrium","Alexandrium_hiranoi"
"ASV_2477","Eukaryota","TSAR","Rhizaria","Cercozoa","Filosa-Thecofilosea","Filosa-Thecofilosea_X","Mataza-lineage","Mataza-lineage_X","Mataza-lineage_X_sp."
"ASV_2478","Eukaryota","TSAR","Rhizaria","Cercozoa","Filosa-Imbricatea","Marimonadida","Marimonadida_X","Marimonadida_XX","Marimonadida_XX_sp."
"ASV_2479","Eukaryota","TSAR","Alveolata","Dinoflagellata","Syndiniales","Dino-Group-II","Dino-Group-II-Clade-10-and-11","Dino-Group-II-Clade-10-and-11_X","Dino-Group-II-Clade-10-and-11_X_sp."
"ASV_2480","Eukaryota","TSAR","Alveolata","Ciliophora","Spirotrichea","Oligotrichida","Oligotrichida_X","Oligotrichida_XX","Oligotrichida_XX_sp."
"ASV_2481","Eukaryota","TSAR","Alveolata","Dinoflagellata","Dinophyceae","Gymnodiniales","unassigned","unassigned","unassigned"
"ASV_2482","Eukaryota","TSAR","Stramenopiles","Gyrista","Mediophyceae","Chaetocerotales","Leptocylindraceae","Leptocylindrus","Leptocylindrus_convexus"
"ASV_2484","Eukaryota","Haptista","Haptophyta","Haptophyta_X","Prymnesiophyceae","Prymnesiales","Chrysochromulinaceae","Chrysochromulina","unassigned"
"ASV_2485","Eukaryota","TSAR","Alveolata","Dinoflagellata","Dinophyceae","Prorocentrales","Prorocentraceae","Prorocentrum","Prorocentrum_sp."
"ASV_2486","Eukaryota","TSAR","Alveolata","Dinoflagellata","Syndiniales","Dino-Group-I","Dino-Group-I-Clade-5","Dino-Group-I-Clade-5_X","Dino-Group-I-Clade-5_X_sp."
"ASV_2488","Eukaryota","TSAR","Alveolata","Dinoflagellata","Syndiniales","Dino-Group-I","Dino-Group-I-Clade-3","Dino-Group-I-Clade-3_X","Dino-Group-I-Clade-3_X_sp."
"ASV_2489","Eukaryota","Archaeplastida","Chlorophyta","Chlorophyta_X","Mamiellophyceae","Mamiellales","Mamiellaceae","Mantoniella","Mantoniella_clade_A"
"ASV_2490","Eukaryota","TSAR","Stramenopiles","Gyrista","Dictyochophyceae","Dictyochophyceae_X","Pedinellales","Pedinellales_X","Pedinellales_X_sp."
"ASV_2491","Eukaryota","TSAR","Alveolata","Dinoflagellata","Dinophyceae","Peridiniales","Protoperidiniaceae","Protoperidinium","Protoperidinium_pellucidum"
"ASV_2492","Eukaryota","TSAR","Stramenopiles","unassigned","unassigned","unassigned","unassigned","unassigned","unassigned"
"ASV_2493","Eukaryota","TSAR","Alveolata","Apicomplexa","Gregarinomorphea","Eugregarinorida","Cephaloidophoridae","Cephaloidophoridae_X","Cephaloidophoridae_X_sp."
"ASV_2494","Eukaryota","TSAR","Alveolata","Dinoflagellata","Syndiniales","Dino-Group-II","Dino-Group-II_X","Dino-Group-II-Clade-52_XX","Dino-Group-II-Clade-52_XX_sp."
"ASV_2495","Eukaryota","TSAR","Alveolata","Dinoflagellata","Dinophyceae","unassigned","unassigned","unassigned","unassigned"
"ASV_2496","Eukaryota","Haptista","Haptophyta","Haptophyta_X","Prymnesiophyceae","Prymnesiales","Chrysochromulinaceae","Chrysochromulina","Chrysochromulina_sp."
"ASV_2497","Eukaryota","TSAR","Alveolata","Dinoflagellata","Dinophyceae","Dinophyceae_X","Dinophyceae_XX","Dinophyceae_XXX","Dinophyceae_XXX_sp."
"ASV_2498","Eukaryota","TSAR","Stramenopiles","Gyrista","Mediophyceae","Hemiaulales","Hemiaulaceae","Eucampia","Eucampia_cornuta"
"ASV_2499","Eukaryota","TSAR","Stramenopiles","Gyrista","Coscinodiscophyceae","Coscinodiscales","Hemidiscaceae","Actinocyclus","Actinocyclus_sp."
"ASV_2500","Eukaryota","TSAR","Alveolata","Ciliophora","Spirotrichea","Choreotrichida-Tintinnina","Tintinnidae","Steenstrupiella","Steenstrupiella_steenstrupii"
"ASV_2501","Eukaryota","TSAR","Rhizaria","Cercozoa","Filosa-Thecofilosea","Filosa-Thecofilosea_X","Mataza-lineage","Mataza","Mataza_hastifera"
"ASV_2502","Eukaryota","TSAR","Stramenopiles","Bigyra","Opalozoa","Nanomonadea","MAST-3","MAST-3E","MAST-3E_sp."
"ASV_2503","Eukaryota","TSAR","Alveolata","Dinoflagellata","Dinophyceae","Gonyaulacales","Lingulodiniaceae","Sourniaea","Sourniaea_diacantha"
"ASV_2505","Eukaryota","TSAR","Alveolata","Dinoflagellata","unassigned","unassigned","unassigned","unassigned","unassigned"
"ASV_2506","Eukaryota","TSAR","Stramenopiles","Gyrista","unassigned","unassigned","unassigned","unassigned","unassigned"
"ASV_2507","Eukaryota","Archaeplastida","Picozoa","Picozoa_subdivision_1","Picozoa_subdivision_1A","Picozoa_subdivision_1A_X","Picozoa_subdivision_1A_XX","Picozoa_subdivision_1A_XXX","Picozoa_subdivision_1A_XXX_sp."
"ASV_2508","Eukaryota","TSAR","Alveolata","unassigned","unassigned","unassigned","unassigned","unassigned","unassigned"
"ASV_2511","Eukaryota","TSAR","Telonemia","Telonemia_X","Telonemia_XX","Telonemia_XXX","Telonemia-Group-2","Telonemia-Group-2_X","Telonemia-Group-2_X_sp."
"ASV_2513","Eukaryota","TSAR","Alveolata","Dinoflagellata","Syndiniales","Dino-Group-II","unassigned","unassigned","unassigned"
"ASV_2515","Eukaryota","TSAR","Alveolata","Ciliophora","Spirotrichea","Choreotrichida","Choreotrichida_X","Choreotrichida_XX","Choreotrichida_XX_sp."
"ASV_2516","Eukaryota","TSAR","Alveolata","unassigned","unassigned","unassigned","unassigned","unassigned","unassigned"
"ASV_2517","Eukaryota","TSAR","Alveolata","Dinoflagellata","Dinophyceae","unassigned","unassigned","unassigned","unassigned"
"ASV_2521","Eukaryota","TSAR","Alveolata","Dinoflagellata","Syndiniales","Dino-Group-II","Dino-Group-II-Clade-12","Dino-Group-II-Clade-12_X","Dino-Group-II-Clade-12_X_sp."
"ASV_2522","Eukaryota","TSAR","Stramenopiles","unassigned","unassigned","unassigned","unassigned","unassigned","unassigned"
"ASV_2524","Eukaryota","TSAR","Alveolata","Dinoflagellata","Dinophyceae","unassigned","unassigned","unassigned","unassigned"
"ASV_2525","Eukaryota","TSAR","Alveolata","Ciliophora","Prostomatea","Prorodontida","Urotrichidae","Urotricha","Urotricha_sp."
"ASV_2526","Eukaryota","TSAR","Alveolata","Dinoflagellata","Dinophyceae","Peridiniales","unassigned","unassigned","unassigned"
"ASV_2529","Eukaryota","TSAR","Stramenopiles","Gyrista","Peronosporomycetes","Peronosporomycetes_X","Olpidophydiales","Olpidiopsis","Olpidiopsis_porphyrae"
"ASV_2530","Eukaryota","TSAR","Alveolata","Dinoflagellata","Syndiniales","Dino-Group-II","Dino-Group-II-Clade-5","Dino-Group-II-Clade-5_X","Dino-Group-II-Clade-5_X_sp."
"ASV_2531","Eukaryota","TSAR","Alveolata","Dinoflagellata","unassigned","unassigned","unassigned","unassigned","unassigned"
"ASV_2532","Eukaryota","Archaeplastida","unassigned","unassigned","unassigned","unassigned","unassigned","unassigned","unassigned"
"ASV_2533","Eukaryota","TSAR","Alveolata","Dinoflagellata","Syndiniales","Dino-Group-II","Dino-Group-II-Clade-5","Dino-Group-II-Clade-5_X","Dino-Group-II-Clade-5_X_sp."
"ASV_2536","Eukaryota","Haptista","Haptophyta","Haptophyta_X","Prymnesiophyceae","Prymnesiales","Prymnesiaceae","unassigned","unassigned"
"ASV_2538","Eukaryota","Obazoa","Opisthokonta","Choanoflagellata","Choanoflagellatea","Acanthoecida","unassigned","unassigned","unassigned"
"ASV_2539","Eukaryota","Obazoa","Opisthokonta","Choanoflagellata","Choanoflagellatea","Acanthoecida","Stephanoecidae_Group_D","Stephanoecidae_Group_D_X","Stephanoecidae_Group_D_X_sp."
"ASV_2540","Eukaryota","TSAR","Rhizaria","Cercozoa","Endomyxa-Ascetosporea","Paradinida","Paradinidae","Paradinium","Paradinium_poucheti"
"ASV_2541","Eukaryota","TSAR","Stramenopiles","Gyrista","Bacillariophyceae","unassigned","unassigned","unassigned","unassigned"
"ASV_2542","Eukaryota","TSAR","Alveolata","Dinoflagellata","Dinophyceae","unassigned","unassigned","unassigned","unassigned"
"ASV_2544","Eukaryota","TSAR","Alveolata","Dinoflagellata","Dinophyceae","Suessiales","Suessiaceae","Yihiella","Yihiella_yeosuensis"
"ASV_2546","Eukaryota","TSAR","Rhizaria","Cercozoa","Filosa-Thecofilosea","Filosa-Thecofilosea_X","Filosa-Thecofilosea_XX","Filosa-Thecofilosea_XXX","Filosa-Thecofilosea_XXX_sp."
"ASV_2547","Eukaryota","TSAR","unassigned","unassigned","unassigned","unassigned","unassigned","unassigned","unassigned"
"ASV_2553","Eukaryota","TSAR","Alveolata","Dinoflagellata","Dinophyceae","Gymnodiniales","Gymnodiniaceae","Gyrodinium","Gyrodinium_rubrum"
"ASV_2554","Eukaryota","TSAR","Alveolata","Ciliophora","Spirotrichea","Oligotrichida","Strombidiidae","unassigned","unassigned"
"ASV_2555","Eukaryota","TSAR","unassigned","unassigned","unassigned","unassigned","unassigned","unassigned","unassigned"
"ASV_2557","Eukaryota","TSAR","Alveolata","Dinoflagellata","Dinophyceae","Gymnodiniales","Gymnodiniaceae","Gyrodinium","Gyrodinium_sp."
"ASV_2558","Eukaryota","TSAR","Stramenopiles","Gyrista","Phaeophyceae","Phaeophyceae_X","Phaeophyceae_XX","Cystoseira","Cystoseira_hakodatensis"
"ASV_2559","Eukaryota","TSAR","Alveolata","Dinoflagellata","Dinophyceae","unassigned","unassigned","unassigned","unassigned"
"ASV_2560","Eukaryota","Archaeplastida","Chlorophyta","Chlorophyta_X","unassigned","unassigned","unassigned","unassigned","unassigned"
"ASV_2561","Eukaryota","Cryptista","Kathablepharidacea","Kathablepharida","Kathablepharidea","Kathablepharidida","Kathablepharidida_X","Kathablepharidida_XX","Kathablepharidida_XX_sp."
"ASV_2564","Eukaryota","TSAR","Stramenopiles","unassigned","unassigned","unassigned","unassigned","unassigned","unassigned"
"ASV_2565","Eukaryota","TSAR","Stramenopiles","Gyrista","Chrysophyceae","Paraphysomonadales","Paraphysomonadaceae","Paraphysomonas","Paraphysomonas_foraminifera"
"ASV_2566","Eukaryota","TSAR","Rhizaria","Cercozoa","Chlorarachniophyceae","Chlorarachnida","Chlorarachnida_X","Chlorarachnion","Chlorarachnion_sp."
"ASV_2568","Eukaryota","TSAR","Stramenopiles","Gyrista","Chrysophyceae","Chrysophyceae_Clade-EC2H","Chrysophyceae_Clade-EC2H_X","Chrysophyceae_Clade-EC2H_XX","Chrysophyceae_Clade-EC2H_XX_sp."
"ASV_2569","Eukaryota","TSAR","Rhizaria","Cercozoa","Filosa-Granofilosea","Limnofilida","Limnofilidae","Limnofila","Limnofila_anglica"
"ASV_2572","Eukaryota","TSAR","Alveolata","Dinoflagellata","Dinophyceae","unassigned","unassigned","unassigned","unassigned"
"ASV_2573","Eukaryota","TSAR","Rhizaria","Cercozoa","Filosa-Thecofilosea","Filosa-Thecofilosea_X","Mataza-lineage","Mataza-lineage_X","Mataza-lineage_X_sp."
"ASV_2574","Eukaryota","TSAR","Alveolata","Ciliophora","Spirotrichea","Oligotrichida","Strombidiidae","unassigned","unassigned"
"ASV_2576","Eukaryota","TSAR","Alveolata","Ciliophora","Spirotrichea","Oligotrichida","unassigned","unassigned","unassigned"
"ASV_2578","Eukaryota","Archaeplastida","Chlorophyta","Chlorophyta_X","Mamiellophyceae","Mamiellales","Mamiellaceae","Micromonas","Micromonas_clade_B4"
"ASV_2580","Eukaryota","Archaeplastida","Picozoa","Picozoa_subdivision_2","Picozoa_subdivision_2_X","Picozoa_subdivision_2_XX","Picozoa_subdivision_2_XXX","Picozoa_subdivision_2_XXXX","Picozoa_subdivision_2_XXXX_sp."
"ASV_2582","Eukaryota","TSAR","Alveolata","Dinoflagellata","Dinophyceae","Gymnodiniales","unassigned","unassigned","unassigned"
"ASV_2583","Eukaryota","TSAR","Rhizaria","Cercozoa","Filosa-Thecofilosea","Ventricleftida","CCW10-lineage","CCW10-lineage_X","CCW10-lineage_X_sp."
"ASV_2584","Eukaryota","TSAR","Stramenopiles","Gyrista","Bacillariophyceae","Naviculales","Pleurosigmataceae","Pleurosigma","Pleurosigma_sp."
"ASV_2588","Eukaryota","TSAR","Alveolata","unassigned","unassigned","unassigned","unassigned","unassigned","unassigned"
"ASV_2590","Eukaryota","TSAR","Rhizaria","Cercozoa","Cercozoa_X","Cercozoa_XX","Cercozoa_XXX","Cercozoa_XXXX","Cercozoa_XXXX_sp."
"ASV_2592","Eukaryota","TSAR","Stramenopiles","Bigyra","Sagenista","Sagenista_X","MAST-7","unassigned","unassigned"
"ASV_2594","Eukaryota","TSAR","Alveolata","Dinoflagellata","Syndiniales","Dino-Group-II","Dino-Group-II-Clade-39","Dino-Group-II-Clade-39_X","Dino-Group-II-Clade-39_X_sp."
"ASV_2597","Eukaryota","TSAR","Rhizaria","Cercozoa","Filosa-Imbricatea","Filosa-Imbricatea_X","Novel-clade-2","Novel-clade-2_X","Novel-clade-2_X_sp."
"ASV_2600","Eukaryota","TSAR","Telonemia","Telonemia_X","Telonemia_XX","Telonemia_XXX","Telonemia-Group-1","Telonema-Group-1","Telonema_sp."
"ASV_2601","Eukaryota","TSAR","Alveolata","Ciliophora","Phyllopharyngea","unassigned","unassigned","unassigned","unassigned"
"ASV_2604","Eukaryota","TSAR","Alveolata","Dinoflagellata","unassigned","unassigned","unassigned","unassigned","unassigned"
"ASV_2605","Eukaryota","TSAR","Stramenopiles","unassigned","unassigned","unassigned","unassigned","unassigned","unassigned"
"ASV_2606","Eukaryota","TSAR","Alveolata","Dinoflagellata","Syndiniales","Dino-Group-II","Dino-Group-II_X","Dino-Group-II_XX","Dino-Group-II_XX_sp."
"ASV_2608","Eukaryota","TSAR","Stramenopiles","Gyrista","Mediophyceae","Thalassiosirales","Thalassiosiraceae","Thalassiosira","unassigned"
"ASV_2610","Eukaryota","TSAR","Alveolata","Ciliophora","Spirotrichea","Choreotrichida","Strombidinopsidae","unassigned","unassigned"
"ASV_2611","Eukaryota","Haptista","Haptophyta","Haptophyta_X","Haptophyta_Clade_HAP3","Haptophyta_Clade_HAP3_X","Haptophyta_Clade_HAP3_XX","Haptophyta_Clade_HAP3_XXX","Haptophyta_Clade_HAP3_XXX_sp."
"ASV_2613","Eukaryota","TSAR","Alveolata","Ciliophora","Spirotrichea","Oligotrichida","Tontoniidae","Pseudotontonia","Pseudotontonia_sp."
"ASV_2614","Eukaryota","TSAR","Rhizaria","Cercozoa","Filosa-Thecofilosea","Cryomonadida","unassigned","unassigned","unassigned"
"ASV_2615","Eukaryota","Haptista","Haptophyta","Haptophyta_X","Prymnesiophyceae","Prymnesiales","Chrysochromulinaceae","Chrysochromulina","unassigned"
"ASV_2617","Eukaryota","TSAR","Stramenopiles","Bigyra","unassigned","unassigned","unassigned","unassigned","unassigned"
"ASV_2618","Eukaryota","TSAR","Alveolata","Ciliophora","CONThreeP","CONThreeP_X","CONThreeP_XX","Askenasia","Askenasia_sp."
"ASV_2619","Eukaryota","TSAR","Alveolata","Dinoflagellata","Dinophyceae","unassigned","unassigned","unassigned","unassigned"
"ASV_2620","Eukaryota","TSAR","Alveolata","Dinoflagellata","Dinophyceae","Gymnodiniales","Gymnodiniaceae","Gyrodinium","Gyrodinium_spirale"
"ASV_2621","Eukaryota","Obazoa","Opisthokonta","Choanoflagellata","Choanoflagellatea","Acanthoecida","Stephanoecidae_Group_H","Stephanoecidae_Group_H_X","Stephanoecidae_Group_H_X_sp."
"ASV_2625","Eukaryota","TSAR","Stramenopiles","Gyrista","Gyrista_X","Gyrista_XX","MAST-1","MAST-1A","MAST-1A_sp."
"ASV_2626","Eukaryota","TSAR","Alveolata","Dinoflagellata","Syndiniales","Dino-Group-I","Dino-Group-I-Clade-5","Dino-Group-I-Clade-5_X","Dino-Group-I-Clade-5_X_sp."
"ASV_2627","Eukaryota","TSAR","Alveolata","Ciliophora","Spirotrichea","Choreotrichida","Choreotrichida_X","Choreotrichida_XX","Choreotrichida_XX_sp."
"ASV_2628","Eukaryota","TSAR","Alveolata","Dinoflagellata","Dinophyceae","Gymnodiniales","unassigned","unassigned","unassigned"
"ASV_2630","Eukaryota","TSAR","Alveolata","Dinoflagellata","Syndiniales","Dino-Group-I","Dino-Group-I-Clade-5","Dino-Group-I-Clade-5_X","Dino-Group-I-Clade-5_X_sp."
"ASV_2632","Eukaryota","TSAR","Alveolata","Dinoflagellata","Syndiniales","Dino-Group-II","Dino-Group-II-Clade-30","Dino-Group-II-Clade-30_X","Dino-Group-II-Clade-30_X_sp."
"ASV_2635","Eukaryota","TSAR","Alveolata","Dinoflagellata","Dinophyceae","unassigned","unassigned","unassigned","unassigned"
"ASV_2639","Eukaryota","Haptista","Haptophyta","Haptophyta_X","Prymnesiophyceae","Prymnesiales","Chrysochromulinaceae","Chrysochromulina","Chrysochromulina_tobin"
"ASV_2640","Eukaryota","TSAR","Stramenopiles","Gyrista","MOCH-2","MOCH-2_X","MOCH-2_XX","MOCH-2_XXX","MOCH-2_XXX_sp."
"ASV_2641","Eukaryota","TSAR","Alveolata","Dinoflagellata","Dinophyceae","Gymnodiniales","Ceratoperidiniaceae","Ceratoperidinium","Ceratoperidinium_falcatum"
"ASV_2642","Eukaryota","TSAR","Alveolata","Dinoflagellata","Dinophyceae","Gymnodiniales","Gymnodiniaceae","Gyrodinium","Gyrodinium_fusiforme"
"ASV_2647","Eukaryota","TSAR","Alveolata","Dinoflagellata","Syndiniales","Dino-Group-I","Dino-Group-I-Clade-8","Dino-Group-I-Clade-8_X","Dino-Group-I-Clade-8_X_sp."
"ASV_2648","Eukaryota","TSAR","Stramenopiles","Gyrista","Chrysophyceae","Paraphysomonadales","Paraphysomonadaceae","Paraphysomonas","Paraphysomonas_foraminifera"
"ASV_2650","Eukaryota","TSAR","Alveolata","Dinoflagellata","Syndiniales","Dino-Group-I","Dino-Group-I-Clade-1","Dino-Group-I-Clade-1_X","Dino-Group-I-Clade-1_X_sp."
"ASV_2652","Eukaryota","TSAR","Alveolata","Dinoflagellata","Syndiniales","Dino-Group-II","Dino-Group-II-Clade-5","Dino-Group-II-Clade-5_X","Dino-Group-II-Clade-5_X_sp."
"ASV_2654","Eukaryota","TSAR","unassigned","unassigned","unassigned","unassigned","unassigned","unassigned","unassigned"
"ASV_2657","Eukaryota","TSAR","Alveolata","Ciliophora","Litostomatea","Litostomatea_X","Litostomatea_XX","unassigned","unassigned"
"ASV_2660","Eukaryota","TSAR","Stramenopiles","Bigyra","Opalozoa","Nanomonadea","MAST-3","MAST-3J","MAST-3J_sp."
"ASV_2664","Eukaryota","Obazoa","Opisthokonta","Ichthyosporea","Ichthyophonida","Pseudoperkinsidae","Pseudoperkinsidae_X","Creolimax","Creolimax_fragrantissima"
"ASV_2665","Eukaryota","TSAR","Alveolata","unassigned","unassigned","unassigned","unassigned","unassigned","unassigned"
"ASV_2666","Eukaryota","Haptista","Haptophyta","Haptophyta_X","Prymnesiophyceae","Prymnesiales","Chrysochromulinaceae","Chrysochromulina","Chrysochromulina_sp."
"ASV_2667","Eukaryota","TSAR","Alveolata","Dinoflagellata","unassigned","unassigned","unassigned","unassigned","unassigned"
"ASV_2668","Eukaryota","TSAR","Telonemia","Telonemia_X","Telonemia_XX","Telonemia_XXX","Telonemia-Group-1","Telonema-Group-1","Telonema_subtile"
"ASV_2672","Eukaryota","TSAR","Stramenopiles","Bigyra","Opalozoa","Opalozoa_X","MAST-12","MAST-12A","MAST-12A_sp."
"ASV_2673","Eukaryota","TSAR","Stramenopiles","Gyrista","Coscinodiscophyceae","Coscinodiscales","Hemidiscaceae","Actinocyclus","Actinocyclus_sp."
"ASV_2677","Eukaryota","TSAR","Stramenopiles","Gyrista","Mediophyceae","Thalassiosirales","Thalassiosiraceae","unassigned","unassigned"
"ASV_2679","Eukaryota","TSAR","Stramenopiles","Gyrista","Mediophyceae","Thalassiosirales","Lauderiaceae","Lauderia","Lauderia_annulata"
"ASV_2680","Eukaryota","TSAR","Alveolata","Dinoflagellata","Dinophyceae","unassigned","unassigned","unassigned","unassigned"
"ASV_2681","Eukaryota","TSAR","Rhizaria","Radiolaria","Acantharea","Acantharea_F","Acantharea_F3","Acanthometra","Acanthometra_sp."
"ASV_2682","Eukaryota","TSAR","Alveolata","Dinoflagellata","Dinophyceae","Peridiniales","unassigned","unassigned","unassigned"
"ASV_2683","Eukaryota","TSAR","Alveolata","Dinoflagellata","Syndiniales","Dino-Group-II","Dino-Group-II-Clade-39","Dino-Group-II-Clade-39_X","Dino-Group-II-Clade-39_X_sp."
"ASV_2685","Eukaryota","TSAR","Stramenopiles","Gyrista","Dictyochophyceae","Dictyochophyceae_X","Dictyochales","Dictyocha","Dictyocha_speculum"
"ASV_2687","Eukaryota","TSAR","Alveolata","Dinoflagellata","Dinophyceae","Gymnodiniales","Gymnodiniaceae","Gyrodinium","Gyrodinium_sp."
"ASV_2688","Eukaryota","TSAR","Alveolata","unassigned","unassigned","unassigned","unassigned","unassigned","unassigned"
"ASV_2689","Eukaryota","TSAR","Alveolata","Ciliophora","Spirotrichea","Choreotrichida-Tintinnina","Choreotrichida-Tintinnina_X","Choreotrichida-Tintinnina_XX","Choreotrichida-Tintinnina_XX_sp."
"ASV_2692","Eukaryota","TSAR","Alveolata","Dinoflagellata","Dinophyceae","unassigned","unassigned","unassigned","unassigned"
"ASV_2696","Eukaryota","TSAR","Alveolata","Dinoflagellata","Syndiniales","Dino-Group-II","unassigned","unassigned","unassigned"
"ASV_2697","Eukaryota","TSAR","Alveolata","Ciliophora","Spirotrichea","Oligotrichida","Strombidiidae","Strombidiidae_X","Strombidiidae_X_sp."
"ASV_2698","Eukaryota","TSAR","Alveolata","Dinoflagellata","Dinophyceae","Suessiales","Suessiaceae","Pelagodinium","Pelagodinium_sp."
"ASV_2701","Eukaryota","Archaeplastida","Chlorophyta","Chlorophyta_X","Chloropicophyceae","Chloropicales","Chloropicaceae","Chloroparvula","Chloroparvula_B2_sp."
"ASV_2702","Eukaryota","Haptista","Haptophyta","Haptophyta_X","Haptophyta_Clade_HAP5","Haptophyta_Clade_HAP5_X","Haptophyta_Clade_HAP5_XX","Haptophyta_Clade_HAP5_XXX","Haptophyta_Clade_HAP5_XXX_sp."
"ASV_2703","Eukaryota","TSAR","Alveolata","Dinoflagellata","Dinophyceae","unassigned","unassigned","unassigned","unassigned"
"ASV_2706","Eukaryota","Archaeplastida","Picozoa","Picozoa_subdivision_2","Picozoa_subdivision_2_X","Picozoa_subdivision_2_XX","Picozoa_subdivision_2_XXX","Picozoa_subdivision_2_XXXX","Picozoa_subdivision_2_XXXX_sp."
"ASV_2708","Eukaryota","Archaeplastida","Chlorophyta","Chlorophyta_X","Chloropicophyceae","Chloropicales","Chloropicaceae","Chloropicon","Chloropicon_sieburthii"
"ASV_2710","Eukaryota","TSAR","Alveolata","Ciliophora","Spirotrichea","Oligotrichida","Tontoniidae","Pseudotontonia","Pseudotontonia_sp."
"ASV_2712","Eukaryota","Archaeplastida","Picozoa","Picozoa_subdivision_3","Picozoa_subdivision_3_X","Picozoa_subdivision_3_XX","Picozoa_subdivision_3_XXX","Picozoa_subdivision_3_XXXX","Picozoa_subdivision_3_XXXX_sp."
"ASV_2715","Eukaryota","TSAR","Alveolata","Dinoflagellata","Syndiniales","Dino-Group-II","Dino-Group-II-Clade-1","Dino-Group-II-Clade-1_X","Dino-Group-II-Clade-1_X_sp."
"ASV_2716","Eukaryota","TSAR","Alveolata","Dinoflagellata","Syndiniales","Dino-Group-I","Dino-Group-I-Clade-5","Dino-Group-I-Clade-5_X","Dino-Group-I-Clade-5_X_sp."
"ASV_2717","Eukaryota","TSAR","Stramenopiles","Gyrista","Pelagophyceae","Pelagomonadales","unassigned","unassigned","unassigned"
"ASV_2719","Eukaryota","TSAR","Alveolata","Dinoflagellata","Dinophyceae","Dinophyceae_X","Dinophyceae_XX","Dinophyceae_XXX","Dinophyceae_XXX_sp."
"ASV_2720","Eukaryota","TSAR","Stramenopiles","Gyrista","Bolidophyceae","Parmales","Parmales_env_2","Parmales_env_2_X","Parmales_env_2_X_sp."
"ASV_2722","Eukaryota","TSAR","Stramenopiles","Gyrista","Mediophyceae","Thalassiosirales","Skeletonemaceae","Skeletonema","Skeletonema_menzelii"
"ASV_2723","Eukaryota","TSAR","Rhizaria","Radiolaria","Acantharea","Acantharea_D","Acantharea_D1","Trizoma","Trizoma_brandti"
"ASV_2724","Eukaryota","TSAR","Alveolata","Dinoflagellata","Dinophyceae","Suessiales","Suessiaceae","Pelagodinium","Pelagodinium_beii"
"ASV_2725","Eukaryota","Archaeplastida","Chlorophyta","Chlorophyta_X","Prasino-Clade-9","Prasino-Clade-9_X","Prasino-Clade-9_XX","Prasino-Clade-9_XXX","Prasino-Clade-9_XXX_sp."
"ASV_2726","Eukaryota","TSAR","Stramenopiles","Gyrista","Dictyochophyceae","Dictyochophyceae_X","Pedinellales","Pseudopedinella","Pseudopedinella_elastica"
"ASV_2727","Eukaryota","Haptista","Haptophyta","Haptophyta_X","Prymnesiophyceae","Prymnesiales","Prymnesiaceae","Haptolina","Haptolina_sp."
"ASV_2731","Eukaryota","TSAR","Alveolata","Apicomplexa","Gregarinomorphea","Eugregarinorida","Trichotokaridae","Trichotokara","Trichotokara_nothriae"
"ASV_2732","Eukaryota","Archaeplastida","Picozoa","Picozoa_subdivision_2","Picozoa_subdivision_2_X","Picozoa_subdivision_2_XX","Picozoa_subdivision_2_XXX","Picozoa_subdivision_2_XXXX","Picozoa_subdivision_2_XXXX_sp."
"ASV_2733","Eukaryota","TSAR","Stramenopiles","Gyrista","Bolidophyceae","Parmales","Parmales_X","Parmales_XX","Parmales_XX_sp."
"ASV_2734","Eukaryota","TSAR","Stramenopiles","Gyrista","Mediophyceae","Thalassiosirales","Skeletonemaceae","Skeletonema","Skeletonema_costatum"
"ASV_2735","Eukaryota","TSAR","Stramenopiles","Bigyra","Sagenista","Sagenista_X","MAST-8","MAST-8B","MAST-8B_sp."
"ASV_2738","Eukaryota","Archaeplastida","Chlorophyta","Chlorophyta_X","unassigned","unassigned","unassigned","unassigned","unassigned"
"ASV_2739","Eukaryota","TSAR","Alveolata","Dinoflagellata","Syndiniales","Dino-Group-II","Dino-Group-II-Clade-4","Dino-Group-II-Clade-4_X","Dino-Group-II-Clade-4_X_sp."
"ASV_2740","Eukaryota","TSAR","Rhizaria","Cercozoa","Chlorarachniophyceae","Chlorarachniophyceae_X","NPK2-lineage","NPK2-lineage_X","NPK2-lineage_X_sp."
"ASV_2741","Eukaryota","TSAR","Alveolata","Dinoflagellata","Dinophyceae","Gymnodiniales","Gymnodiniaceae","Gyrodinium","unassigned"
"ASV_2744","Eukaryota","TSAR","Rhizaria","Cercozoa","Filosa-Thecofilosea","Ventricleftida","CCW10-lineage","CCW10-lineage_X","CCW10-lineage_X_sp."
"ASV_2745","Eukaryota","TSAR","Stramenopiles","Gyrista","Bacillariophyceae","Bacillariales","Bacillariaceae","Pseudo-nitzschia","Pseudo-nitzschia_cuspidata"
"ASV_2746","Eukaryota","TSAR","Alveolata","Dinoflagellata","Dinophyceae","Prorocentrales","Prorocentraceae","Prorocentrum","Prorocentrum_sp."
"ASV_2747","Eukaryota","TSAR","Stramenopiles","Gyrista","Mediophyceae","unassigned","unassigned","unassigned","unassigned"
"ASV_2748","Eukaryota","TSAR","Rhizaria","Cercozoa","Filosa-Thecofilosea","Ventricleftida","Ventrifissuridae","Ventrifissuridae_X","Ventrifissuridae_X_sp."
"ASV_2750","Eukaryota","TSAR","Alveolata","Dinoflagellata","Syndiniales","Dino-Group-I","Dino-Group-I_X","Dino-Group-I_XX","Dino-Group-I_XX_sp."
"ASV_2752","Eukaryota","TSAR","Alveolata","Dinoflagellata","Dinophyceae","Gonyaulacales","Ceratiaceae","Tripos","unassigned"
"ASV_2753","Eukaryota","TSAR","Stramenopiles","Gyrista","Pelagophyceae","Pelagomonadales","Pelagomonadaceae","Pelagomonas","Pelagomonas_calceolata"
"ASV_2754","Eukaryota","TSAR","Alveolata","Dinoflagellata","Syndiniales","Dino-Group-II","Dino-Group-II-Clade-22","Dino-Group-II-Clade-22_X","Dino-Group-II-Clade-22_X_sp."
"ASV_2755","Eukaryota","TSAR","Alveolata","Dinoflagellata","Syndiniales","Dino-Group-II","Dino-Group-II-Clade-30","Dino-Group-II-Clade-30_X","Dino-Group-II-Clade-30_X_sp."
"ASV_2757","Eukaryota","TSAR","Alveolata","Dinoflagellata","Dinophyceae","Prorocentrales","Prorocentraceae","Prorocentrum","Prorocentrum_sp."
"ASV_2759","Eukaryota","TSAR","Alveolata","Dinoflagellata","Dinophyceae","Suessiales","Suessiaceae","unassigned","unassigned"
"ASV_2760","Eukaryota","Obazoa","Opisthokonta","Ichthyosporea","Ichthyophonida","Ichthyophonida_X","Ichthyophonida_XX","Ichthyophonida_XXX","Ichthyophonida_XXX_sp."
"ASV_2762","Eukaryota","TSAR","Alveolata","Dinoflagellata","Syndiniales","Dino-Group-I","Dino-Group-I-Clade-4","Dino-Group-I-Clade-4_X","Dino-Group-I-Clade-4_X_sp."
"ASV_2763","Eukaryota","TSAR","Stramenopiles","unassigned","unassigned","unassigned","unassigned","unassigned","unassigned"
"ASV_2764","Eukaryota","TSAR","Rhizaria","Cercozoa","Filosa-Thecofilosea","Cryomonadida","Protaspa-lineage","Protaspa-lineage_X","Protaspa-lineage_X_sp."
"ASV_2765","Eukaryota","Obazoa","Opisthokonta","unassigned","unassigned","unassigned","unassigned","unassigned","unassigned"
"ASV_2767","Eukaryota","TSAR","Alveolata","Dinoflagellata","Syndiniales","Dino-Group-II","Dino-Group-II-Clade-1","Dino-Group-II-Clade-1_X","Dino-Group-II-Clade-1_X_sp."
"ASV_2768","Eukaryota","TSAR","Alveolata","Dinoflagellata","Syndiniales","Dino-Group-I","Dino-Group-I-Clade-1","Dino-Group-I-Clade-1_X","Dino-Group-I-Clade-1_X_sp."
"ASV_2769","Eukaryota","Obazoa","Apusomonada","Apusomonada_X","Apusomonadidae","Apusomonadidae_Group-1","Apusomonadidae_Group-1_X","Apusomonadidae_Group-1_XX","Apusomonadidae_Group-1_XX_sp."
"ASV_2770","Eukaryota","TSAR","Alveolata","Dinoflagellata","Dinophyceae","Prorocentrales","Prorocentraceae","Prorocentrum","Prorocentrum_sp."
"ASV_2771","Eukaryota","TSAR","Alveolata","Ciliophora","Spirotrichea","Oligotrichida","Strombidiidae","Strombidiidae_X","Strombidiidae_X_sp."
"ASV_2773","Eukaryota","TSAR","Alveolata","Ciliophora","Spirotrichea","Choreotrichida","Choreotrichida_X","Choreotrichida_XX","Choreotrichida_XX_sp."
"ASV_2774","Eukaryota","TSAR","Stramenopiles","Gyrista","Bacillariophyceae","Naviculales","Pleurosigmataceae","Pleurosigma","unassigned"
"ASV_2777","Eukaryota","TSAR","Stramenopiles","Gyrista","Bacillariophyceae","Naviculales","Naviculaceae","Navicula","Navicula_tripunctata"
"ASV_2778","Eukaryota","TSAR","Rhizaria","Cercozoa","Filosa-Thecofilosea","Cryomonadida","unassigned","unassigned","unassigned"
"ASV_2780","Eukaryota","TSAR","Rhizaria","Radiolaria","Acantharea","unassigned","unassigned","unassigned","unassigned"
"ASV_2781","Eukaryota","Haptista","Haptophyta","Haptophyta_X","Prymnesiophyceae","Phaeocystales","Phaeocystaceae","Phaeocystis","Phaeocystis_sp."
"ASV_2782","Eukaryota","TSAR","Stramenopiles","Bigyra","Opalozoa","Nanomonadea","MAST-3","MAST-3E","MAST-3E_sp."
"ASV_2783","Eukaryota","TSAR","Alveolata","Dinoflagellata","Syndiniales","Dino-Group-I","Dino-Group-I-Clade-1","Dino-Group-I-Clade-1_X","Dino-Group-I-Clade-1_X_sp."
"ASV_2784","Eukaryota","Obazoa","Opisthokonta","Choanoflagellata","Choanoflagellatea","Choanoflagellatea_X","Choanoflagellatea_XX_Group_L","Choanoflagellatea_XXX_Group_L_X","Choanoflagellatea_XXX_Group_L_X_sp."
"ASV_2785","Eukaryota","Archaeplastida","Prasinodermophyta","Prasinodermophyta_X","Prasinodermophyceae","Prasinodermales","Prasinodermaceae","Prasinoderma","Prasinoderma_sp."
"ASV_2788","Eukaryota","TSAR","Alveolata","Dinoflagellata","Syndiniales","Dino-Group-II","Dino-Group-II-Clade-1","Dino-Group-II-Clade-1_X","Dino-Group-II-Clade-1_X_sp."
"ASV_2790","Eukaryota","TSAR","Alveolata","Ciliophora","Spirotrichea","Euplotia","Euplotidae","Moneuplotes","Moneuplotes_crassus"
"ASV_2792","Eukaryota","TSAR","Alveolata","Dinoflagellata","Syndiniales","Dino-Group-II","unassigned","unassigned","unassigned"
"ASV_2793","Eukaryota","TSAR","Alveolata","Dinoflagellata","Dinophyceae","unassigned","unassigned","unassigned","unassigned"
"ASV_2796","Eukaryota","TSAR","Stramenopiles","Gyrista","Mediophyceae","Thalassiosirales","Thalassiosiraceae","Thalassiosira","Thalassiosira_guillardii"
"ASV_2797","Eukaryota","TSAR","Rhizaria","Cercozoa","Filosa-Thecofilosea","Cryomonadida","Protaspa-lineage","Protaspa-lineage_X","Protaspa-lineage_X_sp."
"ASV_2798","Eukaryota","Obazoa","Opisthokonta","Choanoflagellata","Choanoflagellatea","Acanthoecida","Stephanoecidae_Group_H","Stephanoecidae_Group_H_X","Stephanoecidae_Group_H_X_sp."
"ASV_2799","Eukaryota","TSAR","Alveolata","Dinoflagellata","Dinophyceae","Gymnodiniales","Gymnodiniaceae","Gyrodinium","Gyrodinium_spirale"
"ASV_2800","Eukaryota","Haptista","Haptophyta","Haptophyta_X","Prymnesiophyceae","Prymnesiales","Chrysochromulinaceae","Chrysochromulina","unassigned"
"ASV_2801","Eukaryota","TSAR","Stramenopiles","Gyrista","Coscinodiscophyceae","Rhizosoleniales","Rhizosoleniaceae","Rhizosolenia","Rhizosolenia_robusta"
"ASV_2802","Eukaryota","TSAR","Alveolata","Dinoflagellata","Dinophyceae","Gymnodiniales","Ceratoperidiniaceae","Ceratoperidinium","Ceratoperidinium_falcatum"
"ASV_2803","Eukaryota","TSAR","Alveolata","Dinoflagellata","Dinophyceae","Gymnodiniales","Gymnodiniaceae","Gyrodinium","Gyrodinium_heterogrammum"
"ASV_2804","Eukaryota","TSAR","Alveolata","Dinoflagellata","Dinophyceae","unassigned","unassigned","unassigned","unassigned"
"ASV_2806","Eukaryota:nucl","Cryptista:nucl","Cryptophyta:nucl","Cryptophyta_X:nucl","Cryptophyceae:nucl","Cryptomonadales:nucl","Cryptomonadales_X:nucl","Plagioselmis:nucl","Plagioselmis_lacustris:nucl"
"ASV_2808","Eukaryota","TSAR","Alveolata","Dinoflagellata","Syndiniales","Dino-Group-II","Dino-Group-II-Clade-10-and-11","Dino-Group-II-Clade-10-and-11_X","Dino-Group-II-Clade-10-and-11_X_sp."
"ASV_2809","Eukaryota","TSAR","Alveolata","Dinoflagellata","unassigned","unassigned","unassigned","unassigned","unassigned"
"ASV_2814","Eukaryota","TSAR","Stramenopiles","Bigyra","Bicoecea","Anoecales","unassigned","unassigned","unassigned"
"ASV_2815","Eukaryota","TSAR","Alveolata","Dinoflagellata","Syndiniales","Dino-Group-II","Dino-Group-II-Clade-22","Dino-Group-II-Clade-22_X","Dino-Group-II-Clade-22_X_sp."
"ASV_2816","Eukaryota","TSAR","Alveolata","Dinoflagellata","Dinophyceae","Peridiniales","unassigned","unassigned","unassigned"
"ASV_2817","Eukaryota","Haptista","Haptophyta","Haptophyta_X","Prymnesiophyceae","Prymnesiales","Chrysochromulinaceae","Chrysochromulina","Chrysochromulina_simplex"
"ASV_2819","Eukaryota","TSAR","Alveolata","Dinoflagellata","Syndiniales","unassigned","unassigned","unassigned","unassigned"
"ASV_2820","Eukaryota","TSAR","Alveolata","Dinoflagellata","Syndiniales","Dino-Group-II","Dino-Group-II-Clade-10-and-11","Dino-Group-II-Clade-10-and-11_X","Dino-Group-II-Clade-10-and-11_X_sp."
"ASV_2821","Eukaryota","TSAR","Alveolata","Dinoflagellata","Dinophyceae","unassigned","unassigned","unassigned","unassigned"
"ASV_2823","Eukaryota","TSAR","Alveolata","Dinoflagellata","Dinophyceae","unassigned","unassigned","unassigned","unassigned"
"ASV_2824","Eukaryota","TSAR","Alveolata","Dinoflagellata","Syndiniales","Dino-Group-II","Dino-Group-II-Clade-22","Dino-Group-II-Clade-22_X","Dino-Group-II-Clade-22_X_sp."
"ASV_2827","Eukaryota","TSAR","Alveolata","Dinoflagellata","Dinophyceae","unassigned","unassigned","unassigned","unassigned"
"ASV_2829","Eukaryota","Haptista","Haptophyta","Haptophyta_X","Haptophyta_Clade_HAP2","Haptophyta_Clade_HAP2_X","Haptophyta_Clade_HAP2_XX","Haptophyta_Clade_HAP2_XXX","Haptophyta_Clade_HAP2_XXX_sp."
"ASV_2831","Eukaryota","TSAR","Alveolata","Ciliophora","Spirotrichea","Oligotrichida","Strombidiidae","unassigned","unassigned"
"ASV_2833","Eukaryota","TSAR","Stramenopiles","Gyrista","Bacillariophyceae","unassigned","unassigned","unassigned","unassigned"
"ASV_2835","Eukaryota","TSAR","Alveolata","Dinoflagellata","Syndiniales","Dino-Group-II","Dino-Group-II-Clade-39","Dino-Group-II-Clade-39_X","Dino-Group-II-Clade-39_X_sp."
"ASV_2839","Eukaryota","TSAR","Alveolata","Ciliophora","Spirotrichea","Choreotrichida","Strobilidiidae","Pelagostrobilidium","unassigned"
"ASV_2841","Eukaryota","TSAR","Alveolata","Ciliophora","Litostomatea","Haptoria_3","Haptoria_3_X","Fuscheria","unassigned"
"ASV_2844","Eukaryota","Archaeplastida","Chlorophyta","Chlorophyta_X","Mamiellophyceae","Dolichomastigales","unassigned","unassigned","unassigned"
"ASV_2845","Eukaryota","Haptista","Haptophyta","Haptophyta_X","Prymnesiophyceae","Prymnesiales","Chrysochromulinaceae","Chrysochromulina","Chrysochromulina_leadbeateri"
"ASV_2846","Eukaryota","TSAR","Alveolata","Ciliophora","Spirotrichea","Choreotrichida-Tintinnina","unassigned","unassigned","unassigned"
"ASV_2847","Eukaryota","Archaeplastida","Chlorophyta","Chlorophyta_X","Mamiellophyceae","Mamiellales","Mamiellaceae","Mantoniella","unassigned"
"ASV_2852","Eukaryota","TSAR","Stramenopiles","Gyrista","Mediophyceae","Chaetocerotales","Chaetocerotaceae","Chaetoceros","Chaetoceros_gelidus"
"ASV_2853","Eukaryota","TSAR","Alveolata","Dinoflagellata","Dinophyceae","unassigned","unassigned","unassigned","unassigned"
"ASV_2855","Eukaryota","TSAR","Alveolata","Dinoflagellata","Dinophyceae","Dinophyceae_X","Dinophyceae_XX","Dinophyceae_XXX","Dinophyceae_XXX_sp."
"ASV_2856","Eukaryota","TSAR","Stramenopiles","Gyrista","Bolidophyceae","Parmales","Triparmaceae","Triparma","Triparma_eleuthera"
"ASV_2857","Eukaryota","TSAR","Alveolata","Dinoflagellata","Syndiniales","Dino-Group-I","Dino-Group-I-Clade-5","Dino-Group-I-Clade-5_X","Dino-Group-I-Clade-5_X_sp."
"ASV_2858","Eukaryota","TSAR","Alveolata","Dinoflagellata","Syndiniales","Dino-Group-II","Dino-Group-II-Clade-29","Dino-Group-II-Clade-29_X","Dino-Group-II-Clade-29_X_sp."
"ASV_2860","Eukaryota","TSAR","Rhizaria","Radiolaria","Acantharea","Acantharea_3","Acantharea_3b","Acantharea_3b_X","Acantharea_3b_X_sp."
"ASV_2861","Eukaryota","TSAR","Alveolata","Dinoflagellata","Dinophyceae","Peridiniales","Amphidiniopsidaceae","Islandinium","Islandinium_tricingulatum"
"ASV_2863","Eukaryota","TSAR","Alveolata","Ciliophora","Spirotrichea","Choreotrichida-Tintinnina","Tintinnidae","Tintinnidae_X","Tintinnidae_X_sp."
"ASV_2865","Eukaryota","TSAR","Rhizaria","Cercozoa","Endomyxa-Ascetosporea","Paradinida","Paradinidae","Paradinium","Paradinium_poucheti"
"ASV_2868","Eukaryota","TSAR","Alveolata","Dinoflagellata","Dinophyceae","Gymnodiniales","Kareniaceae","unassigned","unassigned"
"ASV_2871","Eukaryota","TSAR","Alveolata","Dinoflagellata","Dinophyceae","Gymnodiniales","Kareniaceae","Karlodinium","Karlodinium_sp."
"ASV_2872","Eukaryota","TSAR","Stramenopiles","Gyrista","Bacillariophyceae","Naviculales","Pleurosigmataceae","Pleurosigma","Pleurosigma_pacificum"
"ASV_2873","Eukaryota","TSAR","Alveolata","Dinoflagellata","Dinophyceae","Gymnodiniales","Gymnodiniaceae","Gymnodinium","Gymnodinium_sp."
"ASV_2875","Eukaryota","TSAR","Alveolata","Dinoflagellata","Dinophyceae","Gymnodiniales","Gymnodiniaceae","Lepidodinium","Lepidodinium_sp."
"ASV_2876","Eukaryota","TSAR","Alveolata","Ciliophora","Litostomatea","Litostomatea_X","Litostomatea_XX","Litostomatea_XXX","Litostomatea_XXX_sp."
"ASV_2877","Eukaryota","TSAR","Alveolata","Dinoflagellata","Dinophyceae","Gymnodiniales","Gymnodiniaceae","Gyrodinium","unassigned"
"ASV_2878","Eukaryota","TSAR","Alveolata","Dinoflagellata","Dinophyceae","Prorocentrales","Prorocentraceae","Prorocentrum","Prorocentrum_sp."
"ASV_2881","Eukaryota","TSAR","Alveolata","Dinoflagellata","Syndiniales","Dino-Group-I","Dino-Group-I-Clade-5","Dino-Group-I-Clade-5_X","Dino-Group-I-Clade-5_X_sp."
"ASV_2883","Eukaryota","TSAR","Alveolata","Dinoflagellata","Syndiniales","Dino-Group-I","Dino-Group-I-Clade-1","Dino-Group-I-Clade-1_X","Dino-Group-I-Clade-1_X_sp."
"ASV_2886","Eukaryota","Excavata","Discoba","Euglenozoa","Diplonemea","Diplonemida","Hemistasiidae","Hemistasia","Hemistasia_phaeocysticola"
"ASV_2887","Eukaryota","TSAR","Alveolata","Ciliophora","Ciliophora_X","Ciliophora_XX","Ciliophora_XXX","Cyclotrichium","unassigned"
"ASV_2889","Eukaryota","TSAR","Alveolata","Dinoflagellata","unassigned","unassigned","unassigned","unassigned","unassigned"
"ASV_2891","Eukaryota","Haptista","Haptophyta","Haptophyta_X","Prymnesiophyceae","unassigned","unassigned","unassigned","unassigned"
"ASV_2894","Eukaryota","TSAR","Stramenopiles","Gyrista","Pirsoniales","Pirsoniales_X","Pirsoniales_XX","Pirsonia","Pirsonia_sp."
"ASV_2897","Eukaryota","TSAR","Alveolata","Dinoflagellata","Dinophyceae","unassigned","unassigned","unassigned","unassigned"
"ASV_2899","Eukaryota","Haptista","Haptophyta","Haptophyta_X","Prymnesiophyceae","Coccolithales","Chrysotilaceae","Chrysotila","unassigned"
"ASV_2901","Eukaryota","TSAR","Alveolata","Ciliophora","unassigned","unassigned","unassigned","unassigned","unassigned"
"ASV_2905","Eukaryota","TSAR","Alveolata","Ciliophora","Spirotrichea","Oligotrichida","Strombidiidae","Strombidium","Strombidium_paracapitatum"
"ASV_2906","Eukaryota","TSAR","Alveolata","Ciliophora","CONThreeP","CONThreeP_X","CONThreeP_XX","Askenasia","Askenasia_sp."
"ASV_2908","Eukaryota","TSAR","Alveolata","Dinoflagellata","Dinophyceae","unassigned","unassigned","unassigned","unassigned"
"ASV_2909","Eukaryota","Cryptista","Cryptophyta","Cryptophyta_X","Cryptophyceae","Cryptomonadales","Hemiselmidaceae","Hemiselmis","Hemiselmis_brunnescens"
"ASV_2910","Eukaryota","TSAR","Alveolata","Ciliophora","Spirotrichea","Oligotrichida","unassigned","unassigned","unassigned"
"ASV_2915","Eukaryota","TSAR","Alveolata","Dinoflagellata","Dinophyceae","unassigned","unassigned","unassigned","unassigned"
"ASV_2916","Eukaryota","TSAR","Alveolata","Dinoflagellata","Dinophyceae","unassigned","unassigned","unassigned","unassigned"
"ASV_2919","Eukaryota","TSAR","Alveolata","Dinoflagellata","Dinophyceae","Peridiniales","Protoperidiniaceae","Protoperidinium","Protoperidinium_elegans"
"ASV_2920","Eukaryota","Archaeplastida","Picozoa","Picozoa_subdivision_2","Picozoa_subdivision_2_X","Picozoa_subdivision_2_XX","Picozoa_subdivision_2_XXX","Picozoa_subdivision_2_XXXX","Picozoa_subdivision_2_XXXX_sp."
"ASV_2922","Eukaryota","TSAR","Alveolata","Ciliophora","Spirotrichea","Choreotrichida","Strobilidiidae","Pelagostrobilidium","Pelagostrobilidium_paraepacrum"
"ASV_2925","Eukaryota","TSAR","Alveolata","Dinoflagellata","Syndiniales","Dino-Group-II","Dino-Group-II-Clade-16","Dino-Group-II-Clade-16_X","Dino-Group-II-Clade-16_X_sp."
"ASV_2928","Eukaryota","TSAR","Alveolata","Ciliophora","Spirotrichea","Oligotrichida","Strombidiidae","Strombidiidae_X","Strombidiidae_X_sp."
"ASV_2929","Eukaryota","TSAR","Alveolata","Dinoflagellata","Dinophyceae","unassigned","unassigned","unassigned","unassigned"
"ASV_2930","Eukaryota","TSAR","Alveolata","Dinoflagellata","unassigned","unassigned","unassigned","unassigned","unassigned"
"ASV_2931","Eukaryota","TSAR","Stramenopiles","Gyrista","Bacillariophyceae","Bacillariales","Bacillariaceae","Fragilariopsis","Fragilariopsis_sp."
"ASV_2932","Eukaryota","TSAR","Alveolata","Dinoflagellata","Dinophyceae","Peridiniales","Amphidiniopsidaceae","Islandinium","Islandinium_tricingulatum"
"ASV_2933","Eukaryota","TSAR","Stramenopiles","Gyrista","Bolidophyceae","Parmales","Parmales_env_3","Parmales_env_3A","Parmales_env_3A_sp."
"ASV_2935","Eukaryota","Obazoa","Opisthokonta","Choanoflagellata","Choanoflagellatea","Acanthoecida","Stephanoecidae_Group_D","Stephanoecidae_Group_D_X","Stephanoecidae_Group_D_X_sp."
"ASV_2937","Eukaryota","TSAR","Alveolata","Dinoflagellata","Dinophyceae","Gymnodiniales","Gymnodiniaceae","Gyrodinium","Gyrodinium_guttula"
"ASV_2938","Eukaryota","TSAR","Alveolata","Ciliophora","unassigned","unassigned","unassigned","unassigned","unassigned"
"ASV_2939","Eukaryota","Cryptista","Cryptophyta","Cryptophyta_X","Cryptophyceae","Cryptomonadales","Cryptomonadales_X","unassigned","unassigned"
"ASV_2942","Eukaryota","TSAR","Alveolata","Ciliophora","Spirotrichea","Choreotrichida","Strobilidiidae","Strobilidiidae_X","Strobilidiidae_X_sp."
"ASV_2944","Eukaryota","TSAR","Alveolata","Dinoflagellata","Dinophyceae","Dinophysales","Dinophysaceae","Dinophysis","unassigned"
"ASV_2945","Eukaryota","TSAR","Rhizaria","Cercozoa","Filosa-Thecofilosea","Filosa-Thecofilosea_X","Mataza-lineage","Mataza-lineage_X","Mataza-lineage_X_sp."
"ASV_2946","Eukaryota","TSAR","Alveolata","Dinoflagellata","Dinophyceae","Dinophysales","Oxyphysiaceae","Phalachroma","Phalacroma_rotundatum"
"ASV_2947","Eukaryota","TSAR","Stramenopiles","Gyrista","Bacillariophyceae","Licmophorales","Licmophoraceae","Licmophora","Licmophora_flabellata"
"ASV_2948","Eukaryota","TSAR","Rhizaria","Cercozoa","Endomyxa-Ascetosporea","Paradinida","Paradinidae","Paradinium","Paradinium_poucheti"
"ASV_2951","Eukaryota","TSAR","Alveolata","Dinoflagellata","Syndiniales","Dino-Group-II","Dino-Group-II-Clade-22","Dino-Group-II-Clade-22_X","Dino-Group-II-Clade-22_X_sp."
"ASV_2952","Eukaryota","TSAR","Stramenopiles","Bigyra","Opalozoa","Nanomonadea","MAST-3","MAST-3F","MAST-3F_sp."
"ASV_2956","Eukaryota","Archaeplastida","Chlorophyta","Chlorophyta_X","Pyramimonadophyceae","Pyramimonadales","Pyramimonadaceae","Pyramimonas","unassigned"
"ASV_2959","Eukaryota","TSAR","Alveolata","Ciliophora","Spirotrichea","Oligotrichida","Strombidiidae","unassigned","unassigned"
"ASV_2960","Eukaryota","TSAR","Stramenopiles","Gyrista","Coscinodiscophyceae","Rhizosoleniales","Rhizosoleniaceae","Guinardia","Guinardia_striata"
"ASV_2961","Eukaryota","TSAR","Alveolata","Dinoflagellata","Dinophyceae","unassigned","unassigned","unassigned","unassigned"
"ASV_2962","Eukaryota","TSAR","Alveolata","Dinoflagellata","Syndiniales","Dino-Group-II","Dino-Group-II-Clade-5","Dino-Group-II-Clade-5_X","Dino-Group-II-Clade-5_X_sp."
"ASV_2963","Eukaryota","TSAR","Alveolata","Dinoflagellata","Syndiniales","Dino-Group-I","Dino-Group-I-Clade-1","Dino-Group-I-Clade-1_X","Dino-Group-I-Clade-1_X_sp."
"ASV_2964","Eukaryota","TSAR","Stramenopiles","Gyrista","Raphidophyceae","Raphidophyceae_X","Raphidophyceae_XX","Heterosigma","Heterosigma_akashiwo"
"ASV_2967","Eukaryota","TSAR","Alveolata","Dinoflagellata","Dinophyceae","Gymnodiniales","unassigned","unassigned","unassigned"
"ASV_2968","Eukaryota","TSAR","Alveolata","Dinoflagellata","Dinophyceae","unassigned","unassigned","unassigned","unassigned"
"ASV_2969","Eukaryota","Obazoa","Opisthokonta","Choanoflagellata","Choanoflagellatea","Acanthoecida","Stephanoecidae","Crinolina","Crinolina_isefiordensis"
"ASV_2970","Eukaryota","TSAR","Telonemia","Telonemia_X","Telonemia_XX","Telonemia_XXX","Telonemia-Group-2","Telonemia-Group-2_X","Telonemia-Group-2_X_sp."
"ASV_2971","Eukaryota","TSAR","Alveolata","Dinoflagellata","unassigned","unassigned","unassigned","unassigned","unassigned"
"ASV_2972","Eukaryota","TSAR","Alveolata","Dinoflagellata","Syndiniales","Dino-Group-II","Dino-Group-II-Clade-20","Dino-Group-II-Clade-20_X","Dino-Group-II-Clade-20_X_sp."
"ASV_2974","Eukaryota","TSAR","Stramenopiles","Gyrista","Chrysophyceae","unassigned","unassigned","unassigned","unassigned"
"ASV_2978","Eukaryota","Archaeplastida","Chlorophyta","Chlorophyta_X","Mamiellophyceae","Dolichomastigales","unassigned","unassigned","unassigned"
"ASV_2980","Eukaryota","Archaeplastida","Chlorophyta","Chlorophyta_X","Mamiellophyceae","Mamiellales","Mamiellaceae","Mamiella","Mamiella_gilva"
"ASV_2981","Eukaryota","TSAR","Alveolata","Ciliophora","Spirotrichea","Oligotrichida","Strombidiidae","Strombidium","Strombidium_triquetrum"
"ASV_2982","Eukaryota","TSAR","Stramenopiles","Gyrista","Coscinodiscophyceae","unassigned","unassigned","unassigned","unassigned"
"ASV_2984","Eukaryota","TSAR","Alveolata","Dinoflagellata","unassigned","unassigned","unassigned","unassigned","unassigned"
"ASV_2985","Eukaryota","TSAR","Alveolata","Ciliophora","Spirotrichea","Hypotrichia","unassigned","unassigned","unassigned"
"ASV_2986","Eukaryota","TSAR","Stramenopiles","Gyrista","Mediophyceae","Chaetocerotales","Chaetocerotaceae","Chaetoceros","Chaetoceros_radicans"
"ASV_2987","Eukaryota","TSAR","Alveolata","Dinoflagellata","Dinophyceae","Gymnodiniales","Gymnodiniaceae","Margalefidinium","Margalefidinium_fulvescens"
"ASV_2989","Eukaryota","TSAR","Alveolata","Ciliophora","unassigned","unassigned","unassigned","unassigned","unassigned"
"ASV_2992","Eukaryota","TSAR","Stramenopiles","Gyrista","Dictyochophyceae","Dictyochophyceae_X","Dictyochales","Dictyochales_X","Dictyochales_X_sp."
"ASV_2993","Eukaryota","Obazoa","Opisthokonta","Choanoflagellata","Choanoflagellatea","Acanthoecida","Stephanoecidae","Pleurasiga","Pleurasiga_reynoldsii"
"ASV_2994","Eukaryota","TSAR","Stramenopiles","Bigyra","Sagenista","Labyrinthulomycetes","Labyrinthulomycetes_LAB7","Labyrinthulomycetes_LAB7_X","Labyrinthulomycetes_LAB7_X_sp."
"ASV_2995","Eukaryota","TSAR","Stramenopiles","Gyrista","Chrysophyceae","Chrysophyceae_Clade-EC2H","Chrysophyceae_Clade-EC2H_X","Chrysophyceae_Clade-EC2H_XX","Chrysophyceae_Clade-EC2H_XX_sp."
"ASV_2996","Eukaryota","TSAR","Stramenopiles","Bigyra","Sagenista","Labyrinthulomycetes","Thraustochytriaceae","Thraustochytriaceae_LAB17","Thraustochytriaceae_LAB17_sp."
"ASV_2997","Eukaryota","TSAR","Rhizaria","Cercozoa","Filosa-Imbricatea","Filosa-Imbricatea_X","Novel-clade-2","Novel-clade-2_X","Novel-clade-2_X_sp."
"ASV_2998","Eukaryota","TSAR","Rhizaria","Cercozoa","Filosa-Imbricatea","Thaumatomonadida","Thaumatomonadidae","Thaumatomastigidae","Thaumatomastigidae_sp."
"ASV_2999","Eukaryota","Cryptista","Kathablepharidacea","Kathablepharida","Kathablepharidea","Kathablepharidida","Kathablepharidida_X","Kathablepharis","Kathablepharis_japonica"
"ASV_3000","Eukaryota","TSAR","Alveolata","Ciliophora","unassigned","unassigned","unassigned","unassigned","unassigned"
"ASV_3002","Eukaryota","TSAR","Alveolata","Ciliophora","Oligohymenophorea","Scuticociliatia_1","Philasterida","Uronema","Uronema_marinum"
"ASV_3004","Eukaryota","TSAR","Telonemia","Telonemia_X","Telonemia_XX","Telonemia_XXX","Telonemia-Group-1","Telonema-Group-1","unassigned"
"ASV_3005","Eukaryota","Haptista","Haptophyta","Haptophyta_X","Prymnesiophyceae","Prymnesiales","Prymnesiaceae","Prymnesium","Prymnesium_sp."
"ASV_3006","Eukaryota","TSAR","Stramenopiles","Bigyra","Opalozoa","Opalozoa_X","MAST-12","MAST-12E","MAST-12E_sp."
"ASV_3008","Eukaryota","TSAR","Alveolata","unassigned","unassigned","unassigned","unassigned","unassigned","unassigned"
"ASV_3009","Eukaryota","TSAR","Rhizaria","Cercozoa","Filosa-Thecofilosea","Cryomonadida","unassigned","unassigned","unassigned"
"ASV_3010","Eukaryota","TSAR","Alveolata","Dinoflagellata","Syndiniales","Dino-Group-II","Dino-Group-II-Clade-1","Dino-Group-II-Clade-1_X","Dino-Group-II-Clade-1_X_sp."
"ASV_3012","Eukaryota","TSAR","Alveolata","Dinoflagellata","Dinophyceae","unassigned","unassigned","unassigned","unassigned"
"ASV_3014","Eukaryota","TSAR","Stramenopiles","Gyrista","Bacillariophyceae","Naviculales","Pleurosigmataceae","Pleurosigma","Pleurosigma_intermedium"
"ASV_3015","Eukaryota","Haptista","Haptophyta","Haptophyta_X","Prymnesiophyceae","Prymnesiophyceae_X","Braarudosphaeraceae","Braarudosphaeraceae_X","Braarudosphaeraceae_X_sp."
"ASV_3019","Eukaryota","TSAR","Stramenopiles","Gyrista","Chrysophyceae","Ochromonadales","Ochromonadales_X","Ochromonadales_XX","Ochromonadales_XX_sp."
"ASV_3022","Eukaryota","TSAR","Alveolata","Dinoflagellata","Syndiniales","Dino-Group-I","Dino-Group-I-Clade-1","Dino-Group-I-Clade-1_X","Dino-Group-I-Clade-1_X_sp."
"ASV_3023","Eukaryota","TSAR","Alveolata","Dinoflagellata","Syndiniales","Dino-Group-II","Dino-Group-II-Clade-7","Dino-Group-II-Clade-7_X","Dino-Group-II-Clade-7_X_sp."
"ASV_3024","Eukaryota","TSAR","Alveolata","Ciliophora","Oligohymenophorea","OLIGO5","OLIGO5_X","OLIGO5_XX","OLIGO5_XX_sp."
"ASV_3025","Eukaryota","TSAR","Stramenopiles","Gyrista","Bacillariophyceae","Bacillariales","Bacillariaceae","Fragilariopsis","Fragilariopsis_sp."
"ASV_3028","Eukaryota","TSAR","Alveolata","Dinoflagellata","Syndiniales","unassigned","unassigned","unassigned","unassigned"
"ASV_3030","Eukaryota","TSAR","Alveolata","unassigned","unassigned","unassigned","unassigned","unassigned","unassigned"
"ASV_3032","Eukaryota","TSAR","Alveolata","Dinoflagellata","Syndiniales","Dino-Group-II","Dino-Group-II-Clade-1","Dino-Group-II-Clade-1_X","Dino-Group-II-Clade-1_X_sp."
"ASV_3033","Eukaryota","TSAR","Alveolata","Dinoflagellata","Dinophyceae","Dinophyceae_X","Dinophyceae_XX","Dinophyceae_XXX","Dinophyceae_XXX_sp."
"ASV_3036","Eukaryota","TSAR","Alveolata","Dinoflagellata","Dinophyceae","Gonyaulacales","Ceratiaceae","Tripos","Tripos_furca"
"ASV_3040","Eukaryota","TSAR","Stramenopiles","unassigned","unassigned","unassigned","unassigned","unassigned","unassigned"
"ASV_3041","Eukaryota","Haptista","Haptophyta","Haptophyta_X","Prymnesiophyceae","unassigned","unassigned","unassigned","unassigned"
"ASV_3043","Eukaryota","TSAR","Rhizaria","Cercozoa","Chlorarachniophyceae","Chlorarachnida","Minorisa-lineage","Minorisa","Minorisa_minuta"
"ASV_3044","Eukaryota","TSAR","Stramenopiles","Bigyra","Opalozoa","Opalozoa_X","MAST-12","MAST-12B","MAST-12B_sp."
"ASV_3045","Eukaryota","TSAR","Alveolata","Dinoflagellata","Dinophyceae","Suessiales","Suessiaceae","Pelagodinium","Pelagodinium_beii"
"ASV_3046","Eukaryota","TSAR","Alveolata","Dinoflagellata","Syndiniales","Dino-Group-II","Dino-Group-II-Clade-8","Dino-Group-II-Clade-8_X","Dino-Group-II-Clade-8_X_sp."
"ASV_3047","Eukaryota","TSAR","Rhizaria","Radiolaria","Acantharea","Acantharea_D","Acantharea_D1","Trizoma","Trizoma_brandti"
"ASV_3048","Eukaryota","TSAR","Stramenopiles","Gyrista","Mediophyceae","Thalassiosirales","Thalassiosiraceae","Thalassiosira","Thalassiosira_curviseriata"
"ASV_3052","Eukaryota","TSAR","Stramenopiles","Gyrista","Chrysophyceae","Paraphysomonadales","Paraphysomonadales_Clade-EC1Ga","Paraphysomonadales_Clade-EC1Ga_X","Paraphysomonadales_Clade-EC1Ga_X_sp."
"ASV_3059","Eukaryota","TSAR","Alveolata","Ciliophora","Spirotrichea","Oligotrichida","Tontoniidae","Laboea","unassigned"
"ASV_3060","Eukaryota","TSAR","Alveolata","Dinoflagellata","Dinophyceae","Gymnodiniales","Kareniaceae","Karlodinium","Karlodinium_sp."
"ASV_3062","Eukaryota","TSAR","Alveolata","Dinoflagellata","Dinophyceae","Gymnodiniales","Gymnodiniaceae","Gyrodinium","Gyrodinium_fusiforme"
"ASV_3063","Eukaryota","TSAR","Alveolata","Ciliophora","Spirotrichea","Oligotrichida","Tontoniidae","Laboea","Laboea_sp."
"ASV_3064","Eukaryota","TSAR","Alveolata","Dinoflagellata","Dinophyceae","Dinophyceae_X","Dinophyceae_XX","Dinophyceae_XXX","Dinophyceae_XXX_sp."
"ASV_3065","Eukaryota","TSAR","Alveolata","Dinoflagellata","Dinophyceae","unassigned","unassigned","unassigned","unassigned"
"ASV_3067","Eukaryota","TSAR","Rhizaria","Cercozoa","Filosa-Imbricatea","Imbricatea_X","Imbricatea_XX","Discomonas","Discomonas_retusa"
"ASV_3068","Eukaryota","TSAR","Telonemia","Telonemia_X","Telonemia_XX","Telonemia_XXX","Telonemia-Group-2","unassigned","unassigned"
"ASV_3069","Eukaryota","TSAR","Alveolata","Dinoflagellata","Syndiniales","Dino-Group-II","Dino-Group-II-Clade-6","Dino-Group-II-Clade-6_X","Dino-Group-II-Clade-6_X_sp."
"ASV_3070","Eukaryota","TSAR","Rhizaria","Cercozoa","Chlorarachniophyceae","Chlorarachniophyceae_X","NPK2-lineage","NPK2-lineage_X","NPK2-lineage_X_sp."
"ASV_3071","Eukaryota","TSAR","Stramenopiles","Bigyra","Sagenista","Sagenista_X","MAST-4","MAST-4B","MAST-4B_sp."
"ASV_3072","Eukaryota","TSAR","Alveolata","Ciliophora","Spirotrichea","Choreotrichida","Choreotrichida_X","Choreotrichida_XX","Choreotrichida_XX_sp."
"ASV_3073","Eukaryota","TSAR","Alveolata","Dinoflagellata","Syndiniales","Dino-Group-II","Dino-Group-II-Clade-14","Dino-Group-II-Clade-14_X","Dino-Group-II-Clade-14_X_sp."
"ASV_3075","Eukaryota","TSAR","Stramenopiles","Gyrista","Mediophyceae","unassigned","unassigned","unassigned","unassigned"
"ASV_3077","Eukaryota","Haptista","Haptophyta","Haptophyta_X","Prymnesiophyceae","Prymnesiales","Prymnesiaceae","Prymnesium","Prymnesium_sp."
"ASV_3079","Eukaryota","Haptista","Haptophyta","Haptophyta_X","Prymnesiophyceae","Prymnesiales","Prymnesiaceae","Haptolina","Haptolina_herdlensis"
"ASV_3081","Eukaryota","Cryptista","Kathablepharidacea","Kathablepharida","Kathablepharidea","Kathablepharidida","Kathablepharidida_X","Kathablepharidida_XX","Kathablepharidida_XX_sp."
"ASV_3082","Eukaryota","TSAR","Alveolata","Dinoflagellata","Dinophyceae","Peridiniales","unassigned","unassigned","unassigned"
"ASV_3085","Eukaryota","TSAR","unassigned","unassigned","unassigned","unassigned","unassigned","unassigned","unassigned"
"ASV_3086","Eukaryota","TSAR","Alveolata","Dinoflagellata","Dinophyceae","Peridiniales","Amphidomataceae","Amphidoma","Amphidoma_fulgens"
"ASV_3087","Eukaryota","Obazoa","Opisthokonta","Choanoflagellata","Choanoflagellatea","Acanthoecida","Stephanoecidae_Group_D","Stephanoecidae_Group_D_X","Stephanoecidae_Group_D_X_sp."
"ASV_3088","Eukaryota","TSAR","Alveolata","Dinoflagellata","Syndiniales","Dino-Group-I","Dino-Group-I-Clade-5","Dino-Group-I-Clade-5_X","Dino-Group-I-Clade-5_X_sp."
"ASV_3090","Eukaryota","TSAR","Alveolata","Dinoflagellata","Syndiniales","Dino-Group-II","unassigned","unassigned","unassigned"
"ASV_3094","Eukaryota","TSAR","Rhizaria","Cercozoa","Filosa-Thecofilosea","Cryomonadida","Cryothecomonas-lineage","Cryothecomonas","Cryothecomonas_sp."
"ASV_3096","Eukaryota","Haptista","Centroplasthelida","Centroplasthelida_X","Pterocystida","Pterocystida_X","Pterocystida_XX","Pterocystida_XXX","Pterocystida_XXX_sp."
"ASV_3099","Eukaryota","TSAR","Stramenopiles","Gyrista","Coscinodiscophyceae","Coscinodiscales","Hemidiscaceae","Actinocyclus","Actinocyclus_curvatulus"
"ASV_3102","Eukaryota","TSAR","Stramenopiles","Gyrista","Mediophyceae","Thalassiosirales","Thalassiosiraceae","unassigned","unassigned"
"ASV_3103","Eukaryota","TSAR","Alveolata","Dinoflagellata","Dinophyceae","unassigned","unassigned","unassigned","unassigned"
"ASV_3105","Eukaryota","TSAR","Alveolata","Dinoflagellata","Dinophyceae","unassigned","unassigned","unassigned","unassigned"
"ASV_3106","Eukaryota","TSAR","Telonemia","Telonemia_X","Telonemia_XX","Telonemia_XXX","Telonemia-Group-1","Telonema-Group-1","Telonema_subtile"
"ASV_3109","Eukaryota","Haptista","Haptophyta","Haptophyta_X","Prymnesiophyceae","Phaeocystales","Phaeocystaceae","Phaeocystis","Phaeocystis_sp."
"ASV_3111","Eukaryota","Haptista","Haptophyta","Haptophyta_X","Prymnesiophyceae","Isochrysidales","Noelaerhabdaceae","unassigned","unassigned"
"ASV_3112","Eukaryota","TSAR","Alveolata","Dinoflagellata","Dinophyceae","Peridiniales","Heterocapsaceae","Heterocapsa","Heterocapsa_steinii"
"ASV_3113","Eukaryota","TSAR","Stramenopiles","Gyrista","Chrysophyceae","Chrysophyceae_Clade-EC2H","Chrysophyceae_Clade-EC2H_X","Chrysophyceae_Clade-EC2H_XX","Chrysophyceae_Clade-EC2H_XX_sp."
"ASV_3115","Eukaryota","Haptista","Haptophyta","Haptophyta_X","Prymnesiophyceae","Prymnesiales","Prymnesiaceae","Prymnesiaceae_X","Prymnesiaceae_X_sp."
"ASV_3116","Eukaryota","Haptista","Haptophyta","Haptophyta_X","Prymnesiophyceae","Prymnesiales","Chrysochromulinaceae","Chrysochromulina","Chrysochromulina_strobilus"
"ASV_3118","Eukaryota","TSAR","Alveolata","Ciliophora","Spirotrichea","Oligotrichida","Tontoniidae","Spirotontonia","Spirotontonia_sp."
"ASV_3119","Eukaryota","TSAR","Rhizaria","Cercozoa","Endomyxa-Ascetosporea","Paradinida","Paradinidae","Paradinium","Paradinium_poucheti"
"ASV_3122","Eukaryota","TSAR","Alveolata","Dinoflagellata","Syndiniales","Dino-Group-II","Dino-Group-II-Clade-6","Dino-Group-II-Clade-6_X","Dino-Group-II-Clade-6_X_sp."
"ASV_3123","Eukaryota","TSAR","Alveolata","Dinoflagellata","Syndiniales","Dino-Group-II","Dino-Group-II-Clade-1","Dino-Group-II-Clade-1_X","Dino-Group-II-Clade-1_X_sp."
"ASV_3127","Eukaryota","Obazoa","Opisthokonta","Choanoflagellata","Choanoflagellatea","Acanthoecida","Stephanoecidae_Group_D","Stephanoecidae_Group_D_X","Stephanoecidae_Group_D_X_sp."
"ASV_3128","Eukaryota","TSAR","Rhizaria","Radiolaria","Polycystinea","Spumellaria","Astrosphaeridae","Cladococcus","Cladococcus_scoparius"
"ASV_3129","Eukaryota","Haptista","Haptophyta","Haptophyta_X","Prymnesiophyceae","Prymnesiophyceae_X","Prymnesiophyceae_XX","Prymnesiophyceae_XXX","Prymnesiophyceae_XXX_sp."
"ASV_3130","Eukaryota","TSAR","Rhizaria","Cercozoa","Cercozoa_X","Cercozoa_XX","Cercozoa_XXX","Cercozoa_XXXX","Cercozoa_XXXX_sp."
"ASV_3135","Eukaryota","TSAR","Alveolata","Dinoflagellata","unassigned","unassigned","unassigned","unassigned","unassigned"
"ASV_3136","Eukaryota","TSAR","Alveolata","Dinoflagellata","Syndiniales","Dino-Group-II","Dino-Group-II-Clade-10-and-11","Dino-Group-II-Clade-10-and-11_X","Dino-Group-II-Clade-10-and-11_X_sp."
"ASV_3137","Eukaryota","TSAR","Alveolata","Dinoflagellata","Syndiniales","Dino-Group-I","Dino-Group-I-Clade-5","Dino-Group-I-Clade-5_X","Dino-Group-I-Clade-5_X_sp."
"ASV_3139","Eukaryota","TSAR","Alveolata","Dinoflagellata","Dinophyceae","Gymnodiniales","Gymnodiniaceae","Gyrodinium","Gyrodinium_spirale"
"ASV_3140","Eukaryota","TSAR","Alveolata","Dinoflagellata","Syndiniales","Dino-Group-II","Dino-Group-II-Clade-5","Dino-Group-II-Clade-5_X","Dino-Group-II-Clade-5_X_sp."
"ASV_3141","Eukaryota","TSAR","Rhizaria","Cercozoa","Filosa-Thecofilosea","Filosa-Thecofilosea_X","Mataza-lineage","Mataza-lineage_X","Mataza-lineage_X_sp."
"ASV_3142","Eukaryota","TSAR","Stramenopiles","Gyrista","MOCH-2","MOCH-2_X","MOCH-2_XX","MOCH-2_XXX","MOCH-2_XXX_sp."
"ASV_3144","Eukaryota","TSAR","Alveolata","Dinoflagellata","Syndiniales","Dino-Group-II","Dino-Group-II-Clade-30","Dino-Group-II-Clade-30_X","Dino-Group-II-Clade-30_X_sp."
"ASV_3145","Eukaryota","TSAR","Alveolata","Dinoflagellata","Syndiniales","Dino-Group-III","Dino-Group-III_X","Dino-Group-III_XX","Dino-Group-III_XX_sp."
"ASV_3150","Eukaryota","TSAR","Alveolata","Dinoflagellata","Syndiniales","Dino-Group-III","Dino-Group-III_X","Dino-Group-III_XX","Dino-Group-III_XX_sp."
"ASV_3157","Eukaryota","Haptista","Haptophyta","Haptophyta_X","Prymnesiophyceae","unassigned","unassigned","unassigned","unassigned"
"ASV_3159","Eukaryota","TSAR","Alveolata","Dinoflagellata","Syndiniales","Dino-Group-II","Dino-Group-II-Clade-6","Dino-Group-II-Clade-6_X","Dino-Group-II-Clade-6_X_sp."
"ASV_3160","Eukaryota","TSAR","Alveolata","Ciliophora","Prostomatea","Prostomatea_X","Prostomatea_XX","Hexasterias","Hexasterias_problematica"
"ASV_3163","Eukaryota","TSAR","Alveolata","Dinoflagellata","Dinophyceae","Gonyaulacales","Pyrocystaceae","Alexandrium","Alexandrium_catenella"
"ASV_3165","Eukaryota","Haptista","Haptophyta","Haptophyta_X","Prymnesiophyceae","Prymnesiales","unassigned","unassigned","unassigned"
"ASV_3168","Eukaryota","TSAR","Rhizaria","Cercozoa","Filosa-Imbricatea","unassigned","unassigned","unassigned","unassigned"
"ASV_3173","Eukaryota","TSAR","Alveolata","Dinoflagellata","Syndiniales","Dino-Group-II","unassigned","unassigned","unassigned"
"ASV_3174","Eukaryota","TSAR","Alveolata","Dinoflagellata","Syndiniales","Dino-Group-I","Dino-Group-I-Clade-4","Dino-Group-I-Clade-4_X","Dino-Group-I-Clade-4_X_sp."
"ASV_3177","Eukaryota","TSAR","Stramenopiles","Gyrista","Bacillariophyceae","Naviculales","Naviculaceae","Navicula","unassigned"
"ASV_3179","Eukaryota","TSAR","Alveolata","Dinoflagellata","Syndiniales","Dino-Group-II","unassigned","unassigned","unassigned"
"ASV_3184","Eukaryota","Excavata","Discoba","Euglenozoa","Diplonemea","Diplonemida","Diplonemidae","unassigned","unassigned"
"ASV_3185","Eukaryota","TSAR","Rhizaria","Cercozoa","unassigned","unassigned","unassigned","unassigned","unassigned"
"ASV_3187","Eukaryota","TSAR","Alveolata","Ciliophora","Spirotrichea","Choreotrichida-Tintinnina","TIN_04","Tintinnopsis_04","Tintinnopsis_parvula"
"ASV_3188","Eukaryota","TSAR","Alveolata","Ciliophora","Spirotrichea","Choreotrichida","Choreotrichida_X","Choreotrichida_XX","Choreotrichida_XX_sp."
"ASV_3189","Eukaryota","TSAR","Stramenopiles","Bigyra","Sagenista","Sagenista_X","MAST-8","MAST-8B","MAST-8B_sp."
"ASV_3190","Eukaryota","TSAR","Stramenopiles","Bigyra","Opalozoa","Nanomonadea","MAST-3","MAST-3A","MAST-3A_sp."
"ASV_3191","Eukaryota","TSAR","Alveolata","Ciliophora","CONThreeP","CONThreeP_X","CONThreeP_XX","Askenasia","Askenasia_sp."
"ASV_3192","Eukaryota","TSAR","Alveolata","Dinoflagellata","Syndiniales","Dino-Group-II","Dino-Group-II-Clade-23","Dino-Group-II-Clade-23_X","Dino-Group-II-Clade-23_X_sp."
"ASV_3193","Eukaryota","Obazoa","Opisthokonta","unassigned","unassigned","unassigned","unassigned","unassigned","unassigned"
"ASV_3195","Eukaryota","TSAR","Alveolata","Dinoflagellata","Syndiniales","Dino-Group-II","Dino-Group-II-Clade-10-and-11","Dino-Group-II-Clade-10-and-11_X","Dino-Group-II-Clade-10-and-11_X_sp."
"ASV_3196","Eukaryota","TSAR","Alveolata","Apicomplexa","Apicomplexa_X","Apicomplexa_XX","Apicomplexa_XXX","Apicomplexa_XXXX","Apicomplexa_XXXX_sp."
"ASV_3197","Eukaryota","TSAR","Alveolata","unassigned","unassigned","unassigned","unassigned","unassigned","unassigned"
"ASV_3198","Eukaryota","TSAR","Alveolata","Dinoflagellata","unassigned","unassigned","unassigned","unassigned","unassigned"
"ASV_3199","Eukaryota","TSAR","Stramenopiles","Gyrista","Bolidophyceae","Parmales","Parmales_env_2","Parmales_env_2_X","Parmales_env_2_X_sp."
"ASV_3200","Eukaryota","Cryptista","Kathablepharidacea","Kathablepharida","Kathablepharidea","Kathablepharidida","Kathablepharidida_X","Leucocryptos","Leucocryptos_marina"
"ASV_3204","Eukaryota","Obazoa","Opisthokonta","Ichthyosporea","Ichthyophonida","Abeoformidae","Abeoformidae_Group_MAIP_1","Abeoformidae_Group_MAIP_1_X","Abeoformidae_Group_MAIP_1_X_sp."
"ASV_3205","Eukaryota","TSAR","Rhizaria","Cercozoa","Filosa-Thecofilosea","Cryomonadida","Protaspa-lineage","Protaspa","Protaspa_sp."
"ASV_3208","Eukaryota","Obazoa","Opisthokonta","unassigned","unassigned","unassigned","unassigned","unassigned","unassigned"
"ASV_3211","Eukaryota","TSAR","Alveolata","Dinoflagellata","Dinophyceae","unassigned","unassigned","unassigned","unassigned"
"ASV_3212","Eukaryota","TSAR","Alveolata","Dinoflagellata","Syndiniales","Dino-Group-II","Dino-Group-II-Clade-3","Dino-Group-II-Clade-3_X","Dino-Group-II-Clade-3_X_sp."
"ASV_3213","Eukaryota","TSAR","Telonemia","Telonemia_X","Telonemia_XX","Telonemia_XXX","Telonemia-Group-1","Telonema-Group-1","Telonema_sp."
"ASV_3214","Eukaryota","TSAR","Rhizaria","Cercozoa","Filosa-Thecofilosea","Cryomonadida","Cryothecomonas-lineage","Cryothecomonas","Cryothecomonas_sp."
"ASV_3215","Eukaryota","TSAR","Alveolata","Dinoflagellata","Dinophyceae","Gonyaulacales","Gonyaulacaceae","Spiniferites","Spiniferites_ramosus"
"ASV_3216","Eukaryota","TSAR","Alveolata","Dinoflagellata","Dinophyceae","Gonyaulacales","Pyrocystaceae","Alexandrium","Alexandrium_pseudogonyaulax"
"ASV_3217","Eukaryota","TSAR","Stramenopiles","Gyrista","Mediophyceae","Chaetocerotales","Chaetocerotaceae","Chaetoceros","Chaetoceros_peruvianus"
"ASV_3218","Eukaryota","Archaeplastida","Picozoa","Picozoa_subdivision_2","Picozoa_subdivision_2_X","Picozoa_subdivision_2_XX","Picozoa_subdivision_2_XXX","Picozoa_subdivision_2_XXXX","Picozoa_subdivision_2_XXXX_sp."
"ASV_3221","Eukaryota","TSAR","Alveolata","Ciliophora","Spirotrichea","Oligotrichida","Strombidiidae","Strombidiidae_X","Strombidiidae_X_sp."
"ASV_3222","Eukaryota","TSAR","Stramenopiles","Gyrista","Mediophyceae","Thalassiosirales","Thalassiosiraceae","unassigned","unassigned"
"ASV_3223","Eukaryota","TSAR","Alveolata","Dinoflagellata","Syndiniales","Dino-Group-I","Dino-Group-I-Clade-5","Dino-Group-I-Clade-5_X","Dino-Group-I-Clade-5_X_sp."
"ASV_3224","Eukaryota","TSAR","Alveolata","Dinoflagellata","Syndiniales","Dino-Group-II","Dino-Group-II-Clade-10-and-11","Dino-Group-II-Clade-10-and-11_X","Dino-Group-II-Clade-10-and-11_X_sp."
"ASV_3225","Eukaryota:nucl","Cryptista:nucl","Cryptophyta:nucl","Cryptophyta_X:nucl","Cryptophyceae:nucl","unassigned","unassigned","unassigned","unassigned"
"ASV_3226","Eukaryota","Haptista","Haptophyta","Haptophyta_X","Prymnesiophyceae","Prymnesiales","Prymnesiaceae","unassigned","unassigned"
"ASV_3227","Eukaryota","TSAR","Alveolata","Dinoflagellata","Dinophyceae","Gymnodiniales","Gymnodiniaceae","Gyrodinium","unassigned"
"ASV_3228","Eukaryota","TSAR","Alveolata","Dinoflagellata","Syndiniales","Dino-Group-III","Dino-Group-III_X","Dino-Group-III_XX","Dino-Group-III_XX_sp."
"ASV_3230","Eukaryota","TSAR","Alveolata","Ciliophora","Spirotrichea","Choreotrichida","Choreotrichida_X","Choreotrichida_XX","Choreotrichida_XX_sp."
"ASV_3231","Eukaryota","TSAR","Alveolata","Ciliophora","Spirotrichea","Choreotrichida","Choreotrichida_X","Choreotrichida_XX","Choreotrichida_XX_sp."
"ASV_3236","Eukaryota","TSAR","Alveolata","Dinoflagellata","Dinophyceae","unassigned","unassigned","unassigned","unassigned"
"ASV_3237","Eukaryota","TSAR","Alveolata","Dinoflagellata","Dinophyceae","unassigned","unassigned","unassigned","unassigned"
"ASV_3238","Eukaryota","TSAR","Alveolata","Dinoflagellata","Syndiniales","Dino-Group-I","Dino-Group-I-Clade-1","Dino-Group-I-Clade-1_X","Dino-Group-I-Clade-1_X_sp."
"ASV_3239","Eukaryota","TSAR","Alveolata","Ciliophora","Spirotrichea","Hypotrichia","unassigned","unassigned","unassigned"
"ASV_3240","Eukaryota","TSAR","Rhizaria","Cercozoa","Filosa-Thecofilosea","Cryomonadida","Protaspa-lineage","Protaspa","Protaspa_longipes"
"ASV_3245","Eukaryota","TSAR","Stramenopiles","Gyrista","Mediophyceae","Lithodesmiales","Lithodesmiaceae","Helicotheca","unassigned"
"ASV_3249","Eukaryota","TSAR","Rhizaria","Cercozoa","Filosa-Thecofilosea","Cryomonadida","Protaspa-lineage","Protaspa","Protaspa_longipes"
"ASV_3255","Eukaryota","Archaeplastida","Picozoa","Picozoa_subdivision_2","Picozoa_subdivision_2_X","Picozoa_subdivision_2_XX","Picozoa_subdivision_2_XXX","Picozoa_subdivision_2_XXXX","Picozoa_subdivision_2_XXXX_sp."
"ASV_3256","Eukaryota","TSAR","Stramenopiles","Bigyra","Sagenista","Labyrinthulomycetes","Thraustochytriaceae","Thraustochytriaceae_LAB17","Thraustochytriaceae_LAB17_sp."
"ASV_3257","Eukaryota","TSAR","Alveolata","Dinoflagellata","Dinophyceae","Peridiniales","Amphidiniopsidaceae","Islandinium","Islandinium_tricingulatum"
"ASV_3258","Eukaryota","TSAR","Alveolata","Dinoflagellata","Syndiniales","Dino-Group-II","Dino-Group-II-Clade-10-and-11","Dino-Group-II-Clade-10-and-11_X","Dino-Group-II-Clade-10-and-11_X_sp."
"ASV_3259","Eukaryota","TSAR","Stramenopiles","Gyrista","Bacillariophyceae","Naviculales","unassigned","unassigned","unassigned"
"ASV_3260","Eukaryota","TSAR","Rhizaria","Cercozoa","Filosa-Thecofilosea","Ebriacea","TAGIRI1-lineage","TAGIRI1-lineage_X","TAGIRI1-lineage_X_sp."
"ASV_3261","Eukaryota","Archaeplastida","Chlorophyta","Chlorophyta_X","Nephroselmidophyceae","Nephroselmidales","Nephroselmidales_X","Nephroselmis","Nephroselmis_pyriformis"
"ASV_3262","Eukaryota","TSAR","Stramenopiles","Gyrista","Mediophyceae","Thalassiosirales","Thalassiosiraceae","Thalassiosira","Thalassiosira_anguste-lineata"
"ASV_3263","Eukaryota","Obazoa","Opisthokonta","Ichthyosporea","Ichthyophonida","Abeoformidae","Abeoformidae_Group_MAIP_1","Abeoformidae_Group_MAIP_1_X","Abeoformidae_Group_MAIP_1_X_sp."
"ASV_3265","Eukaryota","Haptista","Haptophyta","Haptophyta_X","Prymnesiophyceae","Prymnesiales","Chrysochromulinaceae","Chrysochromulina","Chrysochromulina_sp."
"ASV_3266","Eukaryota","TSAR","Alveolata","Ciliophora","Spirotrichea","Choreotrichida","Strobilidiidae","Strobilidiidae_X","Strobilidiidae_X_sp."
"ASV_3267","Eukaryota","Archaeplastida","Chlorophyta","Chlorophyta_X","Chlorodendrophyceae","Chlorodendrales","Chlorodendraceae","Chlorodendrales_XX","Chlorodendrales_X_sp."
"ASV_3268","Eukaryota","TSAR","unassigned","unassigned","unassigned","unassigned","unassigned","unassigned","unassigned"
"ASV_3273","Eukaryota","TSAR","Telonemia","Telonemia_X","Telonemia_XX","Telonemia_XXX","Telonemia-Group-2","Telonemia-Group-2_X","Telonemia-Group-2_X_sp."
"ASV_3274","Eukaryota","Excavata","Discoba","Euglenozoa","Diplonemea","Diplonemida","Diplonemidae","unassigned","unassigned"
"ASV_3275","Eukaryota","TSAR","Alveolata","Dinoflagellata","Dinophyceae","Peridiniales","unassigned","unassigned","unassigned"
"ASV_3276","Eukaryota","TSAR","Rhizaria","Cercozoa","Filosa-Thecofilosea","Cryomonadida","Protaspa-lineage","Protaspa-lineage_X","Protaspa-lineage_X_sp."
"ASV_3277","Eukaryota","TSAR","Alveolata","Dinoflagellata","unassigned","unassigned","unassigned","unassigned","unassigned"
"ASV_3278","Eukaryota","Excavata","Discoba","Euglenozoa","Euglenophyceae","Eutreptiales","Eutreptiaceae","Eutreptiella","Eutreptiella_eupharyngea"
"ASV_3280","Eukaryota","TSAR","Stramenopiles","Bigyra","Sagenista","Pseudophyllomitidae","MAST-6","MAST-6_X","MAST-6_X_sp."
"ASV_3281","Eukaryota","TSAR","Alveolata","Dinoflagellata","Dinophyceae","Peridiniales","unassigned","unassigned","unassigned"
"ASV_3282","Eukaryota","TSAR","Alveolata","Dinoflagellata","Syndiniales","Dino-Group-II","Dino-Group-II-Clade-12","Dino-Group-II-Clade-12_X","Dino-Group-II-Clade-12_X_sp."
"ASV_3284","Eukaryota","TSAR","Alveolata","Dinoflagellata","Dinophyceae","unassigned","unassigned","unassigned","unassigned"
"ASV_3286","Eukaryota","Haptista","Haptophyta","Haptophyta_X","Prymnesiophyceae","Phaeocystales","Phaeocystaceae","Phaeocystis","Phaeocystis_cordata"
"ASV_3288","Eukaryota","TSAR","Stramenopiles","Gyrista","Gyrista_X","Gyrista_XX","MAST-1","MAST-1A","MAST-1A_sp."
"ASV_3289","Eukaryota","TSAR","Alveolata","Dinoflagellata","Dinophyceae","Gymnodiniales","Gymnodiniaceae","Gymnodinium","Gymnodinium_sp."
"ASV_3290","Eukaryota","TSAR","Stramenopiles","Gyrista","Coscinodiscophyceae","Asterolamprales","Asterolampraceae","Asteromphalus","Asteromphalus_sp."
"ASV_3291","Eukaryota","TSAR","Alveolata","Dinoflagellata","Syndiniales","Dino-Group-II","Dino-Group-II-Clade-10-and-11","Dino-Group-II-Clade-10-and-11_X","Dino-Group-II-Clade-10-and-11_X_sp."
"ASV_3295","Eukaryota","TSAR","Stramenopiles","Gyrista","Bacillariophyceae","Bacillariales","Bacillariaceae","Cylindrotheca","Cylindrotheca_closterium"
"ASV_3296","Eukaryota","TSAR","Alveolata","Ciliophora","Spirotrichea","Choreotrichida-Tintinnina","Tintinnidae","Amphorides","Amphorides_quadrilineata"
"ASV_3299","Eukaryota","TSAR","Stramenopiles","Bigyra","Sagenista","unassigned","unassigned","unassigned","unassigned"
"ASV_3301","Eukaryota","Archaeplastida","Chlorophyta","Chlorophyta_X","Mamiellophyceae","Dolichomastigales","unassigned","unassigned","unassigned"
"ASV_3302","Eukaryota","TSAR","Alveolata","Ciliophora","Spirotrichea","Choreotrichida-Tintinnina","Eutintinnidae","Eutintinnus","Eutintinnus_pectinis"
"ASV_3303","Eukaryota","TSAR","Stramenopiles","unassigned","unassigned","unassigned","unassigned","unassigned","unassigned"
"ASV_3304","Eukaryota","TSAR","Alveolata","Dinoflagellata","Dinophyceae","unassigned","unassigned","unassigned","unassigned"
"ASV_3305","Eukaryota","TSAR","Stramenopiles","Gyrista","Chrysophyceae","Ochromonadales","Ochromonadales_X","Ochromonadales_XX","Ochromonadales_XX_sp."
"ASV_3308","Eukaryota","TSAR","Alveolata","Dinoflagellata","Syndiniales","Dino-Group-II","Dino-Group-II-Clade-25","Dino-Group-II-Clade-25_X","Dino-Group-II-Clade-25_X_sp."
"ASV_3310","Eukaryota","TSAR","Alveolata","Dinoflagellata","Dinophyceae","unassigned","unassigned","unassigned","unassigned"
"ASV_3311","Eukaryota","TSAR","Alveolata","Ciliophora","Spirotrichea","Oligotrichida","Oligotrichida_X","Oligotrichida_XX","Oligotrichida_XX_sp."
"ASV_3312","Eukaryota","TSAR","Alveolata","Dinoflagellata","Syndiniales","Dino-Group-II","Dino-Group-II-Clade-10-and-11","Dino-Group-II-Clade-10-and-11_X","Dino-Group-II-Clade-10-and-11_X_sp."
"ASV_3313","Eukaryota","TSAR","Stramenopiles","Bigyra","Sagenista","Sagenista_X","MAST-11","MAST-11_X","MAST-11_X_sp."
"ASV_3314","Eukaryota","TSAR","Rhizaria","Radiolaria","Acantharea","Acantharea_4","Acantharea_4d","Acantharea_4d_X","Acantharea_4d_X_sp."
"ASV_3315","Eukaryota","TSAR","Alveolata","Dinoflagellata","Dinophyceae","Gymnodiniales","Gymnodiniaceae","Gyrodinium","unassigned"
"ASV_3317","Eukaryota","TSAR","Stramenopiles","Gyrista","Mediophyceae","Chaetocerotales","Chaetocerotaceae","Chaetoceros","Chaetoceros_similis"
"ASV_3318","Eukaryota","Haptista","Haptophyta","Haptophyta_X","Prymnesiophyceae","Phaeocystales","Phaeocystaceae","Phaeocystis","Phaeocystis_sp."
"ASV_3319","Eukaryota","Haptista","Haptophyta","Haptophyta_X","Prymnesiophyceae","Phaeocystales","Phaeocystaceae","Phaeocystis","Phaeocystis_jahnii"
"ASV_3325","Eukaryota","TSAR","Stramenopiles","Gyrista","Peronosporomycetes","Peronosporomycetes_X","Peronosporomycetes_XX","Peronosporomycetes_XXX","Peronosporomycetes_XXX_sp."
"ASV_3329","Eukaryota","TSAR","Rhizaria","Cercozoa","Filosa-Imbricatea","Filosa-Imbricatea_X","Novel-clade-2","Novel-clade-2_X","Novel-clade-2_X_sp."
"ASV_3330","Eukaryota","TSAR","Stramenopiles","Gyrista","Bacillariophyceae","Naviculales","Plagiotropidaceae","Meuniera","Meuniera_membranacea"
"ASV_3338","Eukaryota","TSAR","Stramenopiles","Gyrista","Coscinodiscophyceae","Rhizosoleniales","Rhizosoleniaceae","Rhizosolenia","Rhizosolenia_similoides"
"ASV_3342","Eukaryota","Haptista","Haptophyta","Haptophyta_X","Prymnesiophyceae","Phaeocystales","Phaeocystaceae","Phaeocystis","Phaeocystis_sp."
"ASV_3343","Eukaryota","TSAR","Alveolata","Dinoflagellata","Dinophyceae","unassigned","unassigned","unassigned","unassigned"
"ASV_3345","Eukaryota","TSAR","Alveolata","Dinoflagellata","Dinophyceae","Prorocentrales","Prorocentraceae","Prorocentrum","Prorocentrum_sp."
"ASV_3346","Eukaryota","TSAR","Stramenopiles","Gyrista","Phaeophyceae","Phaeophyceae_X","Phaeophyceae_XX","Sargassum","Sargassum_thunbergii"
"ASV_3348","Eukaryota","TSAR","Alveolata","Ciliophora","Spirotrichea","Oligotrichida","Strombidiidae","unassigned","unassigned"
"ASV_3352","Eukaryota","TSAR","Rhizaria","Cercozoa","Filosa-Imbricatea","Thaumatomonadida","Thaumatomonadida_X","Thaumatomonadida_XX","Thaumatomonadida_XX_sp."
"ASV_3354","Eukaryota","TSAR","Alveolata","Dinoflagellata","Dinophyceae","Peridiniales","Blastodiniaceae","Blastodinium","Blastodinium_mangini"
"ASV_3355","Eukaryota","TSAR","Stramenopiles","Bigyra","Sagenista","Sagenista_X","MAST-11","MAST-11_X","MAST-11_X_sp."
"ASV_3360","Eukaryota","TSAR","Alveolata","Dinoflagellata","Dinophyceae","Peridiniales","Thoracosphaeraceae","Thoracosphaeraceae_X","Thoracosphaeraceae_X_sp."
"ASV_3361","Eukaryota","TSAR","Rhizaria","Cercozoa","Filosa-Thecofilosea","Ventricleftida","Ventrifissuridae","Ventrifissuridae_X","Ventrifissuridae_X_sp."
"ASV_3363","Eukaryota","TSAR","Alveolata","Dinoflagellata","Syndiniales","Dino-Group-II","Dino-Group-II-Clade-1","Dino-Group-II-Clade-1_X","Dino-Group-II-Clade-1_X_sp."
"ASV_3364","Eukaryota","TSAR","Alveolata","Dinoflagellata","Dinophyceae","Peridiniales","Blastodiniaceae","Blastodinium","Blastodinium_mangini"
"ASV_3365","Eukaryota","TSAR","Rhizaria","Cercozoa","Filosa-Thecofilosea","Ventricleftida","CCW10-lineage","CCW10-lineage_X","CCW10-lineage_X_sp."
"ASV_3366","Eukaryota","TSAR","Stramenopiles","Bigyra","Opalozoa","unassigned","unassigned","unassigned","unassigned"
"ASV_3368","Eukaryota","TSAR","Stramenopiles","Gyrista","Gyrista_X","Gyrista_XX","MAST-2","MAST-2B","MAST-2B_sp."
"ASV_3371","Eukaryota","TSAR","Rhizaria","Cercozoa","Endomyxa-Ascetosporea","Paradinida","Paradinidae","unassigned","unassigned"
"ASV_3372","Eukaryota","TSAR","Alveolata","Dinoflagellata","Syndiniales","Dino-Group-I","Dino-Group-I-Clade-4","Dino-Group-I-Clade-4_X","Dino-Group-I-Clade-4_X_sp."
"ASV_3373","Eukaryota","TSAR","Stramenopiles","Gyrista","Chrysophyceae","Chrysophyceae_Clade-EC2H","Chrysophyceae_Clade-EC2H_X","Chrysophyceae_Clade-EC2H_XX","Chrysophyceae_Clade-EC2H_XX_sp."
"ASV_3377","Eukaryota","TSAR","Alveolata","Ciliophora","Spirotrichea","Oligotrichida","Oligotrichida_X","Oligotrichida_XX","Oligotrichida_XX_sp."
"ASV_3378","Eukaryota","TSAR","Stramenopiles","Bigyra","Sagenista","Labyrinthulomycetes","Thraustochytriaceae","Thraustochytriaceae_LAB17","Thraustochytriaceae_LAB17_sp."
"ASV_3382","Eukaryota","TSAR","Stramenopiles","Gyrista","Mediophyceae","Chaetocerotales","Chaetocerotaceae","Chaetoceros","Chaetoceros_lorenzianus-2"
"ASV_3383","Eukaryota","TSAR","Alveolata","Dinoflagellata","Dinophyceae","Gymnodiniales","Gymnodiniaceae","Gymnodinium","Gymnodinium_sp."
"ASV_3384","Eukaryota","TSAR","Stramenopiles","Gyrista","Mediophyceae","Thalassiosirales","Thalassiosiraceae","Thalassiosira","unassigned"
"ASV_3386","Eukaryota","TSAR","Alveolata","Dinoflagellata","Syndiniales","Dino-Group-II","Dino-Group-II-Clade-1","Dino-Group-II-Clade-1_X","Dino-Group-II-Clade-1_X_sp."
"ASV_3389","Eukaryota","TSAR","Alveolata","Dinoflagellata","Syndiniales","Dino-Group-II","unassigned","unassigned","unassigned"
"ASV_3391","Eukaryota","TSAR","Stramenopiles","Gyrista","Bacillariophyceae","Bacillariales","Bacillariaceae","Cylindrotheca","unassigned"
"ASV_3393","Eukaryota","TSAR","Alveolata","Dinoflagellata","Dinophyceae","Gymnodiniales","Kareniaceae","unassigned","unassigned"
"ASV_3395","Eukaryota","TSAR","Alveolata","Dinoflagellata","Dinophyceae","unassigned","unassigned","unassigned","unassigned"
"ASV_3396","Eukaryota:nucl","Cryptista:nucl","Cryptophyta:nucl","Cryptophyta_X:nucl","Cryptophyceae:nucl","Cryptomonadales:nucl","Cryptomonadales_X:nucl","unassigned","unassigned"
"ASV_3398","Eukaryota","TSAR","Alveolata","Dinoflagellata","Dinophyceae","Peridiniales","Thoracosphaeraceae","unassigned","unassigned"
"ASV_3400","Eukaryota","TSAR","Alveolata","Dinoflagellata","Syndiniales","Dino-Group-I","Dino-Group-I-Clade-5","Dino-Group-I-Clade-5_X","Dino-Group-I-Clade-5_X_sp."
"ASV_3401","Eukaryota","TSAR","Stramenopiles","Bigyra","Sagenista","Labyrinthulomycetes","Thraustochytriaceae","Thraustochytriaceae_LAB17","Thraustochytriaceae_LAB17_sp."
"ASV_3405","Eukaryota","Haptista","Haptophyta","Haptophyta_X","Prymnesiophyceae","Prymnesiales","Chrysochromulinaceae","Chrysochromulina","Chrysochromulina_sp."
"ASV_3406","Eukaryota","Haptista","Haptophyta","Haptophyta_X","Prymnesiophyceae","Prymnesiales","unassigned","unassigned","unassigned"
"ASV_3409","Eukaryota","TSAR","Alveolata","Dinoflagellata","Dinophyceae","Prorocentrales","Prorocentraceae","Prorocentrum","Prorocentrum_cordatum"
"ASV_3410","Eukaryota","TSAR","Rhizaria","Radiolaria","Acantharea","Acantharea_E","Acantharea_E_X","Acantharea_E_XX","Acantharea_E_XX_sp."
"ASV_3411","Eukaryota","TSAR","Alveolata","Dinoflagellata","Syndiniales","Dino-Group-II","Dino-Group-II-Clade-1","Dino-Group-II-Clade-1_X","Dino-Group-II-Clade-1_X_sp."
"ASV_3413","Eukaryota","TSAR","Alveolata","Dinoflagellata","Syndiniales","Dino-Group-II","Dino-Group-II-Clade-6","Dino-Group-II-Clade-6_X","Dino-Group-II-Clade-6_X_sp."
"ASV_3414","Eukaryota","TSAR","Alveolata","Dinoflagellata","Dinophyceae","Gonyaulacales","Gonyaulacaceae","Spiniferites","Spiniferites_ramosus"
"ASV_3415","Eukaryota","Haptista","Haptophyta","Haptophyta_X","Prymnesiophyceae","Prymnesiales","unassigned","unassigned","unassigned"
"ASV_3416","Eukaryota","TSAR","Stramenopiles","Gyrista","Dictyochophyceae","Dictyochophyceae_X","Florenciellales","Florenciellales_X","Florenciellales_X_sp."
"ASV_3418","Eukaryota","TSAR","Alveolata","Dinoflagellata","Syndiniales","Dino-Group-I","Dino-Group-I-Clade-7","Dino-Group-I-Clade-7_X","Dino-Group-I-Clade-7_X_sp."
"ASV_3420","Eukaryota","Obazoa","Opisthokonta","unassigned","unassigned","unassigned","unassigned","unassigned","unassigned"
"ASV_3423","Eukaryota","TSAR","Alveolata","Dinoflagellata","Dinophyceae","Gymnodiniales","Kareniaceae","Karlodinium","Karlodinium_veneficum"
"ASV_3424","Eukaryota","TSAR","Stramenopiles","Gyrista","Pelagophyceae","Pelagomonadales","Pelagomonadales_clade_A","Pelagomonadales_clade_A3","Pelagomonadales_clade_A3_sp."
"ASV_3425","Eukaryota","TSAR","Stramenopiles","Gyrista","Phaeophyceae","Phaeophyceae_X","Phaeophyceae_XX","Scytosiphon","Scytosiphon_lomentaria"
"ASV_3426","Eukaryota","TSAR","Stramenopiles","Gyrista","Mediophyceae","Cymatosirales","Cymatosiraceae","unassigned","unassigned"
"ASV_3427","Eukaryota","TSAR","Stramenopiles","Gyrista","Bacillariophyceae","Bacillariophyceae_X","Bacillariophyceae_XX","Bacillariophyceae_XXX","Bacillariophyceae_XXX_sp."
"ASV_3428","Eukaryota","TSAR","Alveolata","Dinoflagellata","Syndiniales","Dino-Group-II","Dino-Group-II-Clade-27","Dino-Group-II-Clade-27_X","Dino-Group-II-Clade-27_X_sp."
"ASV_3435","Eukaryota","TSAR","Alveolata","Dinoflagellata","Dinophyceae","unassigned","unassigned","unassigned","unassigned"
"ASV_3440","Eukaryota","TSAR","Alveolata","Dinoflagellata","Syndiniales","Dino-Group-II","Dino-Group-II-Clade-39","Dino-Group-II-Clade-39_X","Dino-Group-II-Clade-39_X_sp."
"ASV_3443","Eukaryota","Cryptista","Cryptophyta","Cryptophyta_X","Cryptophyceae","Cryptomonadales","Cryptomonadales_X","Teleaulax","Teleaulax_amphioxeia"
"ASV_3446","Eukaryota","TSAR","Rhizaria","Cercozoa","Filosa-Thecofilosea","Cryomonadida","Protaspa-lineage","Protaspa-lineage_X","Protaspa-lineage_X_sp."
"ASV_3448","Eukaryota","Obazoa","Opisthokonta","unassigned","unassigned","unassigned","unassigned","unassigned","unassigned"
"ASV_3450","Eukaryota","TSAR","Telonemia","Telonemia_X","Telonemia_XX","Telonemia_XXX","Telonemia-Group-2","Telonemia-Group-2_X","Telonemia-Group-2_X_sp."
"ASV_3451","Eukaryota","TSAR","Alveolata","Dinoflagellata","Syndiniales","Dino-Group-II","Dino-Group-II-Clade-47","Dino-Group-II-Clade-47_X","Dino-Group-II-Clade-47_X_sp."
"ASV_3454","Eukaryota","TSAR","Stramenopiles","Gyrista","Peronosporomycetes","Peronosporomycetes_X","Olpidophydiales","Olpidiopsis","Olpidiopsis_sp."
"ASV_3456","Eukaryota","TSAR","Alveolata","Ciliophora","Spirotrichea","Choreotrichida","unassigned","unassigned","unassigned"
"ASV_3457","Eukaryota","TSAR","Alveolata","Dinoflagellata","Noctilucophyceae","Noctilucales","Noctilucaceae","Noctiluca","Noctiluca_scintillans"
"ASV_3459","Eukaryota","TSAR","Rhizaria","Cercozoa","Filosa-Thecofilosea","Ventricleftida","CCW10-lineage","CCW10-lineage_X","CCW10-lineage_X_sp."
"ASV_3460","Eukaryota","TSAR","Rhizaria","Cercozoa","Filosa-Imbricatea","Marimonadida","Marimonadida_X","Marimonadida_XX","Marimonadida_XX_sp."
"ASV_3461","Eukaryota","TSAR","Stramenopiles","Gyrista","Bacillariophyceae","Naviculales","Pleurosigmataceae","Pleurosigma","Pleurosigma_sp."
"ASV_3462","Eukaryota","TSAR","Alveolata","Apicomplexa","Gregarinomorphea","Eugregarinorida","Lecudinidae","Lankesteria","Lankesteria_chelyosomae"
"ASV_3463","Eukaryota","Excavata","Discoba","Euglenozoa","unassigned","unassigned","unassigned","unassigned","unassigned"
"ASV_3464","Eukaryota","TSAR","Alveolata","Apicomplexa","Gregarinomorphea","Eugregarinorida","Lecudinidae","Lankesteria","Lankesteria_chelyosomae"
"ASV_3465","Eukaryota","TSAR","Stramenopiles","Gyrista","Coscinodiscophyceae","Paraliales","Paraliaceae","Paralia","Paralia_sulcata"
"ASV_3466","Eukaryota","TSAR","Alveolata","Ciliophora","Spirotrichea","Choreotrichida","Choreotrichida_X","Choreotrichida_XX","Choreotrichida_XX_sp."
"ASV_3467","Eukaryota:nucl","Cryptista:nucl","Cryptophyta:nucl","Cryptophyta_X:nucl","Cryptophyceae:nucl","Cryptomonadales:nucl","Hemiselmidaceae:nucl","Hemiselmis:nucl","Hemiselmis_cryptochromatica:nucl"
"ASV_3468","Eukaryota","TSAR","Alveolata","Dinoflagellata","Syndiniales","Dino-Group-II","Dino-Group-II-Clade-16","Dino-Group-II-Clade-16_X","Dino-Group-II-Clade-16_X_sp."
"ASV_3469","Eukaryota","TSAR","Alveolata","Dinoflagellata","Syndiniales","Dino-Group-I","Dino-Group-I-Clade-4","Dino-Group-I-Clade-4_X","Dino-Group-I-Clade-4_X_sp."
"ASV_3470","Eukaryota","TSAR","Alveolata","Dinoflagellata","Dinophyceae","Peridiniales","Blastodiniaceae","Blastodinium","Blastodinium_contortum"
"ASV_3471","Eukaryota","TSAR","Alveolata","Dinoflagellata","Dinophyceae","unassigned","unassigned","unassigned","unassigned"
"ASV_3472","Eukaryota","TSAR","Stramenopiles","Gyrista","Peronosporomycetes","Peronosporomycetes_X","unassigned","unassigned","unassigned"
"ASV_3473","Eukaryota","TSAR","Alveolata","Dinoflagellata","Dinophyceae","Peridiniales","unassigned","unassigned","unassigned"
"ASV_3475","Eukaryota","TSAR","Alveolata","Dinoflagellata","Dinophyceae","Gymnodiniales","Gymnodiniaceae","Gymnodinium","Gymnodinium_sp."
"ASV_3476","Eukaryota","TSAR","Stramenopiles","Gyrista","Chrysophyceae","Chrysophyceae_X","Chrysophyceae_XX","Chrysophyceae_XXX","Chrysophyceae_XXX_sp."
"ASV_3478","Eukaryota","TSAR","Rhizaria","Cercozoa","unassigned","unassigned","unassigned","unassigned","unassigned"
"ASV_3481","Eukaryota","TSAR","Rhizaria","Cercozoa","Filosa-Thecofilosea","Cryomonadida","Protaspa-lineage","Protaspa","Protaspa_longipes"
"ASV_3482","Eukaryota","TSAR","Alveolata","Ciliophora","Spirotrichea","Choreotrichida","Choreotrichida_X","Choreotrichida_XX","Choreotrichida_XX_sp."
"ASV_3483","Eukaryota","Obazoa","Opisthokonta","Choanoflagellata","Choanoflagellatea","Craspedida","Monosigidae_Group_A","Choanoeca","Choanoeca_perplexa"
"ASV_3485","Eukaryota","TSAR","Alveolata","Ciliophora","Spirotrichea","Choreotrichida","Strombidinopsidae","Strombidinopsis","Strombidinopsis_acuminata"
"ASV_3486","Eukaryota","TSAR","Rhizaria","Cercozoa","Filosa-Imbricatea","Filosa-Imbricatea_X","Novel-clade-2","Novel-clade-2_X","Novel-clade-2_X_sp."
"ASV_3487","Eukaryota","TSAR","Alveolata","Dinoflagellata","Syndiniales","Dino-Group-III","Dino-Group-III_X","Dino-Group-III_XX","Dino-Group-III_XX_sp."
"ASV_3490","Eukaryota","TSAR","Rhizaria","Cercozoa","Filosa-Thecofilosea","Cryomonadida","Protaspa-lineage","Protaspa","Protaspa_longipes"
"ASV_3491","Eukaryota","TSAR","Alveolata","Ciliophora","Oligohymenophorea","Scuticociliatia_1","Philasterida","unassigned","unassigned"
"ASV_3494","Eukaryota","TSAR","Alveolata","Dinoflagellata","Dinophyceae","unassigned","unassigned","unassigned","unassigned"
"ASV_3495","Eukaryota","TSAR","Stramenopiles","Gyrista","MOCH-2","MOCH-2_X","MOCH-2_XX","MOCH-2_XXX","MOCH-2_XXX_sp."
"ASV_3496","Eukaryota","TSAR","Alveolata","Dinoflagellata","Dinophyceae","Gymnodiniales","Gymnodiniaceae","Akashiwo","Akashiwo_sanguinea"
"ASV_3497","Eukaryota","TSAR","Alveolata","Dinoflagellata","Syndiniales","Dino-Group-II","Dino-Group-II-Clade-12","Dino-Group-II-Clade-12_X","Dino-Group-II-Clade-12_X_sp."
"ASV_3498","Eukaryota","Archaeplastida","Chlorophyta","Chlorophyta_X","Pyramimonadophyceae","Pyramimonadales","Pyramimonadaceae","Pyramimonas","unassigned"
"ASV_3499","Eukaryota","TSAR","unassigned","unassigned","unassigned","unassigned","unassigned","unassigned","unassigned"
"ASV_3500","Eukaryota","TSAR","Alveolata","Dinoflagellata","Syndiniales","Dino-Group-I","Dino-Group-I-Clade-1","Dino-Group-I-Clade-1_X","Dino-Group-I-Clade-1_X_sp."
"ASV_3502","Eukaryota","TSAR","unassigned","unassigned","unassigned","unassigned","unassigned","unassigned","unassigned"
"ASV_3503","Eukaryota","Archaeplastida","Picozoa","Picozoa_subdivision_3","Picozoa_subdivision_3_X","Picozoa_subdivision_3_XX","Picozoa_subdivision_3_XXX","Picozoa_subdivision_3_XXXX","Picozoa_subdivision_3_XXXX_sp."
"ASV_3504","Eukaryota","Cryptista","Kathablepharidacea","Kathablepharida","Kathablepharidea","Kathablepharidida","Kathablepharidida_X","Kathablepharidida_XX","Kathablepharidida_XX_sp."
"ASV_3505","Eukaryota","TSAR","Rhizaria","Cercozoa","Filosa-Thecofilosea","Cryomonadida","Protaspa-lineage","Protaspa-lineage_X","Protaspa-lineage_X_sp."
"ASV_3506","Eukaryota","TSAR","Rhizaria","Radiolaria","Polycystinea","Spumellaria","Spumellaria_1","Spumellaria_1_X","Spumellaria_1_X_sp."
"ASV_3507","Eukaryota","TSAR","Alveolata","Dinoflagellata","Dinophyceae","unassigned","unassigned","unassigned","unassigned"
"ASV_3509","Eukaryota","Obazoa","Opisthokonta","unassigned","unassigned","unassigned","unassigned","unassigned","unassigned"
"ASV_3510","Eukaryota","TSAR","Alveolata","Dinoflagellata","Dinophyceae","Peridiniales","Thoracosphaeraceae","Scrippsiella","Scrippsiella_acuminata"
"ASV_3511","Eukaryota","TSAR","Stramenopiles","Gyrista","Coscinodiscophyceae","Coscinodiscales","Hemidiscaceae","Actinocyclus","Actinocyclus_sp."
"ASV_3512","Eukaryota","TSAR","Stramenopiles","Gyrista","Bacillariophyceae","Naviculales","unassigned","unassigned","unassigned"
"ASV_3513","Eukaryota","TSAR","Alveolata","Dinoflagellata","Dinophyceae","Gymnodiniales","Gymnodiniaceae","Gyrodinium","Gyrodinium_fusiforme"
"ASV_3515","Eukaryota","TSAR","Alveolata","Ciliophora","Oligohymenophorea","Peritrichia_2","unassigned","unassigned","unassigned"
"ASV_3516","Eukaryota","TSAR","Alveolata","Dinoflagellata","Syndiniales","Dino-Group-II","Dino-Group-II-Clade-12","Dino-Group-II-Clade-12_X","Dino-Group-II-Clade-12_X_sp."
"ASV_3517","Eukaryota","TSAR","Stramenopiles","Bigyra","Sagenista","Sagenista_X","MAST-8","MAST-8A","MAST-8A_sp."
"ASV_3518","Eukaryota","Obazoa","Opisthokonta","Choanoflagellata","Choanoflagellatea","Acanthoecida","Stephanoecidae_Group_H","Stephanoecidae_Group_H_X","Stephanoecidae_Group_H_X_sp."
"ASV_3521","Eukaryota","Obazoa","Opisthokonta","Choanoflagellata","Choanoflagellatea","Acanthoecida","Stephanoecidae_Group_H","Stephanoecidae_Group_H_X","Stephanoecidae_Group_H_X_sp."
"ASV_3524","Eukaryota","TSAR","Stramenopiles","Gyrista","Coscinodiscophyceae","Rhizosoleniales","Rhizosoleniaceae","Rhizosolenia","Rhizosolenia_imbricata"
"ASV_3525","Eukaryota","TSAR","Alveolata","Dinoflagellata","Syndiniales","Dino-Group-II","Dino-Group-II-Clade-13","Dino-Group-II-Clade-13_X","Dino-Group-II-Clade-13_X_sp."
"ASV_3526","Eukaryota","TSAR","Alveolata","Dinoflagellata","Dinophyceae","Gymnodiniales","Gymnodiniaceae","Gyrodinium","Gyrodinium_fusiforme"
"ASV_3527","Eukaryota","TSAR","Stramenopiles","Gyrista","Pelagophyceae","Pelagomonadales","Pelagomonadaceae","Pelagococcus","Pelagococcus_subviridis"
"ASV_3528","Eukaryota","TSAR","Stramenopiles","Gyrista","Mediophyceae","Cymatosirales","Cymatosiraceae","Arcocellulus","Arcocellulus_mammifer"
"ASV_3530","Eukaryota","TSAR","Alveolata","Dinoflagellata","Dinophyceae","Peridiniales","unassigned","unassigned","unassigned"
"ASV_3532","Eukaryota","TSAR","Alveolata","Ciliophora","Spirotrichea","Choreotrichida-Tintinnina","Tintinnidiidae","Antetintinnidium","Antetintinnidium_mucicola"
"ASV_3533","Eukaryota","TSAR","Alveolata","Dinoflagellata","Syndiniales","Dino-Group-II","Dino-Group-II-Clade-6","Dino-Group-II-Clade-6_X","Dino-Group-II-Clade-6_X_sp."
"ASV_3535","Eukaryota","TSAR","Stramenopiles","Gyrista","Mediophyceae","Thalassiosirales","Thalassiosiraceae","Minidiscus","Minidiscus_trioculatus"
"ASV_3537","Eukaryota","TSAR","Alveolata","Dinoflagellata","Noctilucophyceae","Noctilucales","Noctilucaceae","Noctiluca","Noctiluca_scintillans"
"ASV_3539","Eukaryota","Obazoa","Opisthokonta","Choanoflagellata","Choanoflagellatea","Acanthoecida","unassigned","unassigned","unassigned"
"ASV_3540","Eukaryota","TSAR","Stramenopiles","Gyrista","Gyrista_X","Gyrista_XX","MAST-1","MAST-1C","MAST-1C_sp."
"ASV_3542","Eukaryota","TSAR","Alveolata","Dinoflagellata","Syndiniales","Dino-Group-II","Dino-Group-II-Clade-30","Dino-Group-II-Clade-30_X","Dino-Group-II-Clade-30_X_sp."
"ASV_3543","Eukaryota","TSAR","Alveolata","Ciliophora","CONThreeP","CONThreeP_X","Discotrichidae","NASSO_1","NASSO_1_sp."
"ASV_3549","Eukaryota","TSAR","Alveolata","Dinoflagellata","Dinophyceae","Gonyaulacales","Pyrocystaceae","Alexandrium","Alexandrium_insuetum"
"ASV_3552","Eukaryota","Archaeplastida","unassigned","unassigned","unassigned","unassigned","unassigned","unassigned","unassigned"
"ASV_3553","Eukaryota","TSAR","Alveolata","Dinoflagellata","Dinophyceae","Gonyaulacales","Gonyaulacaceae","Gonyaulax","Gonyaulax_whaseongensis"
"ASV_3555","Eukaryota","TSAR","unassigned","unassigned","unassigned","unassigned","unassigned","unassigned","unassigned"
"ASV_3556","Eukaryota","Archaeplastida","Chlorophyta","Chlorophyta_X","Pyramimonadophyceae","Pyramimonadales","Pyramimonadaceae","Pyramimonas","Pyramimonas_sp."
"ASV_3557","Eukaryota","Obazoa","Opisthokonta","Choanoflagellata","Choanoflagellatea","Acanthoecida","Acanthoecidae_Group_G","Calliacantha","Calliacantha_longicaudata"
"ASV_3558","Eukaryota","TSAR","Rhizaria","Cercozoa","Chlorarachniophyceae","Chlorarachniophyceae_X","NPK2-lineage","NPK2-lineage_X","NPK2-lineage_X_sp."
"ASV_3559","Eukaryota","TSAR","Alveolata","Dinoflagellata","Syndiniales","Dino-Group-II","Dino-Group-II-Clade-17","Dino-Group-II-Clade-17_X","Dino-Group-II-Clade-17_X_sp."
"ASV_3560","Eukaryota","TSAR","Telonemia","Telonemia_X","Telonemia_XX","Telonemia_XXX","Telonemia-Group-2","Telonemia-Group-2_X","Telonemia-Group-2_X_sp."
"ASV_3561","Eukaryota","TSAR","Alveolata","Dinoflagellata","Dinophyceae","Gymnodiniales","Gymnodiniaceae","unassigned","unassigned"
"ASV_3562","Eukaryota","TSAR","Stramenopiles","Gyrista","Mediophyceae","Hemiaulales","Hemiaulaceae","Hemiaulus","Hemiaulus_sp."
"ASV_3565","Eukaryota","TSAR","Stramenopiles","Gyrista","Mediophyceae","Chaetocerotales","Chaetocerotaceae","Chaetoceros","Chaetoceros_brevis-3"
"ASV_3567","Eukaryota","TSAR","Alveolata","Dinoflagellata","Dinophyceae","unassigned","unassigned","unassigned","unassigned"
"ASV_3569","Eukaryota","TSAR","Alveolata","Dinoflagellata","Syndiniales","Dino-Group-II","Dino-Group-II-Clade-10-and-11","Dino-Group-II-Clade-10-and-11_X","Dino-Group-II-Clade-10-and-11_X_sp."
"ASV_3570","Eukaryota","TSAR","Stramenopiles","Gyrista","Mediophyceae","Chaetocerotales","Chaetocerotaceae","Chaetoceros","unassigned"
"ASV_3572","Eukaryota","TSAR","Alveolata","Dinoflagellata","Syndiniales","Dino-Group-I","Dino-Group-I-Clade-5","Dino-Group-I-Clade-5_X","Dino-Group-I-Clade-5_X_sp."
"ASV_3573","Eukaryota","TSAR","Alveolata","Dinoflagellata","Dinophyceae","unassigned","unassigned","unassigned","unassigned"
"ASV_3574","Eukaryota","TSAR","Alveolata","Ciliophora","Spirotrichea","Oligotrichida","Strombidiidae","Parallelostrombidium","Parallelostrombidium_conicum"
"ASV_3575","Eukaryota","TSAR","Alveolata","Dinoflagellata","Dinophyceae","Gonyaulacales","Pyrocystaceae","Triadinium","Triadinium_polyedricum"
"ASV_3576","Eukaryota","TSAR","Alveolata","Dinoflagellata","Syndiniales","Syndiniales_X","Syndiniales_XX","Syndiniales_XXX","Syndiniales_XXX_sp."
"ASV_3584","Eukaryota","TSAR","Alveolata","Apicomplexa","Gregarinomorphea","Eugregarinorida","Porosporidae","unassigned","unassigned"
"ASV_3588","Eukaryota","TSAR","Rhizaria","Cercozoa","Endomyxa-Ascetosporea","Paradinida","Paradinidae","Paradinium","Paradinium_sp."
"ASV_3592","Eukaryota","TSAR","Alveolata","unassigned","unassigned","unassigned","unassigned","unassigned","unassigned"
"ASV_3593","Eukaryota","TSAR","Stramenopiles","Gyrista","Mediophyceae","Thalassiosirales","Thalassiosiraceae","Thalassiosira","Thalassiosira_oceanica"
"ASV_3594","Eukaryota","TSAR","unassigned","unassigned","unassigned","unassigned","unassigned","unassigned","unassigned"
"ASV_3595","Eukaryota","TSAR","Alveolata","Ciliophora","Spirotrichea","unassigned","unassigned","unassigned","unassigned"
"ASV_3598","Eukaryota","TSAR","Alveolata","Dinoflagellata","Dinophyceae","unassigned","unassigned","unassigned","unassigned"
"ASV_3607","Eukaryota","Obazoa","Opisthokonta","unassigned","unassigned","unassigned","unassigned","unassigned","unassigned"
"ASV_3613","Eukaryota","TSAR","Alveolata","Dinoflagellata","Dinophyceae","Peridiniales","Protoperidiniaceae","Protoperidinium","Protoperidinium_bipes"
"ASV_3614","Eukaryota","TSAR","Alveolata","Ciliophora","Prostomatea_1","Prostomatea_1_X","Colepidae","Tiarina","Tiarina_fusa"
"ASV_3618","Eukaryota","TSAR","Alveolata","Dinoflagellata","Dinophyceae","Gymnodiniales","Gymnodiniaceae","Gyrodinium","Gyrodinium_sp."
"ASV_3620","Eukaryota","TSAR","Stramenopiles","Bigyra","Sagenista","Labyrinthulomycetes","Thraustochytriaceae","Thraustochytriaceae_LAB17","Thraustochytriaceae_LAB17_sp."
"ASV_3621","Eukaryota","TSAR","Alveolata","Dinoflagellata","Dinophyceae","Gymnodiniales","Gymnodiniaceae","Gyrodinium","unassigned"
"ASV_3622","Eukaryota","TSAR","Alveolata","Dinoflagellata","Dinophyceae","Gymnodiniales","Gymnodiniaceae","Gyrodinium","Gyrodinium_sp."
"ASV_3623","Eukaryota","TSAR","Alveolata","Dinoflagellata","Dinophyceae","Gymnodiniales","Gymnodiniaceae","Gyrodinium","Gyrodinium_fusiforme"
"ASV_3628","Eukaryota","TSAR","Alveolata","Dinoflagellata","Syndiniales","Dino-Group-I","Dino-Group-I-Clade-4","Dino-Group-I-Clade-4_X","Dino-Group-I-Clade-4_X_sp."
"ASV_3629","Eukaryota","TSAR","Stramenopiles","Gyrista","Mediophyceae","Thalassiosirales","Thalassiosiraceae","Thalassiosira","unassigned"
"ASV_3630","Eukaryota","TSAR","Alveolata","Dinoflagellata","Dinophyceae","Gymnodiniales","Gymnodiniaceae","Gyrodinium","unassigned"
"ASV_3631","Eukaryota","TSAR","Stramenopiles","Gyrista","MOCH-5","MOCH-5_X","MOCH-5_XX","MOCH-5_XXX","MOCH-5_XXX_sp."
"ASV_3632","Eukaryota","TSAR","Alveolata","Ciliophora","unassigned","unassigned","unassigned","unassigned","unassigned"
"ASV_3633","Eukaryota","TSAR","Stramenopiles","Gyrista","Mediophyceae","Thalassiosirales","Skeletonemaceae","Skeletonema","Skeletonema_menzelii"
"ASV_3634","Eukaryota","Archaeplastida","Picozoa","Picozoa_subdivision_1","Picozoa_subdivision_1B","Picozoa_subdivision_1B_X","Picozoa_subdivision_1B_XX","Picozoa_subdivision_1B_XXX","Picozoa_subdivision_1B_XXX_sp."
"ASV_3636","Eukaryota","TSAR","Stramenopiles","Bigyra","Opalozoa","Nanomonadea","MAST-3","MAST-3H","MAST-3H_sp."
"ASV_3638","Eukaryota","TSAR","Rhizaria","Cercozoa","Filosa-Thecofilosea","Filosa-Thecofilosea_X","Mataza-lineage","Mataza-lineage_X","Mataza-lineage_X_sp."
"ASV_3639","Eukaryota","Archaeplastida","Chlorophyta","Chlorophyta_X","Ulvophyceae","Ulvales-relatives","Ulvales-relatives_X","Ulva","Ulva_laetevirens"
"ASV_3641","Eukaryota","TSAR","Alveolata","Ciliophora","Spirotrichea","Oligotrichida","Oligotrichida_X","Oligotrichida_XX","Oligotrichida_XX_sp."
"ASV_3642","Eukaryota","TSAR","Alveolata","Ciliophora","Phyllopharyngea","Cyrtophoria_1","PHYLL_4","PHYLL_4_X","PHYLL_4_X_sp."
"ASV_3643","Eukaryota","TSAR","Alveolata","Dinoflagellata","Syndiniales","Dino-Group-II","Dino-Group-II-Clade-26","Dino-Group-II-Clade-26_X","Dino-Group-II-Clade-26_X_sp."
"ASV_3646","Eukaryota","TSAR","Alveolata","Dinoflagellata","Syndiniales","Dino-Group-II","Dino-Group-II_X","Dino-Group-II-Clade-52_XX","Dino-Group-II-Clade-52_XX_sp."
"ASV_3647","Eukaryota","TSAR","Rhizaria","Cercozoa","unassigned","unassigned","unassigned","unassigned","unassigned"
"ASV_3648","Eukaryota","TSAR","Stramenopiles","Gyrista","Bolidophyceae","Parmales","Parmales_env_3","Parmales_env_3B","Parmales_env_3B_sp."
"ASV_3649","Eukaryota","TSAR","Alveolata","unassigned","unassigned","unassigned","unassigned","unassigned","unassigned"
"ASV_3650","Eukaryota","TSAR","Telonemia","Telonemia_X","Telonemia_XX","Telonemia_XXX","Telonemia-Group-2","Telonemia-Group-2_X","Telonemia-Group-2_X_sp."
"ASV_3651","Eukaryota","TSAR","Alveolata","Dinoflagellata","Dinophyceae","unassigned","unassigned","unassigned","unassigned"
"ASV_3653","Eukaryota","TSAR","Rhizaria","Cercozoa","Filosa-Imbricatea","Marimonadida","Marimonadida_X","Marimonadida_XX","Marimonadida_XX_sp."
"ASV_3654","Eukaryota","TSAR","Alveolata","Ciliophora","Spirotrichea","Choreotrichida-Tintinnina","TIN_05","Tintinnopsis_05","Tintinnopsis_05_sp."
"ASV_3655","Eukaryota","TSAR","Alveolata","Dinoflagellata","Syndiniales","Dino-Group-I","Dino-Group-I-Clade-7","Dino-Group-I-Clade-7_X","Dino-Group-I-Clade-7_X_sp."
"ASV_3657","Eukaryota","TSAR","Alveolata","Ciliophora","Spirotrichea","unassigned","unassigned","unassigned","unassigned"
"ASV_3663","Eukaryota","TSAR","Stramenopiles","Gyrista","Chrysophyceae","Paraphysomonadales","Paraphysomonadaceae","Paraphysomonas","Paraphysomonas_bandaiensis"
"ASV_3665","Eukaryota","TSAR","Alveolata","Dinoflagellata","Dinophyceae","unassigned","unassigned","unassigned","unassigned"
"ASV_3667","Eukaryota","TSAR","Stramenopiles","Gyrista","Chrysophyceae","Chrysophyceae_Clade-EC2H","Chrysophyceae_Clade-EC2H_X","Chrysophyceae_Clade-EC2H_XX","Chrysophyceae_Clade-EC2H_XX_sp."
"ASV_3668","Eukaryota","TSAR","Alveolata","Dinoflagellata","Dinophyceae","unassigned","unassigned","unassigned","unassigned"
"ASV_3672","Eukaryota","TSAR","Rhizaria","Radiolaria","Acantharea","Acantharea_3","Acantharea_3b","Acantharea_3b_X","Acantharea_3b_X_sp."
"ASV_3674","Eukaryota","TSAR","Stramenopiles","Gyrista","Coscinodiscophyceae","Paraliales","Paraliaceae","Paralia","Paralia_sulcata"
"ASV_3675","Eukaryota","TSAR","Alveolata","Dinoflagellata","Dinophyceae","unassigned","unassigned","unassigned","unassigned"
"ASV_3676","Eukaryota","TSAR","Alveolata","Ciliophora","Spirotrichea","Oligotrichida","Strombidiidae","Strombidium","Strombidium_paracapitatum"
"ASV_3677","Eukaryota","TSAR","Stramenopiles","Gyrista","Bacillariophyceae","Bacillariales","Bacillariaceae","Cylindrotheca","Cylindrotheca_sp."
"ASV_3678","Eukaryota","TSAR","Telonemia","Telonemia_X","Telonemia_XX","Telonemia_XXX","Telonemia-Group-2","Telonemia-Group-2_X","Telonemia-Group-2_X_sp."
"ASV_3679","Eukaryota","TSAR","Alveolata","Ciliophora","Spirotrichea","Oligotrichida","Tontoniidae","Laboea","Laboea_strobila"
"ASV_3680","Eukaryota","TSAR","Stramenopiles","Gyrista","Mediophyceae","Thalassiosirales","Skeletonemaceae","Skeletonema","Skeletonema_pseudocostatum"
"ASV_3681","Eukaryota","TSAR","Alveolata","Dinoflagellata","Dinophyceae","Gymnodiniales","Gymnodiniaceae","Gyrodinium","Gyrodinium_fusiforme"
"ASV_3682","Eukaryota","TSAR","Alveolata","Dinoflagellata","Syndiniales","Dino-Group-II","Dino-Group-II-Clade-10-and-11","Dino-Group-II-Clade-10-and-11_X","Dino-Group-II-Clade-10-and-11_X_sp."
"ASV_3683","Eukaryota","TSAR","Stramenopiles","Gyrista","Bolidophyceae","Parmales","Parmales_env_2","Parmales_env_2_X","Parmales_env_2_X_sp."
"ASV_3684","Eukaryota","Obazoa","Opisthokonta","Choanoflagellata","Choanoflagellatea","Craspedida","Monosigidae_Group_B","Monosigidae_Group_B_X","Monosigidae_Group_B_X_sp."
"ASV_3685","Eukaryota","TSAR","Alveolata","Ciliophora","Spirotrichea","Oligotrichida","Strombidiidae","Strombidiidae_X","Strombidiidae_X_sp."
"ASV_3686","Eukaryota","TSAR","Alveolata","Dinoflagellata","Dinophyceae","Gymnodiniales","Gymnodiniaceae","Gyrodinium","unassigned"
"ASV_3687","Eukaryota","TSAR","Stramenopiles","Gyrista","Mediophyceae","Hemiaulales","Hemiaulaceae","Cerataulina","Cerataulina_pelagica"
"ASV_3689","Eukaryota","TSAR","Alveolata","Dinoflagellata","Dinophyceae","unassigned","unassigned","unassigned","unassigned"
"ASV_3690","Eukaryota","TSAR","Stramenopiles","Bigyra","Opalozoa","Nanomonadea","MAST-3","MAST-3L","MAST-3L_sp."
"ASV_3691","Eukaryota","TSAR","Stramenopiles","Gyrista","Bolidophyceae","Parmales","Parmales_env_3","Parmales_env_3_X","Parmales_env_3_X_sp."
"ASV_3693","Eukaryota","TSAR","Alveolata","Dinoflagellata","Syndiniales","Dino-Group-II","Dino-Group-II-Clade-23","Dino-Group-II-Clade-23_X","Dino-Group-II-Clade-23_X_sp."
"ASV_3694","Eukaryota","TSAR","Stramenopiles","Bigyra","Sagenista","Sagenista_X","MAST-4","MAST-4B","MAST-4B_sp."
"ASV_3696","Eukaryota","TSAR","Rhizaria","Cercozoa","Filosa-Thecofilosea","Ventricleftida","CCW10-lineage","CCW10-lineage_X","CCW10-lineage_X_sp."
"ASV_3698","Eukaryota","TSAR","Stramenopiles","Gyrista","Mediophyceae","Thalassiosirales","Thalassiosiraceae","Minidiscus","Minidiscus_spinulatus"
"ASV_3699","Eukaryota","TSAR","Alveolata","Dinoflagellata","Syndiniales","Dino-Group-II","unassigned","unassigned","unassigned"
"ASV_3705","Eukaryota","Haptista","Haptophyta","Haptophyta_X","Prymnesiophyceae","Prymnesiales","Chrysochromulinaceae","Chrysochromulina","Chrysochromulina_sp."
"ASV_3706","Eukaryota","TSAR","Alveolata","Dinoflagellata","Dinophyceae","unassigned","unassigned","unassigned","unassigned"
"ASV_3707","Eukaryota","TSAR","Alveolata","Dinoflagellata","Dinophyceae","unassigned","unassigned","unassigned","unassigned"
"ASV_3710","Eukaryota","TSAR","Rhizaria","Radiolaria","Polycystinea","Nassellaria","Cannobotryidae","Cannobotryidae_X","Cannobotryidae_X_sp."
"ASV_3711","Eukaryota","TSAR","Alveolata","Dinoflagellata","Dinophyceae","Peridiniales","unassigned","unassigned","unassigned"
"ASV_3714","Eukaryota","TSAR","Rhizaria","Cercozoa","Filosa-Thecofilosea","Filosa-Thecofilosea_X","Mataza-lineage","Mataza-lineage_X","Mataza-lineage_X_sp."
"ASV_3719","Eukaryota","TSAR","Rhizaria","Cercozoa","Endomyxa-Ascetosporea","Haplosporida","Haplosporidiidae","Haplosporidium","Haplosporidium_lusitanicum"
"ASV_3720","Eukaryota","Obazoa","Opisthokonta","unassigned","unassigned","unassigned","unassigned","unassigned","unassigned"
"ASV_3721","Eukaryota","TSAR","unassigned","unassigned","unassigned","unassigned","unassigned","unassigned","unassigned"
"ASV_3723","Eukaryota","Obazoa","Opisthokonta","Choanoflagellata","Choanoflagellatea","Acanthoecida","Stephanoecidae_New_Choanos_8","Stephanoecidae_New_Choanos_8_X","Stephanoecidae_New_Choanos_8_X_sp."
"ASV_3724","Eukaryota","TSAR","Alveolata","Dinoflagellata","Syndiniales","Dino-Group-I","Dino-Group-I-Clade-3","Dino-Group-I-Clade-3_X","Dino-Group-I-Clade-3_X_sp."
"ASV_3726","Eukaryota","TSAR","Alveolata","Dinoflagellata","Syndiniales","Dino-Group-II","Dino-Group-II-Clade-1","Dino-Group-II-Clade-1_X","Dino-Group-II-Clade-1_X_sp."
"ASV_3728","Eukaryota","TSAR","Stramenopiles","Gyrista","unassigned","unassigned","unassigned","unassigned","unassigned"
"ASV_3730","Eukaryota","Archaeplastida","Chlorophyta","Chlorophyta_X","Mamiellophyceae","Dolichomastigales","Crustomastigaceae","Crustomastix","unassigned"
"ASV_3731","Eukaryota","TSAR","Alveolata","Dinoflagellata","Dinophyceae","Dinophysales","Oxyphysiaceae","Phalachroma","Phalacroma_rotundatum"
"ASV_3734","Eukaryota","TSAR","Alveolata","Dinoflagellata","Syndiniales","Dino-Group-III","Dino-Group-III_X","Dino-Group-III_XX","Dino-Group-III_XX_sp."
"ASV_3737","Eukaryota","Haptista","Haptophyta","Haptophyta_X","Prymnesiophyceae","Prymnesiales","Prymnesiaceae","Haptolina","unassigned"
"ASV_3738","Eukaryota","TSAR","Stramenopiles","Gyrista","Mediophyceae","Thalassiosirales","Thalassiosiraceae","Thalassiosira","unassigned"
"ASV_3739","Eukaryota","TSAR","Alveolata","Ciliophora","Spirotrichea","Choreotrichida-Tintinnina","TIN_07","Tintinnopsis_07","Tintinnopsis_07_sp."
"ASV_3741","Eukaryota","TSAR","Alveolata","Dinoflagellata","Dinophyceae","unassigned","unassigned","unassigned","unassigned"
"ASV_3742","Eukaryota","TSAR","Rhizaria","Cercozoa","Filosa-Imbricatea","Thaumatomonadida","Thaumatomonadidae","Thaumatomonas","Thaumatomonas_sp."
"ASV_3743","Eukaryota","TSAR","Alveolata","Ciliophora","Oligohymenophorea","Apostomatia","Foettingeriidae","Hyalophysa","Hyalophysa_lwoffi"
"ASV_3744","Eukaryota","TSAR","Alveolata","Ciliophora","CONThreeP","CONThreeP_X","CONThreeP_XX","Askenasia","Askenasia_sp."
"ASV_3746","Eukaryota","Archaeplastida","Chlorophyta","Chlorophyta_X","Trebouxiophyceae","Chlorellales","Chlorellales_X","Picochlorum","Picochlorum_sp."
"ASV_3747","Eukaryota","Archaeplastida","Chlorophyta","Chlorophyta_X","Mamiellophyceae","Dolichomastigales","Dolichomastigaceae","Dolichomastigaceae-B","Dolichomastigaceae-B_sp."
"ASV_3749","Eukaryota","TSAR","Stramenopiles","Bigyra","Opalozoa","Nanomonadea","MAST-3","MAST-3K","MAST-3K_sp."
"ASV_3752","Eukaryota","TSAR","Alveolata","Ciliophora","Spirotrichea","Oligotrichida","Oligotrichida_X","Oligotrichida_XX","Oligotrichida_XX_sp."
"ASV_3755","Eukaryota","TSAR","Stramenopiles","Bigyra","Sagenista","Sagenista_X","MAST-7","MAST-7E","MAST-7E_sp."
"ASV_3756","Eukaryota","TSAR","Stramenopiles","Bigyra","Opalozoa","Nanomonadea","MAST-3","MAST-3I","MAST-3I_sp."
"ASV_3762","Eukaryota","TSAR","Stramenopiles","Gyrista","Chrysophyceae","Ochromonadales","unassigned","unassigned","unassigned"
"ASV_3765","Eukaryota","TSAR","Alveolata","Dinoflagellata","Dinophyceae","Dinophysales","Dinophysaceae","Dinophysis","Dinophysis_acuminata"
"ASV_3767","Eukaryota","Haptista","Haptophyta","Haptophyta_X","Prymnesiophyceae","Prymnesiales","Chrysochromulinaceae","Chrysochromulina","Chrysochromulina_leadbeateri"
"ASV_3768","Eukaryota","Haptista","Haptophyta","Haptophyta_X","Prymnesiophyceae","Prymnesiales","Chrysochromulinaceae","Chrysochromulina","Chrysochromulina_sp."
"ASV_3771","Eukaryota","TSAR","Stramenopiles","Bigyra","Sagenista","Labyrinthulomycetes","Thraustochytriaceae","Thraustochytriaceae_LAB17","Thraustochytriaceae_LAB17_sp."
"ASV_3772","Eukaryota","TSAR","Alveolata","Dinoflagellata","Syndiniales","Dino-Group-III","Dino-Group-III_X","Dino-Group-III_XX","Dino-Group-III_XX_sp."
"ASV_3774","Eukaryota","TSAR","Alveolata","Dinoflagellata","Syndiniales","Dino-Group-II","Dino-Group-II-Clade-4","Dino-Group-II-Clade-4_X","Dino-Group-II-Clade-4_X_sp."
"ASV_3777","Eukaryota","TSAR","Alveolata","Dinoflagellata","Dinophyceae","unassigned","unassigned","unassigned","unassigned"
"ASV_3783","Eukaryota","Haptista","Haptophyta","Haptophyta_X","Prymnesiophyceae","Prymnesiales","Chrysochromulinaceae","Chrysochromulina","Chrysochromulina_leadbeateri"
"ASV_3785","Eukaryota","TSAR","Alveolata","Dinoflagellata","unassigned","unassigned","unassigned","unassigned","unassigned"
"ASV_3786","Eukaryota","TSAR","Alveolata","Dinoflagellata","Syndiniales","Dino-Group-II","Dino-Group-II-Clade-10-and-11","Dino-Group-II-Clade-10-and-11_X","Dino-Group-II-Clade-10-and-11_X_sp."
"ASV_3787","Eukaryota","TSAR","Alveolata","Dinoflagellata","Syndiniales","Dino-Group-II","Dino-Group-II-Clade-1","Dino-Group-II-Clade-1_X","Dino-Group-II-Clade-1_X_sp."
"ASV_3788","Eukaryota","TSAR","Stramenopiles","Gyrista","Chrysophyceae","Paraphysomonadales","Paraphysomonadaceae","Paraphysomonas","Paraphysomonas_sp."
"ASV_3790","Eukaryota","TSAR","Stramenopiles","Gyrista","MOCH-1","MOCH-1_X","MOCH-1_XX","MOCH-1_XXX","MOCH-1_XXX_sp."
"ASV_3792","Eukaryota","TSAR","Alveolata","Dinoflagellata","Syndiniales","Dino-Group-IV","Dino-Group-IV-Syndinium-Group","Syndinium","Syndinium_sp."
"ASV_3794","Eukaryota","TSAR","Alveolata","Dinoflagellata","Syndiniales","Dino-Group-I","Dino-Group-I-Clade-5","Dino-Group-I-Clade-5_X","Dino-Group-I-Clade-5_X_sp."
"ASV_3796","Eukaryota","TSAR","Stramenopiles","Gyrista","Mediophyceae","Thalassiosirales","Skeletonemaceae","Skeletonema","Skeletonema_pseudocostatum"
"ASV_3797","Eukaryota","Haptista","Haptophyta","Haptophyta_X","Prymnesiophyceae","Prymnesiales","Prymnesiophyceae_Clade_B3","Prymnesiophyceae_Clade_B3_X","Prymnesiophyceae_Clade_B3_X_sp."
"ASV_3799","Eukaryota","TSAR","Stramenopiles","Gyrista","Bolidophyceae","Parmales","Triparmaceae","Triparma","Triparma_eleuthera"
"ASV_3800","Eukaryota","TSAR","Stramenopiles","Gyrista","MOCH-2","MOCH-2_X","MOCH-2_XX","MOCH-2_XXX","MOCH-2_XXX_sp."
"ASV_3804","Eukaryota","TSAR","Alveolata","Dinoflagellata","Dinophyceae","unassigned","unassigned","unassigned","unassigned"
"ASV_3806","Eukaryota","TSAR","Alveolata","Dinoflagellata","Syndiniales","unassigned","unassigned","unassigned","unassigned"
"ASV_3810","Eukaryota","TSAR","Alveolata","Dinoflagellata","Syndiniales","unassigned","unassigned","unassigned","unassigned"
"ASV_3811","Eukaryota:nucl","Cryptista:nucl","Cryptophyta:nucl","Cryptophyta_X:nucl","Cryptophyceae:nucl","Cryptomonadales:nucl","Cryptomonadales_X:nucl","unassigned","unassigned"
"ASV_3812","Eukaryota","TSAR","Stramenopiles","Gyrista","Dictyochophyceae","Dictyochophyceae_X","Dictyochophyceae_XX","Dictyochophyceae_XXX","Dictyochophyceae_XXX_sp."
"ASV_3813","Eukaryota","TSAR","Alveolata","Dinoflagellata","Dinophyceae","unassigned","unassigned","unassigned","unassigned"
"ASV_3814","Eukaryota","TSAR","Alveolata","Ciliophora","Spirotrichea","Oligotrichida","Oligotrichida_X","Oligotrichida_XX","Oligotrichida_XX_sp."
"ASV_3815","Eukaryota","TSAR","Alveolata","Dinoflagellata","Dinophyceae","Gonyaulacales","Pyrocystaceae","Triadinium","Triadinium_polyedricum"
"ASV_3816","Eukaryota","TSAR","Alveolata","Dinoflagellata","Syndiniales","Dino-Group-II","Dino-Group-II-Clade-12","Dino-Group-II-Clade-12_X","Dino-Group-II-Clade-12_X_sp."
"ASV_3817","Eukaryota","TSAR","Alveolata","Dinoflagellata","Syndiniales","Dino-Group-II","Dino-Group-II-Clade-23","Dino-Group-II-Clade-23_X","Dino-Group-II-Clade-23_X_sp."
"ASV_3818","Eukaryota","TSAR","Alveolata","Ciliophora","Spirotrichea","Oligotrichida","Tontoniidae","Tontoniidae_X","Tontoniidae_X_sp."
"ASV_3821","Eukaryota","TSAR","Alveolata","Dinoflagellata","Syndiniales","Dino-Group-II","Dino-Group-II-Clade-6","Dino-Group-II-Clade-6_X","Dino-Group-II-Clade-6_X_sp."
"ASV_3823","Eukaryota","TSAR","Alveolata","Dinoflagellata","Dinophyceae","unassigned","unassigned","unassigned","unassigned"
"ASV_3829","Eukaryota","TSAR","Alveolata","Dinoflagellata","Syndiniales","Dino-Group-III","Dino-Group-III_X","Dino-Group-III_XX","Dino-Group-III_XX_sp."
"ASV_3830","Eukaryota","TSAR","Stramenopiles","Bigyra","Sagenista","Sagenista_X","MAST-8","MAST-8D","MAST-8D_sp."
"ASV_3838","Eukaryota","TSAR","Stramenopiles","Gyrista","Bacillariophyceae","unassigned","unassigned","unassigned","unassigned"
"ASV_3840","Eukaryota","TSAR","Alveolata","Dinoflagellata","Syndiniales","Dino-Group-II","Dino-Group-II-Clade-5","Dino-Group-II-Clade-5_X","Dino-Group-II-Clade-5_X_sp."
"ASV_3841","Eukaryota","TSAR","Stramenopiles","Bigyra","Sagenista","Labyrinthulomycetes","Thraustochytriaceae","unassigned","unassigned"
"ASV_3842","Eukaryota","TSAR","Alveolata","Ciliophora","Spirotrichea","Oligotrichida","Strombidiidae","Varistrombidium","Varistrombidium_kielum"
"ASV_3846","Eukaryota","TSAR","Alveolata","unassigned","unassigned","unassigned","unassigned","unassigned","unassigned"
"ASV_3848","Eukaryota","TSAR","Alveolata","Ciliophora","Spirotrichea","Choreotrichida","unassigned","unassigned","unassigned"
"ASV_3852","Eukaryota","TSAR","Alveolata","Dinoflagellata","Syndiniales","Dino-Group-II","unassigned","unassigned","unassigned"
"ASV_3854","Eukaryota","TSAR","Rhizaria","Cercozoa","unassigned","unassigned","unassigned","unassigned","unassigned"
"ASV_3855","Eukaryota","TSAR","Alveolata","Dinoflagellata","Syndiniales","Dino-Group-II","Dino-Group-II-Clade-10-and-11","Dino-Group-II-Clade-10-and-11_X","Dino-Group-II-Clade-10-and-11_X_sp."
"ASV_3856","Eukaryota","Eukaryota_X","Ancyromonadida","Ancyromonadida_X","Ancyromonadida_XX","Ancyromonadida_XXX","Ancyromonadida_Group-1","Ancyromonas","Ancyromonas_micra"
"ASV_3857","Eukaryota","Obazoa","Opisthokonta","unassigned","unassigned","unassigned","unassigned","unassigned","unassigned"
"ASV_3859","Eukaryota","TSAR","Stramenopiles","Bigyra","Bicoecea","Anoecales","Cafeteriaceae","Pseudobodo","Pseudobodo_sp."
"ASV_3860","Eukaryota","TSAR","Alveolata","Dinoflagellata","Dinophyceae","unassigned","unassigned","unassigned","unassigned"
"ASV_3861","Eukaryota","TSAR","Rhizaria","Cercozoa","Filosa-Thecofilosea","Filosa-Thecofilosea_X","Mataza-lineage","Mataza","Mataza_hastifera"
"ASV_3862","Eukaryota","TSAR","Stramenopiles","Gyrista","Mediophyceae","Cymatosirales","Cymatosiraceae","unassigned","unassigned"
"ASV_3863","Eukaryota","TSAR","Alveolata","Dinoflagellata","Syndiniales","Dino-Group-I","Dino-Group-I-Clade-5","Dino-Group-I-Clade-5_X","Dino-Group-I-Clade-5_X_sp."
"ASV_3864","Eukaryota","TSAR","Alveolata","Ciliophora","Spirotrichea","Oligotrichida","Strombidiidae","Parallelostrombidium","Parallelostrombidium_conicum"
"ASV_3865","Eukaryota","TSAR","Alveolata","Dinoflagellata","Dinophyceae","Peridiniales","Protoperidiniaceae","Protoperidinium","Protoperidinium_monovelum"
"ASV_3866","Eukaryota","TSAR","Alveolata","Dinoflagellata","Syndiniales","Dino-Group-II","Dino-Group-II-Clade-10-and-11","Dino-Group-II-Clade-10-and-11_X","Dino-Group-II-Clade-10-and-11_X_sp."
"ASV_3867","Eukaryota","TSAR","Alveolata","Dinoflagellata","Dinophyceae","Gymnodiniales","Gymnodiniaceae","Gyrodinium","unassigned"
"ASV_3868","Eukaryota","TSAR","Alveolata","Dinoflagellata","Dinophyceae","unassigned","unassigned","unassigned","unassigned"
"ASV_3869","Eukaryota","TSAR","Alveolata","Ciliophora","Spirotrichea","Choreotrichida-Tintinnina","Tintinnidae","Steenstrupiella","Steenstrupiella_steenstrupii"
"ASV_3870","Eukaryota","TSAR","Rhizaria","Cercozoa","Filosa-Thecofilosea","Cryomonadida","Cryothecomonas-lineage","Cryothecomonas","Cryothecomonas_sp."
"ASV_3871","Eukaryota","TSAR","Alveolata","Dinoflagellata","Dinophyceae","unassigned","unassigned","unassigned","unassigned"
"ASV_3872","Eukaryota","TSAR","Alveolata","Dinoflagellata","Dinophyceae","Gymnodiniales","Gymnodiniaceae","Gyrodinium","Gyrodinium_spirale"
"ASV_3873","Eukaryota","TSAR","Alveolata","Dinoflagellata","Syndiniales","Dino-Group-II","Dino-Group-II-Clade-23","Dino-Group-II-Clade-23_X","Dino-Group-II-Clade-23_X_sp."
"ASV_3874","Eukaryota","Obazoa","Opisthokonta","Ichthyosporea","Ichthyophonida","Abeoformidae","Abeoformidae_Group_MAIP_1","Abeoformidae_Group_MAIP_1_X","Abeoformidae_Group_MAIP_1_X_sp."
"ASV_3876","Eukaryota","TSAR","Alveolata","Dinoflagellata","Syndiniales","Dino-Group-II","Dino-Group-II-Clade-10-and-11","Dino-Group-II-Clade-10-and-11_X","Dino-Group-II-Clade-10-and-11_X_sp."
"ASV_3877","Eukaryota","TSAR","Stramenopiles","Gyrista","MOCH-2","MOCH-2_X","MOCH-2_XX","MOCH-2_XXX","MOCH-2_XXX_sp."
"ASV_3881","Eukaryota","TSAR","Alveolata","Dinoflagellata","Dinophyceae","Peridiniales","Thoracosphaeraceae","Luciella","Luciella_sp."
"ASV_3883","Eukaryota","TSAR","Alveolata","Dinoflagellata","Syndiniales","Dino-Group-II","Dino-Group-II-Clade-10-and-11","Dino-Group-II-Clade-10-and-11_X","Dino-Group-II-Clade-10-and-11_X_sp."
"ASV_3884","Eukaryota","TSAR","Alveolata","Dinoflagellata","Dinophyceae","unassigned","unassigned","unassigned","unassigned"
"ASV_3887","Eukaryota","TSAR","Alveolata","Ciliophora","Spirotrichea","Oligotrichida","Tontoniidae","Tontoniidae_X","Tontoniidae_X_sp."
"ASV_3890","Eukaryota","TSAR","Stramenopiles","Gyrista","Bolidophyceae","Parmales","Parmales_env_3","Parmales_env_3A","Parmales_env_3A_sp."
"ASV_3891","Eukaryota","TSAR","Stramenopiles","Bigyra","Sagenista","Sagenista_X","MAST-7","MAST-7C","MAST-7C_sp."
"ASV_3892","Eukaryota","TSAR","Rhizaria","Radiolaria","Acantharea","Acantharea_4","unassigned","unassigned","unassigned"
"ASV_3893","Eukaryota","TSAR","Rhizaria","Radiolaria","Acantharea","Acantharea_3","Acantharea_3b","Acantharea_3b_X","Acantharea_3b_X_sp."
"ASV_3894","Eukaryota","TSAR","Telonemia","Telonemia_X","Telonemia_XX","Telonemia_XXX","Telonemia-Group-1","Telonema-Group-1","Telonema_sp."
"ASV_3895","Eukaryota","TSAR","Stramenopiles","Bigyra","Bicoecea","Anoecales","Caecitellaceae","Caecitellus","Caecitellus_paraparvulus"
"ASV_3896","Eukaryota:nucl","Cryptista:nucl","Cryptophyta:nucl","Cryptophyta_X:nucl","Cryptophyceae:nucl","Cryptomonadales:nucl","Cryptomonadales_X:nucl","unassigned","unassigned"
"ASV_3900","Eukaryota","TSAR","Rhizaria","Cercozoa","Filosa-Thecofilosea","Cryomonadida","unassigned","unassigned","unassigned"
"ASV_3901","Eukaryota","TSAR","Rhizaria","Cercozoa","Filosa-Thecofilosea","Cryomonadida","Protaspa-lineage","Protaspa-lineage_X","Protaspa-lineage_X_sp."
"ASV_3902","Eukaryota","TSAR","Stramenopiles","Bigyra","Sagenista","Labyrinthulomycetes","Amphifilaceae","Sorodiplophrys","Sorodiplophrys_stercorea"
"ASV_3904","Eukaryota","TSAR","Alveolata","Dinoflagellata","Dinophyceae","unassigned","unassigned","unassigned","unassigned"
"ASV_3906","Eukaryota","Archaeplastida","Picozoa","Picozoa_subdivision_1","Picomonadea","Picomonadea_X","Picomonadea_XX","Picomonadea_XXX","Picomonadea_XXX_sp."
"ASV_3914","Eukaryota","TSAR","Stramenopiles","unassigned","unassigned","unassigned","unassigned","unassigned","unassigned"
"ASV_3919","Eukaryota","TSAR","Alveolata","Dinoflagellata","Syndiniales","Dino-Group-I","Dino-Group-I-Clade-5","Dino-Group-I-Clade-5_X","Dino-Group-I-Clade-5_X_sp."
"ASV_3922","Eukaryota","TSAR","Stramenopiles","Gyrista","Mediophyceae","Thalassiosirales","Stephanodiscaceae","Cyclotella","unassigned"
"ASV_3924","Eukaryota","TSAR","Alveolata","Dinoflagellata","Syndiniales","Dino-Group-II","Dino-Group-II-Clade-1","Dino-Group-II-Clade-1_X","Dino-Group-II-Clade-1_X_sp."
"ASV_3925","Eukaryota","TSAR","Alveolata","Ciliophora","Spirotrichea","unassigned","unassigned","unassigned","unassigned"
"ASV_3926","Eukaryota","TSAR","Alveolata","Dinoflagellata","Syndiniales","Dino-Group-II","Dino-Group-II-Clade-29","Dino-Group-II-Clade-29_X","Dino-Group-II-Clade-29_X_sp."
"ASV_3931","Eukaryota","Obazoa","Opisthokonta","unassigned","unassigned","unassigned","unassigned","unassigned","unassigned"
"ASV_3934","Eukaryota","TSAR","Stramenopiles","Gyrista","Mediophyceae","Thalassiosirales","Skeletonemaceae","Skeletonema","Skeletonema_marinoi"
"ASV_3937","Eukaryota","TSAR","Rhizaria","Cercozoa","Filosa-Imbricatea","Thaumatomonadida","Thaumatomonadidae","Thaumatomastigidae","Thaumatomastigidae_sp."
"ASV_3941","Eukaryota","TSAR","Stramenopiles","Gyrista","Bacillariophyceae","Bacillariales","Bacillariaceae","Pseudo-nitzschia","unassigned"
"ASV_3944","Eukaryota","Haptista","Haptophyta","Haptophyta_X","Prymnesiophyceae","Prymnesiales","Prymnesiaceae","Prymnesium","Prymnesium_sp."
"ASV_3946","Eukaryota","Archaeplastida","Chlorophyta","Chlorophyta_X","Pyramimonadophyceae","Pyramimonadales","unassigned","unassigned","unassigned"
"ASV_3947","Eukaryota","Haptista","Haptophyta","Haptophyta_X","Prymnesiophyceae","Prymnesiales","Chrysochromulinaceae","Chrysochromulina","Chrysochromulina_sp."
"ASV_3949","Eukaryota","TSAR","Rhizaria","Cercozoa","Chlorarachniophyceae","Chlorarachniophyceae_X","NPK2-lineage","NPK2-lineage_X","NPK2-lineage_X_sp."
"ASV_3951","Eukaryota","Obazoa","Opisthokonta","unassigned","unassigned","unassigned","unassigned","unassigned","unassigned"
"ASV_3952","Eukaryota","TSAR","Alveolata","Dinoflagellata","Syndiniales","Dino-Group-II","unassigned","unassigned","unassigned"
"ASV_3953","Eukaryota","TSAR","Rhizaria","Cercozoa","Filosa-Imbricatea","Filosa-Imbricatea_X","Novel-clade-2","Novel-clade-2_X","Novel-clade-2_X_sp."
"ASV_3960","Eukaryota","TSAR","Alveolata","Ciliophora","Colpodea","Colpodea_X","Cyrtolophosidida","Aristerostoma","Aristerostoma_sp."
"ASV_3961","Eukaryota","TSAR","Stramenopiles","Bigyra","Opalozoa","Opalozoa_X","MAST-12","MAST-12A","MAST-12A_sp."
"ASV_3962","Eukaryota","TSAR","Rhizaria","Radiolaria","Acantharea","Acantharea_F","Acantharea_F3","Stauracantha","Stauracantha_orthostaura"
"ASV_3964","Eukaryota","TSAR","Stramenopiles","Gyrista","unassigned","unassigned","unassigned","unassigned","unassigned"
"ASV_3968","Eukaryota","TSAR","Alveolata","Dinoflagellata","Dinophyceae","unassigned","unassigned","unassigned","unassigned"
"ASV_3969","Eukaryota","TSAR","Alveolata","Dinoflagellata","Dinophyceae","Dinophyceae_X","Dinophyceae_XX","Dinophyceae_XXX","Dinophyceae_XXX_sp."
"ASV_3973","Eukaryota","Haptista","Haptophyta","Haptophyta_X","Prymnesiophyceae","Prymnesiales","Prymnesiaceae","unassigned","unassigned"
"ASV_3975","Eukaryota","TSAR","Alveolata","Dinoflagellata","Dinophyceae","Peridiniales","unassigned","unassigned","unassigned"
"ASV_3980","Eukaryota","TSAR","Rhizaria","Cercozoa","Filosa-Imbricatea","Marimonadida","Marimonadida_X","Cyranomonas","Cyranomonas_australis"
"ASV_3983","Eukaryota","TSAR","Alveolata","Ciliophora","Spirotrichea","Choreotrichida-Tintinnina","TIN_07","Tintinnopsis_07","Tintinnopsis_07_sp."
"ASV_3984","Eukaryota","Archaeplastida","Chlorophyta","Chlorophyta_X","Mamiellophyceae","Dolichomastigales","Dolichomastigaceae","Dolichomastigaceae-B","Dolichomastigaceae-B_sp."
"ASV_3987","Eukaryota","TSAR","unassigned","unassigned","unassigned","unassigned","unassigned","unassigned","unassigned"
"ASV_3988","Eukaryota","TSAR","Alveolata","Ciliophora","CONThreeP","CONThreeP_X","CONThreeP_XX","Askenasia","Askenasia_sp."
"ASV_3996","Eukaryota","TSAR","Alveolata","unassigned","unassigned","unassigned","unassigned","unassigned","unassigned"
"ASV_4006","Eukaryota","TSAR","Alveolata","Ciliophora","CONThreeP","CONThreeP_X","CONThreeP_XX","Askenasia","Askenasia_sp."
"ASV_4008","Eukaryota","TSAR","Alveolata","Dinoflagellata","unassigned","unassigned","unassigned","unassigned","unassigned"
"ASV_4009","Eukaryota","TSAR","Alveolata","unassigned","unassigned","unassigned","unassigned","unassigned","unassigned"
"ASV_4010","Eukaryota","TSAR","Alveolata","Ciliophora","unassigned","unassigned","unassigned","unassigned","unassigned"
"ASV_4015","Eukaryota","TSAR","Alveolata","Dinoflagellata","Syndiniales","Dino-Group-II","Dino-Group-II-Clade-28","Dino-Group-II-Clade-28_X","Dino-Group-II-Clade-28_X_sp."
"ASV_4018","Eukaryota","Haptista","Haptophyta","Haptophyta_X","Prymnesiophyceae","Prymnesiales","Prymnesiaceae","Haptolina","Haptolina_herdlensis"
"ASV_4021","Eukaryota","TSAR","Alveolata","Dinoflagellata","Dinophyceae","Peridiniales","Thoracosphaeraceae","Luciella","Luciella_sp."
"ASV_4022","Eukaryota","TSAR","Alveolata","Dinoflagellata","Syndiniales","Dino-Group-III","Dino-Group-III_X","Dino-Group-III_XX","Dino-Group-III_XX_sp."
"ASV_4027","Eukaryota","TSAR","Alveolata","Dinoflagellata","Dinophyceae","unassigned","unassigned","unassigned","unassigned"
"ASV_4029","Eukaryota","TSAR","Alveolata","Dinoflagellata","Dinophyceae","Peridiniales","unassigned","unassigned","unassigned"
"ASV_4030","Eukaryota","TSAR","Alveolata","Dinoflagellata","Dinophyceae","unassigned","unassigned","unassigned","unassigned"
"ASV_4031","Eukaryota","TSAR","Alveolata","Dinoflagellata","Dinophyceae","unassigned","unassigned","unassigned","unassigned"
"ASV_4032","Eukaryota","TSAR","Alveolata","Ciliophora","Spirotrichea","Oligotrichida","Strombidiidae","unassigned","unassigned"
"ASV_4035","Eukaryota","Haptista","Haptophyta","Haptophyta_X","Prymnesiophyceae","Prymnesiophyceae_X","Braarudosphaeraceae","Braarudosphaera","Braarudosphaera_bigelowii"
"ASV_4038","Eukaryota","TSAR","Stramenopiles","Bigyra","Sagenista","Sagenista_X","MAST-9","MAST-9A","MAST-9A_sp."
"ASV_4040","Eukaryota","TSAR","Alveolata","Dinoflagellata","Dinophyceae","unassigned","unassigned","unassigned","unassigned"
"ASV_4043","Eukaryota","Archaeplastida","Chlorophyta","Chlorophyta_X","Pyramimonadophyceae","Pyramimonadales","Pyramimonadaceae","Pyramimonas","Pyramimonas_sp."
"ASV_4046","Eukaryota","TSAR","Rhizaria","Radiolaria","RAD-B","RAD-B_X","RAD-B_X_Group-IVe","RAD-B_X_Group-IVe_X","RAD-B_X_Group-IVe_X_sp."
"ASV_4047","Eukaryota","Amoebozoa","Tubulinea","Tubulinea_X","Elardia","Arcellinida","Sphaerothecina","Arcella","Arcella_gibbosa"
"ASV_4049","Eukaryota","TSAR","Alveolata","Dinoflagellata","Syndiniales","Dino-Group-I","Dino-Group-I-Clade-3","Dino-Group-I-Clade-3_X","Dino-Group-I-Clade-3_X_sp."
"ASV_4050","Eukaryota","TSAR","Alveolata","Dinoflagellata","Syndiniales","Dino-Group-II","Dino-Group-II-Clade-6","Dino-Group-II-Clade-6_X","Dino-Group-II-Clade-6_X_sp."
"ASV_4052","Eukaryota","Archaeplastida","Picozoa","Picozoa_subdivision_1","Picozoa_subdivision_1A","Picozoa_subdivision_1A_X","Picozoa_subdivision_1A_XX","Picozoa_subdivision_1A_XXX","Picozoa_subdivision_1A_XXX_sp."
"ASV_4053","Eukaryota","TSAR","Stramenopiles","Gyrista","Mediophyceae","Chaetocerotales","Chaetocerotaceae","Chaetoceros","Chaetoceros_olympicus"
"ASV_4054","Eukaryota","TSAR","Rhizaria","Cercozoa","Filosa-Thecofilosea","Ventricleftida","Ventrifissuridae","Ventrifissuridae_X","Ventrifissuridae_X_sp."
"ASV_4055","Eukaryota","TSAR","Stramenopiles","Gyrista","Bolidophyceae","Parmales","Triparmaceae","Triparma","Triparma_laevis"
"ASV_4057","Eukaryota","Archaeplastida","Chlorophyta","Chlorophyta_X","unassigned","unassigned","unassigned","unassigned","unassigned"
"ASV_4058","Eukaryota","Haptista","Haptophyta","Haptophyta_X","Prymnesiophyceae","Prymnesiales","Prymnesiaceae","Prymnesium","Prymnesium_palpebrale"
"ASV_4060","Eukaryota","TSAR","Stramenopiles","Gyrista","Chrysophyceae","Paraphysomonadales","Paraphysomonadaceae","Paraphysomonas","Paraphysomonas_longispina"
"ASV_4061","Eukaryota","TSAR","Stramenopiles","Gyrista","Mediophyceae","Chaetocerotales","Chaetocerotaceae","Chaetoceros","Chaetoceros_didymus-2"
"ASV_4063","Eukaryota","TSAR","Alveolata","Dinoflagellata","Syndiniales","Dino-Group-II","Dino-Group-II-Clade-10-and-11","Dino-Group-II-Clade-10-and-11_X","Dino-Group-II-Clade-10-and-11_X_sp."
"ASV_4065","Eukaryota","TSAR","Alveolata","Dinoflagellata","Dinophyceae","unassigned","unassigned","unassigned","unassigned"
"ASV_4066","Eukaryota","TSAR","Stramenopiles","Gyrista","Coscinodiscophyceae","unassigned","unassigned","unassigned","unassigned"
"ASV_4068","Eukaryota","TSAR","Rhizaria","Cercozoa","unassigned","unassigned","unassigned","unassigned","unassigned"
"ASV_4070","Eukaryota","Archaeplastida","Chlorophyta","Chlorophyta_X","Mamiellophyceae","Mamiellales","Mamiellaceae","Mamiella","Mamiella_gilva"
"ASV_4073","Eukaryota","TSAR","Telonemia","Telonemia_X","Telonemia_XX","Telonemia_XXX","Telonemia-Group-2","Telonemia-Group-2_X","Telonemia-Group-2_X_sp."
"ASV_4075","Eukaryota","TSAR","Stramenopiles","unassigned","unassigned","unassigned","unassigned","unassigned","unassigned"
"ASV_4078","Eukaryota","TSAR","Alveolata","Dinoflagellata","Dinophyceae","Peridiniales","unassigned","unassigned","unassigned"
"ASV_4084","Eukaryota","TSAR","Stramenopiles","Gyrista","Gyrista_X","Gyrista_XX","MAST-1","MAST-1C","MAST-1C_sp."
"ASV_4085","Eukaryota","TSAR","Alveolata","Dinoflagellata","Syndiniales","Dino-Group-I","Dino-Group-I-Clade-1","Dino-Group-I-Clade-1_X","Dino-Group-I-Clade-1_X_sp."
"ASV_4090","Eukaryota","TSAR","Alveolata","Dinoflagellata","Syndiniales","Dino-Group-II","Dino-Group-II-Clade-16","Dino-Group-II-Clade-16_X","Dino-Group-II-Clade-16_X_sp."
"ASV_4093","Eukaryota","TSAR","Alveolata","Dinoflagellata","Dinophyceae","unassigned","unassigned","unassigned","unassigned"
"ASV_4094","Eukaryota","TSAR","Alveolata","Dinoflagellata","Syndiniales","Dino-Group-II","Dino-Group-II-Clade-22","Dino-Group-II-Clade-22_X","Dino-Group-II-Clade-22_X_sp."
"ASV_4096","Eukaryota","TSAR","Alveolata","Ciliophora","CONTH_7","CONTH_7_X","CONTH_7_XX","CONTH_7_XXX","CONTH_7_XXX_sp."
"ASV_4097","Eukaryota","TSAR","Alveolata","Dinoflagellata","Syndiniales","Dino-Group-II","unassigned","unassigned","unassigned"
"ASV_4099","Eukaryota","TSAR","Alveolata","Dinoflagellata","Dinophyceae","Peridiniales","unassigned","unassigned","unassigned"
"ASV_4102","Eukaryota","TSAR","Alveolata","Dinoflagellata","Syndiniales","Dino-Group-II","Dino-Group-II-Clade-13","Dino-Group-II-Clade-13_X","Dino-Group-II-Clade-13_X_sp."
"ASV_4104","Eukaryota:nucl","Cryptista:nucl","Cryptophyta:nucl","Cryptophyta_X:nucl","Cryptophyceae:nucl","Cryptomonadales:nucl","Hemiselmidaceae:nucl","Hemiselmis:nucl","unassigned"
"ASV_4106","Eukaryota","Archaeplastida","Chlorophyta","Chlorophyta_X","Chlorophyceae","Sphaeropleales","Sphaeropleales_X","Tetradesmus","Tetradesmus_arenicola"
"ASV_4107","Eukaryota","TSAR","Alveolata","Dinoflagellata","Syndiniales","Dino-Group-II","Dino-Group-II-Clade-1","Dino-Group-II-Clade-1_X","Dino-Group-II-Clade-1_X_sp."
"ASV_4114","Eukaryota","TSAR","Stramenopiles","Gyrista","Bacillariophyceae","unassigned","unassigned","unassigned","unassigned"
"ASV_4116","Eukaryota","TSAR","Stramenopiles","Gyrista","Mediophyceae","Thalassiosirales","Skeletonemaceae","Skeletonema","unassigned"
"ASV_4117","Eukaryota","Amoebozoa","Tubulinea","Tubulinea_X","Elardia","Arcellinida","Sphaerothecina","Arcella","Arcella_hemisphaerica"
"ASV_4118","Eukaryota","TSAR","Stramenopiles","Gyrista","Bolidophyceae","Parmales","Triparmaceae","Triparma","Triparma_pacifica"
"ASV_4119","Eukaryota","TSAR","Alveolata","Dinoflagellata","Dinophyceae","Peridiniales","unassigned","unassigned","unassigned"
"ASV_4120","Eukaryota","TSAR","Rhizaria","Cercozoa","Filosa-Imbricatea","Marimonadida","Marimonadida_X","Abollifer","Abollifer_prolabens"
"ASV_4121","Eukaryota","TSAR","Stramenopiles","Gyrista","Chrysophyceae","Ochromonadales","unassigned","unassigned","unassigned"
"ASV_4122","Eukaryota","Haptista","Haptophyta","Haptophyta_X","Prymnesiophyceae","Prymnesiales","Chrysochromulinaceae","Chrysochromulina","Chrysochromulina_sp."
"ASV_4123","Eukaryota","Archaeplastida","Picozoa","Picozoa_subdivision_2","Picozoa_subdivision_2_X","Picozoa_subdivision_2_XX","Picozoa_subdivision_2_XXX","Picozoa_subdivision_2_XXXX","Picozoa_subdivision_2_XXXX_sp."
"ASV_4124","Eukaryota","TSAR","Stramenopiles","Gyrista","unassigned","unassigned","unassigned","unassigned","unassigned"
"ASV_4125","Eukaryota","TSAR","Rhizaria","Radiolaria","Acantharea","unassigned","unassigned","unassigned","unassigned"
"ASV_4127","Eukaryota","TSAR","Stramenopiles","Gyrista","Chrysophyceae","unassigned","unassigned","unassigned","unassigned"
"ASV_4131","Eukaryota","TSAR","Alveolata","Ciliophora","Spirotrichea","Oligotrichida","Strombidiidae","Strombidium","Strombidium_triquetrum"
"ASV_4132","Eukaryota","TSAR","Stramenopiles","Gyrista","Mediophyceae","Chaetocerotales","Chaetocerotaceae","Chaetoceros","Chaetoceros_muelleri"
"ASV_4134","Eukaryota","TSAR","Rhizaria","Cercozoa","Filosa-Imbricatea","Marimonadida","Marimonadida_X","unassigned","unassigned"
"ASV_4139","Eukaryota","TSAR","Stramenopiles","Gyrista","Chrysophyceae","Ochromonadales","unassigned","unassigned","unassigned"
"ASV_4144","Eukaryota","TSAR","Rhizaria","Radiolaria","Acantharea","Acantharea_4","Acantharea_4d","Acantharea_4d_X","Acantharea_4d_X_sp."
"ASV_4148","Eukaryota","TSAR","Alveolata","Dinoflagellata","Syndiniales","Dino-Group-I","Dino-Group-I-Clade-5","Dino-Group-I-Clade-5_X","Dino-Group-I-Clade-5_X_sp."
"ASV_4154","Eukaryota","TSAR","Rhizaria","Cercozoa","Filosa-Thecofilosea","Ventricleftida","CCW10-lineage","CCW10-lineage_X","CCW10-lineage_X_sp."
"ASV_4156","Eukaryota","TSAR","Alveolata","Apicomplexa","Gregarinomorphea","Gregarinomorphea_X_GRE5","Gregarinomorphea_X_GRE5_X","Gregarinomorphea_X_GRE5_XX","Gregarinomorphea_X_GRE5_XX_sp."
"ASV_4160","Eukaryota","TSAR","Stramenopiles","Bigyra","Bicoecea","Anoecales","Cafeteriaceae","Pseudobodo","Pseudobodo_sp."
"ASV_4161","Eukaryota","TSAR","Alveolata","Dinoflagellata","Dinophyceae","Gymnodiniales","Gymnodiniaceae","Gyrodinium","Gyrodinium_dominans"
"ASV_4167","Eukaryota","Haptista","Haptophyta","Haptophyta_X","Prymnesiophyceae","Prymnesiales","Prymnesiaceae","unassigned","unassigned"
"ASV_4172","Eukaryota","Excavata","Discoba","Euglenozoa","Kinetoplastea","unassigned","unassigned","unassigned","unassigned"
"ASV_4175","Eukaryota","TSAR","Rhizaria","Cercozoa","Filosa-Imbricatea","Thaumatomonadida","Thaumatomonadidae","Thaumatomastigidae","Thaumatomastigidae_sp."
"ASV_4177","Eukaryota","TSAR","Alveolata","Dinoflagellata","Dinophyceae","unassigned","unassigned","unassigned","unassigned"
"ASV_4179","Eukaryota","TSAR","Rhizaria","Cercozoa","Filosa-Thecofilosea","Cryomonadida","Cryomonadida_X","Cryomonadida_XX","Cryomonadida_XX_sp."
"ASV_4186","Eukaryota","Archaeplastida","Picozoa","Picozoa_subdivision_1","Picozoa_subdivision_1A","Picozoa_subdivision_1A_X","Picozoa_subdivision_1A_XX","Picozoa_subdivision_1A_XXX","Picozoa_subdivision_1A_XXX_sp."
"ASV_4190","Eukaryota","Obazoa","Opisthokonta","Choanoflagellata","Choanoflagellatea","Acanthoecida","Stephanoecidae","Crinolina","Crinolina_isefiordensis"
"ASV_4192","Eukaryota","TSAR","Rhizaria","Cercozoa","Filosa-Thecofilosea","Cryomonadida","Protaspa-lineage","Protaspa","Protaspa_longipes"
"ASV_4193","Eukaryota","TSAR","Stramenopiles","Bigyra","Opalozoa","Nanomonadea","MAST-3","MAST-3E","MAST-3E_sp."
"ASV_4198","Eukaryota","TSAR","Alveolata","Dinoflagellata","Dinophyceae","Peridiniales","unassigned","unassigned","unassigned"
"ASV_4200","Eukaryota","TSAR","Rhizaria","Cercozoa","unassigned","unassigned","unassigned","unassigned","unassigned"
"ASV_4205","Eukaryota","TSAR","Alveolata","Dinoflagellata","Dinophyceae","unassigned","unassigned","unassigned","unassigned"
"ASV_4211","Eukaryota","TSAR","Rhizaria","Cercozoa","Cercozoa_X","Cercozoa_XX","Cercozoa_XXX","Cercozoa_XXXX","Cercozoa_XXXX_sp."
"ASV_4214","Eukaryota","TSAR","Alveolata","Ciliophora","Spirotrichea","Choreotrichida-Tintinnina","Eutintinnidae","Eutintinnus","unassigned"
"ASV_4215","Eukaryota","TSAR","Alveolata","Ciliophora","Spirotrichea","unassigned","unassigned","unassigned","unassigned"
"ASV_4216","Eukaryota","TSAR","Alveolata","Dinoflagellata","Dinophyceae","unassigned","unassigned","unassigned","unassigned"
"ASV_4218","Eukaryota","TSAR","Alveolata","Dinoflagellata","Dinophyceae","Dinophyceae_X","Dinophyceae_XX","Dinophyceae_XXX","Dinophyceae_XXX_sp."
"ASV_4223","Eukaryota","TSAR","Rhizaria","Radiolaria","Acantharea","Acantharea_B","Acantharea_B1","Acanthochiasma","Acanthochiasma_sp."
"ASV_4226","Eukaryota","Cryptista","Cryptophyta","Cryptophyta_X","Cryptophyceae","Cryptomonadales","Hemiselmidaceae","Hemiselmis","Hemiselmis_andersenii"
"ASV_4228","Eukaryota","TSAR","Stramenopiles","Gyrista","Chrysophyceae","Chrysophyceae_Clade-EC2H","Chrysophyceae_Clade-EC2H_X","Chrysophyceae_Clade-EC2H_XX","Chrysophyceae_Clade-EC2H_XX_sp."
"ASV_4230","Eukaryota","TSAR","Alveolata","Ciliophora","Spirotrichea","Choreotrichida-Tintinnina","Stenosemellidae","Stenosemella","Stenosemella_sp."
"ASV_4233","Eukaryota","Amoebozoa","Evosea","Evosea_X","Variosea","Variosea_X","Mariager-Fjord-lineage","Mariager-Fjord-lineage_X","Mariager-Fjord-lineage_X_sp."
"ASV_4236","Eukaryota","TSAR","Stramenopiles","Bigyra","Opalozoa","Opalozoa_X","MAST-12","unassigned","unassigned"
"ASV_4237","Eukaryota","TSAR","Stramenopiles","Gyrista","Mediophyceae","Thalassiosirales","Thalassiosiraceae","unassigned","unassigned"
"ASV_4241","Eukaryota","TSAR","Stramenopiles","Gyrista","Mediophyceae","Thalassiosirales","Thalassiosiraceae","unassigned","unassigned"
"ASV_4242","Eukaryota","TSAR","Stramenopiles","Gyrista","Mediophyceae","Thalassiosirales","unassigned","unassigned","unassigned"
"ASV_4246","Eukaryota","Archaeplastida","Picozoa","Picozoa_subdivision_3","Picozoa_subdivision_3_X","Picozoa_subdivision_3_XX","Picozoa_subdivision_3_XXX","Picozoa_subdivision_3_XXXX","Picozoa_subdivision_3_XXXX_sp."
"ASV_4248","Eukaryota","Obazoa","Opisthokonta","Ichthyosporea","Ichthyophonida","Abeoformidae","Abeoformidae_Group_MAIP_1","Abeoformidae_Group_MAIP_1_X","Abeoformidae_Group_MAIP_1_X_sp."
"ASV_4249","Eukaryota","TSAR","Alveolata","Dinoflagellata","Syndiniales","Dino-Group-II","Dino-Group-II-Clade-6","Dino-Group-II-Clade-6_X","Dino-Group-II-Clade-6_X_sp."
"ASV_4251","Eukaryota","TSAR","Stramenopiles","Gyrista","unassigned","unassigned","unassigned","unassigned","unassigned"
"ASV_4252","Eukaryota","TSAR","Alveolata","Dinoflagellata","Dinophyceae","Suessiales","Suessiaceae","Pelagodinium","Pelagodinium_beii"
"ASV_4253","Eukaryota","TSAR","unassigned","unassigned","unassigned","unassigned","unassigned","unassigned","unassigned"
"ASV_4254","Eukaryota","TSAR","Telonemia","Telonemia_X","Telonemia_XX","Telonemia_XXX","Telonemia-Group-1","Telonemia-Group-1_X","Telonemia-Group-1_X_sp."
"ASV_4255","Eukaryota","TSAR","Alveolata","Dinoflagellata","Dinophyceae","Dinophysales","Dinophysaceae","Dinophysis","Dinophysis_acuminata"
"ASV_4257","Eukaryota","TSAR","Alveolata","Dinoflagellata","Syndiniales","Dino-Group-II","Dino-Group-II-Clade-7","Dino-Group-II-Clade-7_X","Dino-Group-II-Clade-7_X_sp."
"ASV_4258","Eukaryota","TSAR","Alveolata","Dinoflagellata","Syndiniales","Syndiniales_X","Syndiniales_XX","Syndiniales_XXX","Syndiniales_XXX_sp."
"ASV_4259","Eukaryota","TSAR","Alveolata","unassigned","unassigned","unassigned","unassigned","unassigned","unassigned"
"ASV_4260","Eukaryota","TSAR","Rhizaria","Cercozoa","Filosa-Imbricatea","Filosa-Imbricatea_X","Novel-clade-2","Novel-clade-2_X","Novel-clade-2_X_sp."
"ASV_4261","Eukaryota","TSAR","Alveolata","Dinoflagellata","unassigned","unassigned","unassigned","unassigned","unassigned"
"ASV_4262","Eukaryota","TSAR","Alveolata","Dinoflagellata","Dinophyceae","Gymnodiniales","Gymnodiniaceae","Polykrikos","Polykrikos_kofoidii"
"ASV_4264","Eukaryota","TSAR","Alveolata","Ciliophora","Spirotrichea","Choreotrichida-Tintinnina","TIN_05","Tintinnopsis_05","Tintinnopsis_05_sp."
"ASV_4266","Eukaryota","TSAR","Stramenopiles","unassigned","unassigned","unassigned","unassigned","unassigned","unassigned"
"ASV_4271","Eukaryota","TSAR","Stramenopiles","Gyrista","unassigned","unassigned","unassigned","unassigned","unassigned"
"ASV_4272","Eukaryota","TSAR","Alveolata","Dinoflagellata","Dinophyceae","Prorocentrales","Prorocentraceae","Prorocentrum","Prorocentrum_sp."
"ASV_4274","Eukaryota","TSAR","Alveolata","Dinoflagellata","Dinophyceae","Dinophyceae_X","Dinophyceae_XX","Dinophyceae_XXX","Dinophyceae_XXX_sp."
"ASV_4279","Eukaryota","TSAR","Stramenopiles","Gyrista","Gyrista_X","Gyrista_XX","MAST-1","MAST-1C","MAST-1C_sp."
"ASV_4283","Eukaryota","TSAR","Alveolata","Dinoflagellata","Dinophyceae","unassigned","unassigned","unassigned","unassigned"
"ASV_4284","Eukaryota","TSAR","Stramenopiles","Gyrista","Coscinodiscophyceae","Rhizosoleniales","Rhizosoleniaceae","Rhizosolenia","Rhizosolenia_fallax"
"ASV_4286","Eukaryota","TSAR","unassigned","unassigned","unassigned","unassigned","unassigned","unassigned","unassigned"
"ASV_4292","Eukaryota","TSAR","Alveolata","Apicomplexa","Gregarinomorphea","unassigned","unassigned","unassigned","unassigned"
"ASV_4293","Eukaryota","TSAR","Rhizaria","Cercozoa","Filosa-Imbricatea","Filosa-Imbricatea_X","Novel-clade-2","Novel-clade-2_X","Novel-clade-2_X_sp."
"ASV_4295","Eukaryota","TSAR","Alveolata","Dinoflagellata","Syndiniales","Dino-Group-I","Dino-Group-I-Clade-1","Dino-Group-I-Clade-1_X","Dino-Group-I-Clade-1_X_sp."
"ASV_4298","Eukaryota","Archaeplastida","Chlorophyta","Chlorophyta_X","Mamiellophyceae","Dolichomastigales","unassigned","unassigned","unassigned"
"ASV_4301","Eukaryota","TSAR","Stramenopiles","Gyrista","Mediophyceae","Thalassiosirales","Thalassiosiraceae","Thalassiosira","unassigned"
"ASV_4302","Eukaryota","TSAR","Rhizaria","Cercozoa","Cercozoa_X","Cercozoa_XX","Cercozoa_XXX","Cercozoa_XXXX","Cercozoa_XXXX_sp."
"ASV_4304","Eukaryota","TSAR","Telonemia","Telonemia_X","Telonemia_XX","Telonemia_XXX","Telonemia-Group-2","Telonemia-Group-2_X","Telonemia-Group-2_X_sp."
"ASV_4307","Eukaryota","Obazoa","Opisthokonta","Choanoflagellata","Choanoflagellatea","Acanthoecida","Stephanoecidae_Group_E","Stephanoecidae_Group_E_X","Stephanoecidae_Group_E_X_sp."
"ASV_4308","Eukaryota","TSAR","Alveolata","Dinoflagellata","Syndiniales","Dino-Group-II","Dino-Group-II-Clade-5","Dino-Group-II-Clade-5_X","Dino-Group-II-Clade-5_X_sp."
"ASV_4310","Eukaryota","TSAR","Alveolata","Dinoflagellata","Syndiniales","Dino-Group-I","Dino-Group-I-Clade-1","Dino-Group-I-Clade-1_X","Dino-Group-I-Clade-1_X_sp."
"ASV_4313","Eukaryota","TSAR","Alveolata","Dinoflagellata","Syndiniales","Dino-Group-I","Dino-Group-I-Clade-4","unassigned","unassigned"
"ASV_4314","Eukaryota","TSAR","Alveolata","Ciliophora","Spirotrichea","Choreotrichida","Choreotrichida_X","Choreotrichida_XX","Choreotrichida_XX_sp."
"ASV_4315","Eukaryota","TSAR","Alveolata","Dinoflagellata","Syndiniales","Dino-Group-II","Dino-Group-II-Clade-7","Dino-Group-II-Clade-7_X","Dino-Group-II-Clade-7_X_sp."
"ASV_4316","Eukaryota","TSAR","Alveolata","Dinoflagellata","Syndiniales","unassigned","unassigned","unassigned","unassigned"
"ASV_4317","Eukaryota","TSAR","Rhizaria","Cercozoa","unassigned","unassigned","unassigned","unassigned","unassigned"
"ASV_4318","Eukaryota","Cryptista","Kathablepharidacea","Kathablepharida","Kathablepharidea","Kathablepharidida","Kathablepharidida_X","Kathablepharidida_XX","Kathablepharidida_XX_sp."
"ASV_4321","Eukaryota","TSAR","Stramenopiles","Gyrista","Mediophyceae","Thalassiosirales","Thalassiosiraceae","Thalassiosira","Thalassiosira_lundiana"
"ASV_4326","Eukaryota","TSAR","Alveolata","Dinoflagellata","Syndiniales","Dino-Group-II","Dino-Group-II-Clade-5","Dino-Group-II-Clade-5_X","Dino-Group-II-Clade-5_X_sp."
"ASV_4331","Eukaryota","TSAR","Stramenopiles","Bigyra","Opalozoa","Nanomonadea","MAST-3","MAST-3I","MAST-3I_sp."
"ASV_4337","Eukaryota","TSAR","Stramenopiles","Gyrista","Mediophyceae","Lithodesmiales","Lithodesmiaceae","Ditylum","Ditylum_brightwellii"
"ASV_4342","Eukaryota","TSAR","Alveolata","Dinoflagellata","Dinophyceae","unassigned","unassigned","unassigned","unassigned"
"ASV_4346","Eukaryota","TSAR","Alveolata","Dinoflagellata","Dinophyceae","unassigned","unassigned","unassigned","unassigned"
"ASV_4347","Eukaryota","TSAR","Rhizaria","Cercozoa","Filosa-Imbricatea","Filosa-Imbricatea_X","Novel-clade-2","Novel-clade-2_X","Novel-clade-2_X_sp."
"ASV_4348","Eukaryota","TSAR","Rhizaria","Cercozoa","Filosa-Thecofilosea","Cryomonadida","Cryothecomonas-lineage","Cryothecomonas","Cryothecomonas_aestivalis"
"ASV_4349","Eukaryota","TSAR","Alveolata","Ciliophora","Spirotrichea","Oligotrichida","Tontoniidae","Pseudotontonia","Pseudotontonia_sp."
"ASV_4352","Eukaryota","TSAR","Alveolata","Dinoflagellata","Dinophyceae","Peridiniales","Protoperidiniaceae","Protoperidinium","Protoperidinium_claudicans"
"ASV_4353","Eukaryota","TSAR","Stramenopiles","Gyrista","MOCH-4","MOCH-4_X","MOCH-4_XX","MOCH-4_XXX","MOCH-4_XXX_sp."
"ASV_4354","Eukaryota","TSAR","Stramenopiles","Gyrista","Bacillariophyceae","unassigned","unassigned","unassigned","unassigned"
"ASV_4362","Eukaryota","TSAR","Alveolata","Dinoflagellata","Dinophyceae","Gymnodiniales","unassigned","unassigned","unassigned"
"ASV_4368","Eukaryota","TSAR","Alveolata","Dinoflagellata","Dinophyceae","Gonyaulacales","Pyrocystaceae","Alexandrium","Alexandrium_andersonii"
"ASV_4371","Eukaryota","TSAR","Alveolata","Dinoflagellata","Syndiniales","Dino-Group-II","Dino-Group-II-Clade-27","Dino-Group-II-Clade-27_X","Dino-Group-II-Clade-27_X_sp."
"ASV_4372","Eukaryota","TSAR","Alveolata","Dinoflagellata","Dinophyceae","unassigned","unassigned","unassigned","unassigned"
"ASV_4374","Eukaryota","TSAR","Alveolata","Dinoflagellata","unassigned","unassigned","unassigned","unassigned","unassigned"
"ASV_4376","Eukaryota","TSAR","Alveolata","Apicomplexa","Gregarinomorphea","Neogregarinorida","Actinocephalidae","Hoplorhynchus","Hoplorhynchus_acanthatholius"
"ASV_4377","Eukaryota","TSAR","Alveolata","Dinoflagellata","Dinophyceae","unassigned","unassigned","unassigned","unassigned"
"ASV_4379","Eukaryota","TSAR","Stramenopiles","Bigyra","Sagenista","Sagenista_X","MAST-8","MAST-8A","MAST-8A_sp."
"ASV_4380","Eukaryota","TSAR","Alveolata","Dinoflagellata","Dinophyceae","unassigned","unassigned","unassigned","unassigned"
"ASV_4382","Eukaryota","TSAR","Alveolata","Dinoflagellata","Dinophyceae","Gonyaulacales","Ceratiaceae","Tripos","unassigned"
"ASV_4383","Eukaryota","Cryptista","Cryptophyta","Cryptophyta_X","Cryptophyceae","Cryptomonadales","Hemiselmidaceae","Hemiselmis","Hemiselmis_cryptochromatica"
"ASV_4386","Eukaryota","TSAR","Rhizaria","Cercozoa","Filosa-Imbricatea","Filosa-Imbricatea_X","Novel-clade-2","Novel-clade-2_X","Novel-clade-2_X_sp."
"ASV_4387","Eukaryota","Obazoa","Opisthokonta","Choanoflagellata","Choanoflagellatea","Acanthoecida","Stephanoecidae_Group_H","Stephanoecidae_Group_H_X","Stephanoecidae_Group_H_X_sp."
"ASV_4393","Eukaryota","TSAR","Alveolata","Dinoflagellata","Dinophyceae","unassigned","unassigned","unassigned","unassigned"
"ASV_4396","Eukaryota","TSAR","Stramenopiles","Gyrista","Chrysophyceae","unassigned","unassigned","unassigned","unassigned"
"ASV_4398","Eukaryota","TSAR","Stramenopiles","Gyrista","Chrysophyceae","Ochromonadales","Ochromonadales_X","Ochromonadales_XX","Ochromonadales_XX_sp."
"ASV_4402","Eukaryota","TSAR","Stramenopiles","Gyrista","unassigned","unassigned","unassigned","unassigned","unassigned"
"ASV_4403","Eukaryota","Archaeplastida","Chlorophyta","Chlorophyta_X","Chloropicophyceae","Chloropicales","Chloropicaceae","Chloroparvula","Chloroparvula_B3_sp."
"ASV_4405","Eukaryota","TSAR","Rhizaria","Cercozoa","unassigned","unassigned","unassigned","unassigned","unassigned"
"ASV_4406","Eukaryota","Haptista","Haptophyta","Haptophyta_X","Prymnesiophyceae","Phaeocystales","Phaeocystaceae","Phaeocystis","Phaeocystis_sp."
"ASV_4408","Eukaryota","TSAR","Stramenopiles","Gyrista","Bacillariophyceae","Bacillariales","Bacillariaceae","Cylindrotheca","Cylindrotheca_sp."
"ASV_4410","Eukaryota","TSAR","Alveolata","Dinoflagellata","Dinophyceae","unassigned","unassigned","unassigned","unassigned"
"ASV_4413","Eukaryota","TSAR","Alveolata","Apicomplexa","Gregarinomorphea","Gregarinomorphea_X","Gregarinomorphea_XX","unassigned","unassigned"
"ASV_4416","Eukaryota","TSAR","Stramenopiles","Bigyra","Opalozoa","Nanomonadea","MAST-3","MAST-3J","MAST-3J_sp."
"ASV_4417","Eukaryota","Archaeplastida","Chlorophyta","Chlorophyta_X","Pyramimonadophyceae","Pyramimonadales","Pyramimonadaceae","Pyramimonas","Pyramimonas_formosa"
"ASV_4421","Eukaryota","TSAR","Stramenopiles","Bigyra","Opalozoa","Nanomonadea","MAST-3","MAST-3E","MAST-3E_sp."
"ASV_4425","Eukaryota","TSAR","Alveolata","Dinoflagellata","Syndiniales","Dino-Group-I","Dino-Group-I-Clade-5","Dino-Group-I-Clade-5_X","Dino-Group-I-Clade-5_X_sp."
"ASV_4427","Eukaryota","TSAR","Alveolata","Dinoflagellata","Syndiniales","Dino-Group-I","Dino-Group-I-Clade-5","Dino-Group-I-Clade-5_X","Dino-Group-I-Clade-5_X_sp."
"ASV_4428","Eukaryota","TSAR","Stramenopiles","Gyrista","MOCH-3","MOCH-3_X","MOCH-3_XX","MOCH-3_XXX","MOCH-3_XXX_sp."
"ASV_4429","Eukaryota","TSAR","Stramenopiles","Gyrista","Gyrista_X","Gyrista_XX","MAST-1","MAST-1A","MAST-1A_sp."
"ASV_4431","Eukaryota","TSAR","Stramenopiles","Gyrista","Bacillariophyceae","Bacillariales","Bacillariaceae","Pseudo-nitzschia","Pseudo-nitzschia_delicatissima"
"ASV_4433","Eukaryota","TSAR","Rhizaria","Cercozoa","Filosa-Thecofilosea","Filosa-Thecofilosea_X","Mataza-lineage","Mataza-lineage_X","Mataza-lineage_X_sp."
"ASV_4434","Eukaryota","TSAR","Alveolata","Ciliophora","Prostomatea","Prorodontida","Urotrichidae","Halodinium","Halodinium_verrucatum"
"ASV_4437","Eukaryota","TSAR","Stramenopiles","Gyrista","Mediophyceae","Chaetocerotales","Chaetocerotaceae","Chaetoceros","Chaetoceros_danicus"
"ASV_4438","Eukaryota","TSAR","Rhizaria","Cercozoa","Chlorarachniophyceae","Chlorarachniophyceae_X","NPK2-lineage","NPK2-lineage_X","NPK2-lineage_X_sp."
"ASV_4443","Eukaryota","TSAR","Stramenopiles","Gyrista","Pirsoniales","Pirsoniales_X","Pirsoniales_XX","Pirsonia","Pirsonia_formosa"
"ASV_4446","Eukaryota","TSAR","Alveolata","Dinoflagellata","Syndiniales","Dino-Group-II","Dino-Group-II-Clade-7","Dino-Group-II-Clade-7_X","Dino-Group-II-Clade-7_X_sp."
"ASV_4447","Eukaryota","TSAR","Stramenopiles","Bigyra","Opalozoa","Nanomonadea","MAST-3","MAST-3J","MAST-3J_sp."
"ASV_4450","Eukaryota","TSAR","unassigned","unassigned","unassigned","unassigned","unassigned","unassigned","unassigned"
"ASV_4452","Eukaryota","TSAR","Alveolata","Dinoflagellata","Dinophyceae","Gymnodiniales","Warnowiaceae","Warnowia","unassigned"
"ASV_4455","Eukaryota","TSAR","Stramenopiles","Bigyra","unassigned","unassigned","unassigned","unassigned","unassigned"
"ASV_4464","Eukaryota","TSAR","Alveolata","Dinoflagellata","Dinophyceae","Gymnodiniales","unassigned","unassigned","unassigned"
"ASV_4468","Eukaryota","TSAR","Alveolata","unassigned","unassigned","unassigned","unassigned","unassigned","unassigned"
"ASV_4471","Eukaryota","TSAR","Alveolata","Dinoflagellata","unassigned","unassigned","unassigned","unassigned","unassigned"
"ASV_4475","Eukaryota","Haptista","Haptophyta","Haptophyta_X","Prymnesiophyceae","Prymnesiales","Chrysochromulinaceae","Chrysochromulina","unassigned"
"ASV_4482","Eukaryota","TSAR","Rhizaria","Cercozoa","unassigned","unassigned","unassigned","unassigned","unassigned"
"ASV_4483","Eukaryota","TSAR","Alveolata","Ciliophora","Spirotrichea","Oligotrichida","Strombidiidae","unassigned","unassigned"
"ASV_4489","Eukaryota","TSAR","Stramenopiles","Gyrista","unassigned","unassigned","unassigned","unassigned","unassigned"
"ASV_4492","Eukaryota","TSAR","Alveolata","Dinoflagellata","Syndiniales","Dino-Group-II","unassigned","unassigned","unassigned"
"ASV_4493","Eukaryota","Excavata","Discoba","Euglenozoa","unassigned","unassigned","unassigned","unassigned","unassigned"
"ASV_4500","Eukaryota","TSAR","Alveolata","Dinoflagellata","Dinophyceae","Suessiales","Suessiaceae","Ansanella","Ansanella_granifera"
"ASV_4504","Eukaryota","TSAR","Stramenopiles","Bigyra","Bicoecea","Bicoecales","Bicoecaceae","Bicosoeca","Bicosoeca_vacillans"
"ASV_4507","Eukaryota","TSAR","Alveolata","Dinoflagellata","Dinophyceae","Peridiniales","Protoperidiniaceae","Protoperidinium","Protoperidinium_excentricum"
"ASV_4510","Eukaryota","TSAR","Alveolata","Dinoflagellata","Dinophyceae","Peridiniales","unassigned","unassigned","unassigned"
"ASV_4514","Eukaryota","Haptista","Haptophyta","Haptophyta_X","Prymnesiophyceae","Prymnesiales","Chrysochromulinaceae","Chrysochromulina","Chrysochromulina_rotalis"
"ASV_4520","Eukaryota","TSAR","Alveolata","Dinoflagellata","Dinophyceae","Gymnodiniales","Gymnodiniaceae","unassigned","unassigned"
"ASV_4525","Eukaryota","TSAR","Alveolata","unassigned","unassigned","unassigned","unassigned","unassigned","unassigned"
"ASV_4528","Eukaryota","TSAR","Alveolata","Dinoflagellata","Dinophyceae","Peridiniales","Protoperidiniaceae","Protoperidinium","unassigned"
"ASV_4535","Eukaryota","TSAR","Alveolata","Dinoflagellata","unassigned","unassigned","unassigned","unassigned","unassigned"
"ASV_4540","Eukaryota","TSAR","Stramenopiles","Gyrista","Phaeophyceae","Phaeophyceae_X","Phaeophyceae_XX","Ectocarpus","unassigned"
"ASV_4541","Eukaryota:nucl","Cryptista:nucl","Cryptophyta:nucl","Cryptophyta_X:nucl","Cryptophyceae:nucl","Cryptomonadales:nucl","Hemiselmidaceae:nucl","Hemiselmis:nucl","unassigned"
"ASV_4542","Eukaryota","TSAR","Stramenopiles","Gyrista","Mediophyceae","Biddulphiales","Attheyaceae","Attheya","unassigned"
"ASV_4543","Eukaryota","Cryptista","unassigned","unassigned","unassigned","unassigned","unassigned","unassigned","unassigned"
"ASV_4545","Eukaryota","TSAR","Alveolata","Dinoflagellata","Syndiniales","Dino-Group-II","unassigned","unassigned","unassigned"
"ASV_4546","Eukaryota","TSAR","Alveolata","unassigned","unassigned","unassigned","unassigned","unassigned","unassigned"
"ASV_4556","Eukaryota","TSAR","Alveolata","Dinoflagellata","Dinophyceae","unassigned","unassigned","unassigned","unassigned"
"ASV_4561","Eukaryota","Archaeplastida","Chlorophyta","Chlorophyta_X","Pyramimonadophyceae","Pyramimonadales","Pterospermaceae","Pterosperma","Pterosperma_cristatum"
"ASV_4569","Eukaryota","TSAR","Alveolata","Dinoflagellata","unassigned","unassigned","unassigned","unassigned","unassigned"
"ASV_4578","Eukaryota","TSAR","Alveolata","Dinoflagellata","Ellobiophyceae","Thalassomycetales","Thalassomycetaceae","Ellobiopsis","Ellobiopsis_chattoni"
"ASV_4580","Eukaryota","TSAR","Alveolata","Apicomplexa","Gregarinomorphea","Eugregarinorida","Porosporidae","Thiriotia","unassigned"
"ASV_4605","Eukaryota","TSAR","Alveolata","Ciliophora","Prostomatea","Prorodontida","Urotrichidae","Urotricha","Urotricha_sp."
"ASV_4606","Eukaryota","TSAR","Stramenopiles","Gyrista","Mediophyceae","Eupodiscales","Parodontellaceae","Trieres","Trieres_sp."
"ASV_4610","Eukaryota","TSAR","Alveolata","unassigned","unassigned","unassigned","unassigned","unassigned","unassigned"
"ASV_4626","Eukaryota","Haptista","Haptophyta","Haptophyta_X","Prymnesiophyceae","Prymnesiales","Chrysochromulinaceae","Chrysochromulina","Chrysochromulina_leadbeateri"
"ASV_4636","Eukaryota","TSAR","Rhizaria","Cercozoa","Filosa-Thecofilosea","unassigned","unassigned","unassigned","unassigned"
"ASV_4638","Eukaryota","TSAR","Rhizaria","Cercozoa","Filosa-Thecofilosea","Ventricleftida","Ventrifissuridae","Ventrifissura","Ventrifissura_velata"
"ASV_4655","Eukaryota","TSAR","Alveolata","Dinoflagellata","unassigned","unassigned","unassigned","unassigned","unassigned"
"ASV_4657","Eukaryota","TSAR","Stramenopiles","Gyrista","Mediophyceae","unassigned","unassigned","unassigned","unassigned"
"ASV_4658","Eukaryota","TSAR","Stramenopiles","Gyrista","unassigned","unassigned","unassigned","unassigned","unassigned"
"ASV_4660","Eukaryota","Archaeplastida","Chlorophyta","Chlorophyta_X","Pyramimonadophyceae","Pyramimonadales","Pyramimonadaceae","Pyramimonas","Pyramimonas_disomata"
"ASV_4669","Eukaryota","TSAR","Alveolata","Ciliophora","Prostomatea","Prostomatea_X","Prostomatea_XX","Hexasterias","Hexasterias_problematica"
"ASV_4674","Eukaryota","TSAR","Rhizaria","Radiolaria","Polycystinea","Spumellaria","Astrosphaeridae","Cladococcus","Cladococcus_scoparius"
"ASV_4679","Eukaryota","TSAR","Telonemia","Telonemia_X","Telonemia_XX","Telonemia_XXX","Telonemia-Group-2","Telonemia-Group-2_X","Telonemia-Group-2_X_sp."
"ASV_4682","Eukaryota","TSAR","Alveolata","Dinoflagellata","Syndiniales","Dino-Group-II","unassigned","unassigned","unassigned"
"ASV_4683","Eukaryota","TSAR","Stramenopiles","Gyrista","unassigned","unassigned","unassigned","unassigned","unassigned"
"ASV_4700","Eukaryota","TSAR","Alveolata","Dinoflagellata","Syndiniales","Dino-Group-II","Dino-Group-II-Clade-10-and-11","Dino-Group-II-Clade-10-and-11_X","Dino-Group-II-Clade-10-and-11_X_sp."
"ASV_4703","Eukaryota","TSAR","Stramenopiles","Gyrista","Pirsoniales","Pirsoniales_X","Pirsoniales_XX","Pirsonia","unassigned"
"ASV_4717","Eukaryota","TSAR","Alveolata","Ciliophora","Prostomatea","Prostomatea_X","Prostomatea_XX","Hexasterias","Hexasterias_problematica"
"ASV_4725","Eukaryota","TSAR","Alveolata","Dinoflagellata","Dinophyceae","unassigned","unassigned","unassigned","unassigned"
"ASV_4738","Eukaryota","TSAR","Rhizaria","Radiolaria","Acantharea","unassigned","unassigned","unassigned","unassigned"
"ASV_4745","Eukaryota","Haptista","Haptophyta","Haptophyta_X","Prymnesiophyceae","Prymnesiales","Chrysochromulinaceae","Chrysochromulina","unassigned"
"ASV_4746","Eukaryota","TSAR","Alveolata","Dinoflagellata","Syndiniales","Dino-Group-II","unassigned","unassigned","unassigned"
"ASV_4748","Eukaryota","TSAR","Alveolata","Dinoflagellata","Dinophyceae","Gymnodiniales","Kareniaceae","Karenia","Karenia_mikimotoi"
"ASV_4771","Eukaryota","TSAR","Alveolata","Dinoflagellata","Dinophyceae","Gymnodiniales","Kareniaceae","Karlodinium","Karlodinium_sp."
"ASV_4773","Eukaryota","TSAR","Alveolata","Dinoflagellata","Dinophyceae","unassigned","unassigned","unassigned","unassigned"
"ASV_4798","Eukaryota","Archaeplastida","unassigned","unassigned","unassigned","unassigned","unassigned","unassigned","unassigned"
"ASV_4803","Eukaryota","TSAR","Alveolata","unassigned","unassigned","unassigned","unassigned","unassigned","unassigned"
"ASV_4804","Eukaryota","TSAR","Stramenopiles","Bigyra","unassigned","unassigned","unassigned","unassigned","unassigned"
"ASV_4805","Eukaryota","TSAR","Alveolata","Ciliophora","Prostomatea","Prostomatea_X","Prostomatea_XX","Hexasterias","Hexasterias_problematica"
"ASV_4808","Eukaryota","TSAR","Rhizaria","Cercozoa","Endomyxa","Vampyrellida","Vampyrellida_X","Vampyrellida_clade_B","Vampyrellida_sp."
"ASV_4818","Eukaryota","TSAR","Alveolata","Dinoflagellata","unassigned","unassigned","unassigned","unassigned","unassigned"
"ASV_4838","Eukaryota","TSAR","Alveolata","Ciliophora","Oligohymenophorea","Scuticociliatia_1","Philasterida","Paralembus","Paralembus_digitiformis"
"ASV_4839","Eukaryota","TSAR","Stramenopiles","Gyrista","Bacillariophyceae","Thalassionematales","Thalassionemataceae","unassigned","unassigned"
"ASV_4840","Eukaryota","TSAR","Rhizaria","Cercozoa","Filosa-Imbricatea","Thaumatomonadida","unassigned","unassigned","unassigned"
"ASV_4841","Eukaryota","TSAR","Rhizaria","Radiolaria","RAD-A","RAD-A_X","RAD-A_Xb","RAD-A_Xb_X","RAD-A_Xb_X_sp."
"ASV_4846","Eukaryota","TSAR","Stramenopiles","Gyrista","unassigned","unassigned","unassigned","unassigned","unassigned"
"ASV_4852","Eukaryota","Archaeplastida","Prasinodermophyta","Prasinodermophyta_X","Prasinodermophyceae","Prasinodermales","Prasinodermaceae","unassigned","unassigned"
"ASV_4858","Eukaryota","TSAR","unassigned","unassigned","unassigned","unassigned","unassigned","unassigned","unassigned"
"ASV_4862","Eukaryota","Archaeplastida","Chlorophyta","Chlorophyta_X","Trebouxiophyceae","Chlorellales","Chlorellales_X","Nannochloris","Nannochloris_sp."
"ASV_4866","Eukaryota","TSAR","Rhizaria","Cercozoa","unassigned","unassigned","unassigned","unassigned","unassigned"
"ASV_4867","Eukaryota","TSAR","Alveolata","Apicomplexa","Gregarinomorphea","Gregarinomorphea_X","Gregarinomorphea_XX","Selenidium","Selenidium_pygospionis"
"ASV_4868","Eukaryota","Archaeplastida","Chlorophyta","Chlorophyta_X","Chlorophyta_XX","Nephroselmidaceae","Nephroselmidaceae_X","Nephroselmidaceae_XX","Nephroselmidaceae_XX_sp."
"ASV_4886","Eukaryota","TSAR","Alveolata","Dinoflagellata","Syndiniales","Dino-Group-II","Dino-Group-II-Clade-10-and-11","Dino-Group-II-Clade-10-and-11_X","Dino-Group-II-Clade-10-and-11_X_sp."
"ASV_4887","Eukaryota","TSAR","Alveolata","Dinoflagellata","Dinophyceae","Suessiales","Borghiellaceae","Dactylodinium","Dactylodinium_pterobelotum"
"ASV_4894","Eukaryota","Archaeplastida","Chlorophyta","Chlorophyta_X","Nephroselmidophyceae","Nephroselmidales","Nephroselmidales_X","Nephroselmis","unassigned"
"ASV_4897","Eukaryota","Archaeplastida","Chlorophyta","Chlorophyta_X","Pyramimonadophyceae","Pyramimonadales","Pterospermaceae","Pterosperma","Pterosperma_cristatum"
"ASV_4905","Eukaryota","Obazoa","Opisthokonta","Ichthyosporea","Ichthyophonida","Pseudoperkinsidae","Pseudoperkinsidae_X","Pseudoperkinsus","Pseudoperkinsus_tapetis"
"ASV_4906","Eukaryota","TSAR","Stramenopiles","Bigyra","Sagenista","Labyrinthulomycetes","Labyrinthulaceae","Aplanochytrium","unassigned"
"ASV_4908","Eukaryota","TSAR","Alveolata","Dinoflagellata","Syndiniales","Dino-Group-II","Dino-Group-II-Clade-9","Dino-Group-II-Clade-9_X","Dino-Group-II-Clade-9_X_sp."
"ASV_4924","Eukaryota","TSAR","Stramenopiles","Gyrista","Raphidophyceae","Raphidophyceae_X","Raphidophyceae_XX","Fibrocapsa","Fibrocapsa_japonica"
"ASV_4929","Eukaryota","TSAR","Alveolata","Ciliophora","Spirotrichea","Oligotrichida","unassigned","unassigned","unassigned"
"ASV_4930","Eukaryota","TSAR","Alveolata","Dinoflagellata","Dinophyceae","Peridiniales","Blastodiniaceae","Blastodinium","Blastodinium_spinulosum"
"ASV_4935","Eukaryota","TSAR","Rhizaria","Cercozoa","Filosa-Thecofilosea","Cryomonadida","unassigned","unassigned","unassigned"
"ASV_4938","Eukaryota","TSAR","Alveolata","Dinoflagellata","Syndiniales","Dino-Group-I","Dino-Group-I-Clade-1","Dino-Group-I-Clade-1_X","Dino-Group-I-Clade-1_X_sp."
"ASV_4960","Eukaryota","TSAR","unassigned","unassigned","unassigned","unassigned","unassigned","unassigned","unassigned"
"ASV_4972","Eukaryota","TSAR","Alveolata","Dinoflagellata","Dinophyceae","Peridiniales","Thoracosphaeraceae","Pentapharsodinium","Pentapharsodinium_tyrrhenicum"
"ASV_4974","Eukaryota","TSAR","Stramenopiles","Bigyra","Sagenista","Labyrinthulomycetes","Labyrinthulomycetes_LAB14","Labyrinthulomycetes_LAB14_X","Labyrinthulomycetes_LAB14_X_sp."
"ASV_4976","Eukaryota","TSAR","Alveolata","Dinoflagellata","unassigned","unassigned","unassigned","unassigned","unassigned"
"ASV_4977","Eukaryota","TSAR","Alveolata","unassigned","unassigned","unassigned","unassigned","unassigned","unassigned"
"ASV_4980","Eukaryota","TSAR","Alveolata","Dinoflagellata","Syndiniales","Dino-Group-II","Dino-Group-II-Clade-40","Dino-Group-II-Clade-40_X","Dino-Group-II-Clade-40_X_sp."
"ASV_4984","Eukaryota","TSAR","Stramenopiles","Bigyra","Sagenista","Sagenista_X","MAST-9","MAST-9D","MAST-9D_sp."
"ASV_4986","Eukaryota","TSAR","Stramenopiles","Gyrista","Chrysophyceae","Chrysophyceae_Clade-EC2H","Chrysophyceae_Clade-EC2H_X","Chrysophyceae_Clade-EC2H_XX","Chrysophyceae_Clade-EC2H_XX_sp."
"ASV_5007","Eukaryota","Archaeplastida","Chlorophyta","Chlorophyta_X","Ulvophyceae","Ulvales-relatives","Ulvales-relatives_X","unassigned","unassigned"
"ASV_5038","Eukaryota","TSAR","Alveolata","Ciliophora","Spirotrichea","Oligotrichida","Strombidiidae","Parallelostrombidium","Parallelostrombidium_conicum"
"ASV_5048","Eukaryota","TSAR","Rhizaria","Radiolaria","Acantharea","unassigned","unassigned","unassigned","unassigned"
"ASV_5053","Eukaryota","TSAR","Alveolata","Apicomplexa","Gregarinomorphea","Gregarinomorphea_X","Gregarinomorphea_XX","unassigned","unassigned"
"ASV_5063","Eukaryota","TSAR","Alveolata","Ciliophora","Spirotrichea","Oligotrichida","Oligotrichida_X","Oligotrichida_XX","Oligotrichida_XX_sp."
"ASV_5084","Eukaryota","TSAR","Alveolata","Apicomplexa","Gregarinomorphea","Gregarinomorphea_X","Gregarinomorphea_XX","unassigned","unassigned"
"ASV_5086","Eukaryota","TSAR","Alveolata","Apicomplexa","Gregarinomorphea","Eugregarinorida","Lecudinidae","unassigned","unassigned"
"ASV_5090","Eukaryota","TSAR","Rhizaria","Cercozoa","Endomyxa-Ascetosporea","Haplosporida","Haplosporidiidae","Haplosporidium","Haplosporidium_edule"
"ASV_5091","Eukaryota","TSAR","Alveolata","Dinoflagellata","Dinophyceae","Peridiniales","Thoracosphaeraceae","unassigned","unassigned"
"ASV_5093","Eukaryota","TSAR","Alveolata","Dinoflagellata","Syndiniales","Dino-Group-II","unassigned","unassigned","unassigned"
"ASV_5094","Eukaryota","TSAR","Alveolata","Apicomplexa","Gregarinomorphea","Eugregarinorida","Gregarinidae","unassigned","unassigned"
"ASV_5095","Eukaryota","Haptista","Haptophyta","Haptophyta_X","Prymnesiophyceae","Phaeocystales","Phaeocystaceae","Phaeocystis","Phaeocystis_jahnii"
"ASV_5096","Eukaryota","TSAR","Rhizaria","Radiolaria","Polycystinea","Spumellaria","Astrosphaeridae","Heliosphaera","Heliosphaera_aff_actinota"
"ASV_5099","Eukaryota","Archaeplastida","Chlorophyta","Chlorophyta_X","unassigned","unassigned","unassigned","unassigned","unassigned"
"ASV_5100","Eukaryota","TSAR","Alveolata","Dinoflagellata","Syndiniales","Dino-Group-II","Dino-Group-II-Clade-1","Dino-Group-II-Clade-1_X","Dino-Group-II-Clade-1_X_sp."
"ASV_5103","Eukaryota","TSAR","Stramenopiles","unassigned","unassigned","unassigned","unassigned","unassigned","unassigned"
"ASV_5109","Eukaryota","TSAR","Stramenopiles","Gyrista","Bacillariophyceae","Protoraphidales","Protoraphidaceae","Pseudohimantidium","Pseudohimantidium_pacificum"
"ASV_5131","Eukaryota","TSAR","Alveolata","Ciliophora","unassigned","unassigned","unassigned","unassigned","unassigned"
"ASV_5144","Eukaryota","TSAR","Alveolata","Dinoflagellata","Dinophyceae","unassigned","unassigned","unassigned","unassigned"
"ASV_5145","Eukaryota","TSAR","Rhizaria","Cercozoa","Filosa-Thecofilosea","Ebriacea","TAGIRI1-lineage","TAGIRI1-lineage_X","TAGIRI1-lineage_X_sp."
"ASV_5148","Eukaryota","TSAR","Alveolata","Dinoflagellata","Syndiniales","Dino-Group-I","Dino-Group-I-Clade-4","Euduboscquella","unassigned"
"ASV_5156","Eukaryota","TSAR","Alveolata","Dinoflagellata","Syndiniales","Dino-Group-II","unassigned","unassigned","unassigned"
"ASV_5164","Eukaryota","TSAR","Rhizaria","Cercozoa","Filosa-Imbricatea","Euglyphida","Euglyphida_X","Euglyphida_XX","Euglyphida_XX_sp."
"ASV_5177","Eukaryota","TSAR","Alveolata","Dinoflagellata","Dinophyceae","unassigned","unassigned","unassigned","unassigned"
"ASV_5178","Eukaryota","TSAR","Alveolata","unassigned","unassigned","unassigned","unassigned","unassigned","unassigned"
"ASV_5179","Eukaryota","TSAR","unassigned","unassigned","unassigned","unassigned","unassigned","unassigned","unassigned"
"ASV_5187","Eukaryota","TSAR","Alveolata","Dinoflagellata","Syndiniales","Dino-Group-II","Dino-Group-II-Clade-6","Dino-Group-II-Clade-6_X","Dino-Group-II-Clade-6_X_sp."
"ASV_5189","Eukaryota","TSAR","Alveolata","Ciliophora","Spirotrichea","Choreotrichida","Strobilidiidae","Pelagostrobilidium","Pelagostrobilidium_paraepacrum"
"ASV_5210","Eukaryota","Haptista","Haptophyta","Haptophyta_X","Prymnesiophyceae","Prymnesiales","unassigned","unassigned","unassigned"
"ASV_5212","Eukaryota","TSAR","Stramenopiles","Gyrista","Mediophyceae","Biddulphiales","Attheyaceae","Attheya","unassigned"
"ASV_5215","Eukaryota","TSAR","Alveolata","Dinoflagellata","Syndiniales","Dino-Group-II","Dino-Group-II-Clade-13","Dino-Group-II-Clade-13_X","Dino-Group-II-Clade-13_X_sp."
"ASV_5240","Eukaryota","TSAR","Alveolata","Dinoflagellata","unassigned","unassigned","unassigned","unassigned","unassigned"
"ASV_5243","Eukaryota","TSAR","Alveolata","Dinoflagellata","Dinophyceae","Gymnodiniales","unassigned","unassigned","unassigned"
"ASV_5249","Eukaryota","TSAR","Rhizaria","Cercozoa","unassigned","unassigned","unassigned","unassigned","unassigned"
"ASV_5253","Eukaryota","TSAR","Stramenopiles","Gyrista","Peronosporomycetes","Peronosporomycetes_X","Olpidophydiales","Olpidiopsis","Olpidiopsis_porphyrae"
"ASV_5258","Eukaryota","TSAR","Stramenopiles","unassigned","unassigned","unassigned","unassigned","unassigned","unassigned"
"ASV_5261","Eukaryota","TSAR","Stramenopiles","unassigned","unassigned","unassigned","unassigned","unassigned","unassigned"
"ASV_5294","Eukaryota","TSAR","Alveolata","Dinoflagellata","Dinophyceae","unassigned","unassigned","unassigned","unassigned"
"ASV_5332","Eukaryota","TSAR","Alveolata","Dinoflagellata","Dinophyceae","Gymnodiniales","Kareniaceae","Karlodinium","Karlodinium_veneficum"
"ASV_5345","Eukaryota","TSAR","Stramenopiles","Gyrista","Mediophyceae","Cymatosirales","Cymatosiraceae","Arcocellulus","unassigned"
"ASV_5356","Eukaryota","TSAR","Alveolata","Ciliophora","unassigned","unassigned","unassigned","unassigned","unassigned"
"ASV_5357","Eukaryota","TSAR","Stramenopiles","Bigyra","Sagenista","Sagenista_X","MAST-4","unassigned","unassigned"
"ASV_5361","Eukaryota","TSAR","Alveolata","Dinoflagellata","Dinophyceae","unassigned","unassigned","unassigned","unassigned"
"ASV_5374","Eukaryota","TSAR","Alveolata","Apicomplexa","Gregarinomorphea","Gregarinomorphea_X","Gregarinomorphea_XX","Ancora","Ancora_sagittata"
"ASV_5376","Eukaryota","TSAR","Stramenopiles","Gyrista","Chrysophyceae","Ochromonadales","Ochromonadales_X","Ochromonadales_XX","Ochromonadales_XX_sp."
"ASV_5384","Eukaryota","TSAR","Alveolata","Dinoflagellata","Syndiniales","Dino-Group-II","Dino-Group-II-Clade-4","Amoebophrya","Amoebophrya_sp."
"ASV_5391","Eukaryota","TSAR","Stramenopiles","Gyrista","Pelagophyceae","Pelagomonadales","Pelagomonadales_clade_B","Pelagomonadales_clade_B2","Pelagomonadales_clade_B2_sp."
"ASV_5392","Eukaryota","Haptista","Haptophyta","Haptophyta_X","Prymnesiophyceae","Prymnesiales","Chrysochromulinaceae","Chrysochromulina","Chrysochromulina_sp."
"ASV_5393","Eukaryota","Haptista","Haptophyta","Haptophyta_X","Prymnesiophyceae","Prymnesiales","Chrysochromulinaceae","Chrysochromulina","unassigned"
"ASV_5394","Eukaryota","TSAR","Alveolata","Dinoflagellata","Dinophyceae","Gymnodiniales","Gymnodiniaceae","Gyrodinium","Gyrodinium_helveticum"
"ASV_5395","Eukaryota","TSAR","Alveolata","Dinoflagellata","Dinophyceae","unassigned","unassigned","unassigned","unassigned"
"ASV_5396","Eukaryota","TSAR","Stramenopiles","Gyrista","Mediophyceae","Cymatosirales","Cymatosiraceae","Arcocellulus","Arcocellulus_mammifer"
"ASV_5398","Eukaryota","TSAR","Alveolata","Dinoflagellata","Dinophyceae","Gymnodiniales","unassigned","unassigned","unassigned"
"ASV_5399","Eukaryota","TSAR","Alveolata","Dinoflagellata","Dinophyceae","unassigned","unassigned","unassigned","unassigned"
"ASV_5400","Eukaryota","TSAR","Alveolata","Dinoflagellata","Dinophyceae","unassigned","unassigned","unassigned","unassigned"
"ASV_5402","Eukaryota","TSAR","Alveolata","Dinoflagellata","unassigned","unassigned","unassigned","unassigned","unassigned"
"ASV_5403","Eukaryota","TSAR","Alveolata","Dinoflagellata","Syndiniales","Dino-Group-I","Dino-Group-I-Clade-4","Dino-Group-I-Clade-4_X","Dino-Group-I-Clade-4_X_sp."
"ASV_5405","Eukaryota","TSAR","Stramenopiles","Gyrista","Mediophyceae","Thalassiosirales","Thalassiosiraceae","Thalassiosira","unassigned"
"ASV_5406","Eukaryota","TSAR","Rhizaria","Cercozoa","Filosa-Thecofilosea","Cryomonadida","Cryothecomonas-lineage","Cryothecomonas","Cryothecomonas_sp."
"ASV_5411","Eukaryota","TSAR","Alveolata","Dinoflagellata","unassigned","unassigned","unassigned","unassigned","unassigned"
"ASV_5413","Eukaryota","TSAR","Alveolata","Dinoflagellata","Dinophyceae","unassigned","unassigned","unassigned","unassigned"
"ASV_5414","Eukaryota","TSAR","Alveolata","Ciliophora","Spirotrichea","Oligotrichida","Strombidiidae","unassigned","unassigned"
"ASV_5418","Eukaryota","TSAR","Alveolata","Dinoflagellata","Syndiniales","unassigned","unassigned","unassigned","unassigned"
"ASV_5426","Eukaryota","TSAR","Alveolata","Dinoflagellata","Syndiniales","Dino-Group-II","Dino-Group-II-Clade-23","Dino-Group-II-Clade-23_X","Dino-Group-II-Clade-23_X_sp."
"ASV_5428","Eukaryota","Obazoa","Opisthokonta","unassigned","unassigned","unassigned","unassigned","unassigned","unassigned"
"ASV_5438","Eukaryota","TSAR","Alveolata","Dinoflagellata","Dinophyceae","unassigned","unassigned","unassigned","unassigned"
"ASV_5439","Eukaryota","TSAR","Alveolata","Dinoflagellata","Dinophyceae","unassigned","unassigned","unassigned","unassigned"
"ASV_5441","Eukaryota","TSAR","Alveolata","Dinoflagellata","Syndiniales","Dino-Group-I","Dino-Group-I-Clade-5","Dino-Group-I-Clade-5_X","Dino-Group-I-Clade-5_X_sp."
"ASV_5444","Eukaryota","Haptista","Haptophyta","Haptophyta_X","Prymnesiophyceae","Prymnesiales","Chrysochromulinaceae","Chrysochromulina","Chrysochromulina_sp."
"ASV_5448","Eukaryota","TSAR","Rhizaria","Cercozoa","Filosa-Thecofilosea","Ebriacea","Ebriida_X","Ebriida_XX","Ebriida_XX_sp."
"ASV_5449","Eukaryota","Haptista","Haptophyta","Haptophyta_X","Prymnesiophyceae","Prymnesiophyceae_Clade_E","Prymnesiophyceae_Clade_E_X","Prymnesiophyceae_Clade_E_XX","Prymnesiophyceae_Clade_E_XX_sp."
"ASV_5450","Eukaryota","TSAR","Alveolata","Dinoflagellata","Dinophyceae","unassigned","unassigned","unassigned","unassigned"
"ASV_5451","Eukaryota","TSAR","Stramenopiles","Bigyra","Sagenista","Labyrinthulomycetes","Thraustochytriaceae","Thraustochytriaceae_LAB17","Thraustochytriaceae_LAB17_sp."
"ASV_5454","Eukaryota","TSAR","Alveolata","Dinoflagellata","unassigned","unassigned","unassigned","unassigned","unassigned"
"ASV_5460","Eukaryota","TSAR","Alveolata","Dinoflagellata","Dinophyceae","Gonyaulacales","Gonyaulacaceae","Gonyaulax","Gonyaulax_membranaceae"
"ASV_5461","Eukaryota","TSAR","Alveolata","Dinoflagellata","Dinophyceae","Gymnodiniales","Gymnodiniaceae","Gyrodinium","Gyrodinium_fusiforme"
"ASV_5465","Eukaryota","TSAR","Alveolata","Dinoflagellata","Dinophyceae","Gymnodiniales","unassigned","unassigned","unassigned"
"ASV_5466","Eukaryota","TSAR","Alveolata","Dinoflagellata","Dinophyceae","Gonyaulacales","Ceratiaceae","Tripos","unassigned"
"ASV_5468","Eukaryota","TSAR","Alveolata","Dinoflagellata","Dinophyceae","unassigned","unassigned","unassigned","unassigned"
"ASV_5469","Eukaryota","TSAR","Telonemia","Telonemia_X","Telonemia_XX","Telonemia_XXX","Telonemia-Group-1","Telonemia-Group-1_X","Telonemia-Group-1_X_sp."
"ASV_5472","Eukaryota","Obazoa","Opisthokonta","unassigned","unassigned","unassigned","unassigned","unassigned","unassigned"
"ASV_5478","Eukaryota","TSAR","Stramenopiles","Gyrista","Mediophyceae","Thalassiosirales","Thalassiosiraceae","Thalassiosira","Thalassiosira_concaviuscula"
"ASV_5479","Eukaryota","TSAR","Rhizaria","Cercozoa","Filosa-Thecofilosea","Cryomonadida","Cryothecomonas-lineage","Cryothecomonas","unassigned"
"ASV_5483","Eukaryota","TSAR","Alveolata","Dinoflagellata","Dinophyceae","Gymnodiniales","Gymnodiniaceae","Gymnodinium","Gymnodinium_dorsalisulcum"
"ASV_5484","Eukaryota","TSAR","Alveolata","Dinoflagellata","Dinophyceae","Gonyaulacales","Ceratiaceae","Tripos","unassigned"
"ASV_5486","Eukaryota","TSAR","Stramenopiles","Gyrista","Mediophyceae","Thalassiosirales","unassigned","unassigned","unassigned"
"ASV_5487","Eukaryota","TSAR","Stramenopiles","Bigyra","Sagenista","Sagenista_X","MAST-4","unassigned","unassigned"
"ASV_5488","Eukaryota","TSAR","Alveolata","Dinoflagellata","Dinophyceae","Gymnodiniales","unassigned","unassigned","unassigned"
"ASV_5489","Eukaryota","TSAR","Alveolata","Dinoflagellata","Dinophyceae","Dinophyceae_X","Dinophyceae_XX","Dinophyceae_XXX","Dinophyceae_XXX_sp."
"ASV_5490","Eukaryota","TSAR","Alveolata","Ciliophora","Spirotrichea","Oligotrichida","Strombidiidae","unassigned","unassigned"
"ASV_5498","Eukaryota","TSAR","Alveolata","Dinoflagellata","Dinophyceae","unassigned","unassigned","unassigned","unassigned"
"ASV_5500","Eukaryota","TSAR","Alveolata","Dinoflagellata","Syndiniales","Dino-Group-II","Dino-Group-II-Clade-5","Dino-Group-II-Clade-5_X","Dino-Group-II-Clade-5_X_sp."
"ASV_5503","Eukaryota","TSAR","Alveolata","Dinoflagellata","Dinophyceae","unassigned","unassigned","unassigned","unassigned"
"ASV_5504","Eukaryota","TSAR","Alveolata","Ciliophora","Spirotrichea","Oligotrichida","Strombidiidae","Strombidium","Strombidium_capitatum"
"ASV_5505","Eukaryota","TSAR","Stramenopiles","Bigyra","Opalozoa","Nanomonadea","MAST-3","MAST-3J","MAST-3J_sp."
"ASV_5507","Eukaryota","TSAR","Alveolata","Dinoflagellata","Dinophyceae","unassigned","unassigned","unassigned","unassigned"
"ASV_5508","Eukaryota","TSAR","Alveolata","Dinoflagellata","Syndiniales","Dino-Group-II","Dino-Group-II_X","Dino-Group-II_XX","Dino-Group-II_XX_sp."
"ASV_5512","Eukaryota","TSAR","Alveolata","Dinoflagellata","Syndiniales","Dino-Group-I","Dino-Group-I-Clade-4","Dino-Group-I-Clade-4_X","Dino-Group-I-Clade-4_X_sp."
"ASV_5525","Eukaryota","TSAR","Alveolata","Dinoflagellata","Dinophyceae","Gymnodiniales","Gymnodiniaceae","Gyrodinium","Gyrodinium_rubrum"
"ASV_5527","Eukaryota","TSAR","Stramenopiles","Bigyra","Sagenista","Sagenista_X","MAST-4","MAST-4C","MAST-4C_sp."
"ASV_5535","Eukaryota","TSAR","Alveolata","Dinoflagellata","unassigned","unassigned","unassigned","unassigned","unassigned"
"ASV_5571","Eukaryota","TSAR","Alveolata","Dinoflagellata","Dinophyceae","unassigned","unassigned","unassigned","unassigned"
"ASV_5573","Eukaryota","TSAR","Alveolata","Dinoflagellata","Dinophyceae","unassigned","unassigned","unassigned","unassigned"
"ASV_5576","Eukaryota","TSAR","Alveolata","Dinoflagellata","Syndiniales","Dino-Group-I","Dino-Group-I-Clade-5","Dino-Group-I-Clade-5_X","Dino-Group-I-Clade-5_X_sp."
"ASV_5577","Eukaryota","TSAR","Alveolata","Dinoflagellata","Dinophyceae","unassigned","unassigned","unassigned","unassigned"
"ASV_5592","Eukaryota","TSAR","Rhizaria","Cercozoa","Filosa-Thecofilosea","Cryomonadida","Protaspa-lineage","Protaspa-lineage_X","Protaspa-lineage_X_sp."
"ASV_5595","Eukaryota","TSAR","Alveolata","Dinoflagellata","Dinophyceae","Dinophyceae_X","Dinophyceae_XX","Dinophyceae_XXX","Dinophyceae_XXX_sp."
"ASV_5597","Eukaryota","TSAR","Alveolata","Dinoflagellata","Dinophyceae","unassigned","unassigned","unassigned","unassigned"
"ASV_5598","Eukaryota","TSAR","Alveolata","Dinoflagellata","Dinophyceae","Gymnodiniales","Gymnodiniaceae","Gyrodinium","unassigned"
"ASV_5601","Eukaryota","Haptista","Haptophyta","Haptophyta_X","Prymnesiophyceae","Syracosphaerales","Syracosphaerales_X","Syracosphaerales_XX","Syracosphaerales_XX_sp."
"ASV_5602","Eukaryota","TSAR","Alveolata","Dinoflagellata","Syndiniales","Dino-Group-I","Dino-Group-I-Clade-5","Dino-Group-I-Clade-5_X","Dino-Group-I-Clade-5_X_sp."
"ASV_5603","Eukaryota","TSAR","Alveolata","Dinoflagellata","Syndiniales","Dino-Group-II","Dino-Group-II-Clade-5","Dino-Group-II-Clade-5_X","Dino-Group-II-Clade-5_X_sp."
"ASV_5604","Eukaryota","TSAR","Rhizaria","Cercozoa","Filosa-Thecofilosea","Cryomonadida","Protaspa-lineage","Protaspa-lineage_X","Protaspa-lineage_X_sp."
"ASV_5605","Eukaryota","TSAR","Alveolata","Dinoflagellata","Dinophyceae","unassigned","unassigned","unassigned","unassigned"
"ASV_5628","Eukaryota","TSAR","Stramenopiles","Gyrista","Dictyochophyceae","Dictyochophyceae_X","unassigned","unassigned","unassigned"
"ASV_5639","Eukaryota","TSAR","Alveolata","Dinoflagellata","Syndiniales","Dino-Group-II","unassigned","unassigned","unassigned"
"ASV_5646","Eukaryota","TSAR","Alveolata","Dinoflagellata","Dinophyceae","Dinophysales","Dinophysaceae","unassigned","unassigned"
"ASV_5647","Eukaryota","TSAR","Alveolata","Dinoflagellata","Dinophyceae","Gonyaulacales","Ceratiaceae","Tripos","unassigned"
"ASV_5650","Eukaryota","Obazoa","Opisthokonta","Choanoflagellata","Choanoflagellatea","Choanoflagellatea_X","Choanoflagellatea_XX","Salpingoeca","Salpingoeca_prava"
"ASV_5651","Eukaryota","TSAR","Alveolata","Dinoflagellata","Syndiniales","Dino-Group-II","Dino-Group-II-Clade-1","Dino-Group-II-Clade-1_X","Dino-Group-II-Clade-1_X_sp."
"ASV_5652","Eukaryota","TSAR","Alveolata","Dinoflagellata","Dinophyceae","Gymnodiniales","unassigned","unassigned","unassigned"
"ASV_5653","Eukaryota","TSAR","Stramenopiles","Bigyra","Sagenista","Sagenista_X","MAST-10","MAST-10_X","MAST-10_X_sp."
"ASV_5656","Eukaryota","TSAR","Telonemia","Telonemia_X","Telonemia_XX","Telonemia_XXX","Telonemia-Group-1","Telonemia-Group-1_X","Telonemia-Group-1_X_sp."
"ASV_5657","Eukaryota","TSAR","Alveolata","Dinoflagellata","Syndiniales","Dino-Group-I","Dino-Group-I-Clade-4","Dino-Group-I-Clade-4_X","Dino-Group-I-Clade-4_X_sp."
"ASV_5658","Eukaryota","TSAR","Alveolata","Dinoflagellata","Dinophyceae","Gymnodiniales","Kareniaceae","Karlodinium","Karlodinium_veneficum"
"ASV_5659","Eukaryota","TSAR","Alveolata","Dinoflagellata","Dinophyceae","unassigned","unassigned","unassigned","unassigned"
"ASV_5662","Eukaryota","TSAR","Alveolata","Ciliophora","Spirotrichea","Oligotrichida","Oligotrichida_X","Oligotrichida_XX","Oligotrichida_XX_sp."
"ASV_5666","Eukaryota","TSAR","Alveolata","Dinoflagellata","Dinophyceae","unassigned","unassigned","unassigned","unassigned"
"ASV_5667","Eukaryota","TSAR","Stramenopiles","Gyrista","Mediophyceae","Thalassiosirales","Thalassiosiraceae","unassigned","unassigned"
"ASV_5668","Eukaryota","TSAR","Alveolata","Dinoflagellata","Dinophyceae","unassigned","unassigned","unassigned","unassigned"
"ASV_5669","Eukaryota","TSAR","Alveolata","Dinoflagellata","Syndiniales","Dino-Group-II","Dino-Group-II-Clade-1","Dino-Group-II-Clade-1_X","Dino-Group-II-Clade-1_X_sp."
"ASV_5671","Eukaryota","TSAR","Stramenopiles","Gyrista","Chrysophyceae","Paraphysomonadales","Paraphysomonadaceae","Paraphysomonas","unassigned"
"ASV_5672","Eukaryota","TSAR","Alveolata","Dinoflagellata","Dinophyceae","Gymnodiniales","Kareniaceae","Karlodinium","Karlodinium_veneficum"
"ASV_5673","Eukaryota","TSAR","Alveolata","Dinoflagellata","Dinophyceae","Peridiniales","unassigned","unassigned","unassigned"
"ASV_5674","Eukaryota","TSAR","Alveolata","Dinoflagellata","Dinophyceae","Peridiniales","Blastodiniaceae","Blastodinium","unassigned"
"ASV_5675","Eukaryota","Haptista","Haptophyta","Haptophyta_X","Prymnesiophyceae","Prymnesiales","Chrysochromulinaceae","Chrysochromulina","Chrysochromulina_sp."
"ASV_5676","Eukaryota","TSAR","Alveolata","Dinoflagellata","Syndiniales","Dino-Group-III","Dino-Group-III_X","Dino-Group-III_XX","Dino-Group-III_XX_sp."
"ASV_5678","Eukaryota","TSAR","Stramenopiles","Gyrista","Mediophyceae","Thalassiosirales","Thalassiosiraceae","Thalassiosira","unassigned"
"ASV_5680","Eukaryota","TSAR","Alveolata","Dinoflagellata","Dinophyceae","Gymnodiniales","Kareniaceae","Karlodinium","unassigned"
"ASV_5681","Eukaryota","TSAR","Alveolata","Dinoflagellata","Dinophyceae","unassigned","unassigned","unassigned","unassigned"
"ASV_5683","Eukaryota","TSAR","Alveolata","Dinoflagellata","Syndiniales","Dino-Group-III","Dino-Group-III_X","Dino-Group-III_XX","Dino-Group-III_XX_sp."
"ASV_5686","Eukaryota","TSAR","Alveolata","Dinoflagellata","Dinophyceae","unassigned","unassigned","unassigned","unassigned"
"ASV_5687","Eukaryota","TSAR","Alveolata","Dinoflagellata","Dinophyceae","Suessiales","Suessiaceae","Biecheleria","Biecheleria_cincta"
"ASV_5688","Eukaryota","TSAR","Telonemia","Telonemia_X","Telonemia_XX","Telonemia_XXX","Telonemia-Group-2","Telonemia-Group-2_X","Telonemia-Group-2_X_sp."
"ASV_5697","Eukaryota","TSAR","Alveolata","Dinoflagellata","Dinophyceae","Dinophyceae_X","Dinophyceae_XX","Dinophyceae_XXX","Dinophyceae_XXX_sp."
"ASV_5698","Eukaryota","Haptista","Haptophyta","Haptophyta_X","Prymnesiophyceae","Prymnesiales","Chrysochromulinaceae","Chrysochromulina","unassigned"
"ASV_5699","Eukaryota","Haptista","Haptophyta","Haptophyta_X","Prymnesiophyceae","unassigned","unassigned","unassigned","unassigned"
"ASV_5701","Eukaryota","TSAR","Rhizaria","Cercozoa","Filosa-Thecofilosea","Cryomonadida","Cryothecomonas-lineage","Cryothecomonas","unassigned"
"ASV_5702","Eukaryota","TSAR","Stramenopiles","Gyrista","Mediophyceae","Cymatosirales","Cymatosiraceae","Arcocellulus","unassigned"
"ASV_5703","Eukaryota","TSAR","Alveolata","Dinoflagellata","Dinophyceae","Gonyaulacales","Ceratiaceae","Tripos","unassigned"
"ASV_5705","Eukaryota","TSAR","Alveolata","Dinoflagellata","Dinophyceae","unassigned","unassigned","unassigned","unassigned"
"ASV_5708","Eukaryota","TSAR","Alveolata","Dinoflagellata","Dinophyceae","Gymnodiniales","Gymnodiniaceae","Gyrodinium","unassigned"
"ASV_5710","Eukaryota","TSAR","Alveolata","Dinoflagellata","Dinophyceae","Gymnodiniales","Gymnodiniaceae","Gyrodinium","Gyrodinium_dominans"
"ASV_5712","Eukaryota","TSAR","Stramenopiles","Gyrista","Bacillariophyceae","unassigned","unassigned","unassigned","unassigned"
"ASV_5714","Eukaryota","TSAR","Alveolata","Dinoflagellata","Syndiniales","Dino-Group-III","Dino-Group-III_X","Dino-Group-III_XX","Dino-Group-III_XX_sp."
"ASV_5717","Eukaryota","TSAR","Alveolata","Dinoflagellata","Dinophyceae","Prorocentrales","Prorocentraceae","Prorocentrum","Prorocentrum_sp."
"ASV_5718","Eukaryota","TSAR","Alveolata","Dinoflagellata","Syndiniales","Dino-Group-II","Dino-Group-II-Clade-10-and-11","Dino-Group-II-Clade-10-and-11_X","Dino-Group-II-Clade-10-and-11_X_sp."
"ASV_5719","Eukaryota","TSAR","Alveolata","Dinoflagellata","Syndiniales","Dino-Group-II","Dino-Group-II-Clade-1","Dino-Group-II-Clade-1_X","Dino-Group-II-Clade-1_X_sp."
"ASV_5720","Eukaryota","Haptista","Haptophyta","Haptophyta_X","Prymnesiophyceae","Prymnesiophyceae_X","Prymnesiophyceae_XX","Prymnesiophyceae_XXX","Prymnesiophyceae_XXX_sp."
"ASV_5721","Eukaryota","TSAR","Alveolata","Dinoflagellata","Syndiniales","Dino-Group-I","Dino-Group-I-Clade-5","Dino-Group-I-Clade-5_X","Dino-Group-I-Clade-5_X_sp."
"ASV_5722","Eukaryota","TSAR","Alveolata","Dinoflagellata","Dinophyceae","Gymnodiniales","Gymnodiniaceae","Gyrodinium","Gyrodinium_heterogrammum"
"ASV_5775","Eukaryota","TSAR","Alveolata","Apicomplexa","Gregarinomorphea","Gregarinomorphea_X","Gregarinomorphea_XX","Selenidium3","Selenidium_terebellae"
"ASV_5777","Eukaryota","Haptista","Haptophyta","Haptophyta_X","Prymnesiophyceae","Prymnesiales","Chrysochromulinaceae","Chrysochromulina","Chrysochromulina_scutellum"
"ASV_5781","Eukaryota","TSAR","Rhizaria","Radiolaria","Acantharea","unassigned","unassigned","unassigned","unassigned"
"ASV_5804","Eukaryota","TSAR","Alveolata","Ciliophora","Spirotrichea","Choreotrichida","Strobilidiidae","Pelagostrobilidium","Pelagostrobilidium_neptuni"
"ASV_5810","Eukaryota","TSAR","Alveolata","Dinoflagellata","Syndiniales","Dino-Group-II","Dino-Group-II-Clade-2","Dino-Group-II-Clade-2_X","Dino-Group-II-Clade-2_X_sp."
"ASV_5820","Eukaryota","TSAR","Rhizaria","Cercozoa","Filosa-Thecofilosea","Cryomonadida","Cryothecomonas-lineage","Cryothecomonas","Cryothecomonas_aestivalis"
"ASV_5821","Eukaryota","TSAR","Alveolata","Dinoflagellata","Dinophyceae","unassigned","unassigned","unassigned","unassigned"
"ASV_5824","Eukaryota","TSAR","Stramenopiles","Gyrista","Pelagophyceae","Pelagomonadales","unassigned","unassigned","unassigned"
"ASV_5825","Eukaryota","TSAR","Alveolata","Dinoflagellata","Dinophyceae","Gymnodiniales","Gymnodiniaceae","Gyrodinium","unassigned"
"ASV_5826","Eukaryota","TSAR","Alveolata","Ciliophora","Spirotrichea","Oligotrichida","Strombidiidae","unassigned","unassigned"
"ASV_5828","Eukaryota","TSAR","Alveolata","Dinoflagellata","Syndiniales","Dino-Group-II","Dino-Group-II-Clade-10-and-11","Dino-Group-II-Clade-10-and-11_X","Dino-Group-II-Clade-10-and-11_X_sp."
"ASV_5829","Eukaryota","TSAR","Stramenopiles","Gyrista","Chrysophyceae","unassigned","unassigned","unassigned","unassigned"
"ASV_5830","Eukaryota","TSAR","Alveolata","Dinoflagellata","Dinophyceae","unassigned","unassigned","unassigned","unassigned"
"ASV_5831","Eukaryota","TSAR","Alveolata","Dinoflagellata","Dinophyceae","Gonyaulacales","Ceratiaceae","Tripos","unassigned"
"ASV_5833","Eukaryota","TSAR","Alveolata","Dinoflagellata","Dinophyceae","Prorocentrales","Prorocentraceae","Prorocentrum","Prorocentrum_sp."
"ASV_5835","Eukaryota","TSAR","unassigned","unassigned","unassigned","unassigned","unassigned","unassigned","unassigned"
"ASV_5836","Eukaryota","Eukaryota_X","Ancyromonadida","Ancyromonadida_X","Ancyromonadida_XX","Ancyromonadida_XXX","Ancyromonadida_Group-1","Ancyromonas","Ancyromonas_micra"
"ASV_5837","Eukaryota","TSAR","Stramenopiles","Gyrista","Gyrista_X","Gyrista_XX","MAST-1","MAST-1C","MAST-1C_sp."
"ASV_5838","Eukaryota","TSAR","Alveolata","Dinoflagellata","Dinophyceae","Dinophysales","Dinophysaceae","unassigned","unassigned"
"ASV_5858","Eukaryota","TSAR","Alveolata","Dinoflagellata","Dinophyceae","Peridiniales","unassigned","unassigned","unassigned"
"ASV_5861","Eukaryota","TSAR","Alveolata","Dinoflagellata","Dinophyceae","unassigned","unassigned","unassigned","unassigned"
"ASV_5863","Eukaryota","TSAR","Alveolata","Dinoflagellata","Syndiniales","Dino-Group-V","Dino-Group-V_X","Dino-Group-V_XX","Dino-Group-V_XX_sp."
"ASV_5864","Eukaryota","TSAR","Alveolata","Dinoflagellata","Dinophyceae","unassigned","unassigned","unassigned","unassigned"
"ASV_5865","Eukaryota","TSAR","Rhizaria","Cercozoa","Filosa-Thecofilosea","Cryomonadida","Cryothecomonas-lineage","Cryothecomonas","Cryothecomonas_sp."
"ASV_5866","Eukaryota","TSAR","Alveolata","Ciliophora","Spirotrichea","Oligotrichida","Strombidiidae","Parallelostrombidium","unassigned"
"ASV_5867","Eukaryota","TSAR","Alveolata","Dinoflagellata","Dinophyceae","unassigned","unassigned","unassigned","unassigned"
"ASV_5868","Eukaryota","TSAR","Alveolata","Ciliophora","Prostomatea","Prorodontida","Urotrichidae","Halodinium","Halodinium_verrucatum"
"ASV_5870","Eukaryota","TSAR","Stramenopiles","Bigyra","Sagenista","Labyrinthulomycetes","Labyrinthulomycetes_LAB9","Labyrinthulomycetes_LAB9_X","Labyrinthulomycetes_LAB9_X_sp."
"ASV_5871","Eukaryota","TSAR","Alveolata","Dinoflagellata","Syndiniales","Dino-Group-II","Dino-Group-II-Clade-13","Dino-Group-II-Clade-13_X","Dino-Group-II-Clade-13_X_sp."
"ASV_5874","Eukaryota","TSAR","Stramenopiles","Gyrista","Mediophyceae","Thalassiosirales","Thalassiosiraceae","Minidiscus","unassigned"
"ASV_5876","Eukaryota","TSAR","Alveolata","Dinoflagellata","Dinophyceae","Gymnodiniales","Gymnodiniaceae","unassigned","unassigned"
"ASV_5877","Eukaryota","TSAR","Alveolata","Ciliophora","Spirotrichea","Oligotrichida","Tontoniidae","unassigned","unassigned"
"ASV_5881","Eukaryota","TSAR","Stramenopiles","Bigyra","Opalozoa","Nanomonadea","MAST-3","MAST-3G","MAST-3G_sp."
"ASV_5885","Eukaryota","Obazoa","Opisthokonta","Choanoflagellata","Choanoflagellatea","Acanthoecida","Acanthoecidae_Group_G","Calliacantha","Calliacantha_natans"
"ASV_5886","Eukaryota","TSAR","Alveolata","Dinoflagellata","Syndiniales","Dino-Group-II","Dino-Group-II-Clade-10-and-11","Dino-Group-II-Clade-10-and-11_X","Dino-Group-II-Clade-10-and-11_X_sp."
"ASV_5887","Eukaryota","TSAR","Alveolata","Dinoflagellata","Syndiniales","Dino-Group-V","Dino-Group-V_X","Dino-Group-V_XX","Dino-Group-V_XX_sp."
"ASV_5888","Eukaryota","TSAR","Rhizaria","Cercozoa","Filosa-Thecofilosea","Cryomonadida","Protaspa-lineage","Protaspa","Protaspa_grandis"
"ASV_5889","Eukaryota","TSAR","Stramenopiles","Gyrista","Mediophyceae","Chaetocerotales","Chaetocerotaceae","Chaetoceros","Chaetoceros_peruvianus-1"
"ASV_5892","Eukaryota","Haptista","Haptophyta","Haptophyta_X","Prymnesiophyceae","Prymnesiales","Chrysochromulinaceae","Chrysochromulina","Chrysochromulina_sp."
"ASV_5894","Eukaryota","TSAR","Alveolata","Dinoflagellata","Dinophyceae","unassigned","unassigned","unassigned","unassigned"
"ASV_5899","Eukaryota","TSAR","Rhizaria","Cercozoa","Filosa-Thecofilosea","Ventricleftida","Ventrifissuridae","Ventrifissura","Ventrifissura_oblonga"
"ASV_5910","Eukaryota","TSAR","Alveolata","Dinoflagellata","Dinophyceae","Dinophyceae_X","Dinophyceae_XX","Dinophyceae_XXX","Dinophyceae_XXX_sp."
"ASV_5911","Eukaryota","TSAR","Alveolata","Dinoflagellata","Syndiniales","Dino-Group-II","unassigned","unassigned","unassigned"
"ASV_5912","Eukaryota","TSAR","Stramenopiles","Bigyra","Sagenista","Sagenista_X","MAST-8","MAST-8D","MAST-8D_sp."
"ASV_5915","Eukaryota","Obazoa","Opisthokonta","Choanoflagellata","Choanoflagellatea","Acanthoecida","Stephanoecidae_Group_D","Stephanoecidae_Group_D_X","Stephanoecidae_Group_D_X_sp."
"ASV_5916","Eukaryota","Haptista","Haptophyta","Haptophyta_X","Prymnesiophyceae","unassigned","unassigned","unassigned","unassigned"
"ASV_5917","Eukaryota","TSAR","Stramenopiles","Gyrista","Dictyochophyceae","Dictyochophyceae_X","unassigned","unassigned","unassigned"
"ASV_5918","Eukaryota","TSAR","Alveolata","Ciliophora","Spirotrichea","Choreotrichida","Strobilidiidae","Pelagostrobilidium","Pelagostrobilidium_neptuni"
"ASV_5921","Eukaryota","TSAR","Stramenopiles","Gyrista","Pelagophyceae","Pelagomonadales","unassigned","unassigned","unassigned"
"ASV_5922","Eukaryota","TSAR","Alveolata","Dinoflagellata","Dinophyceae","Dinophyceae_X","Dinophyceae_XX","Dinophyceae_XXX","Dinophyceae_XXX_sp."
"ASV_5923","Eukaryota","TSAR","Alveolata","Dinoflagellata","Syndiniales","Dino-Group-I","Dino-Group-I-Clade-5","Dino-Group-I-Clade-5_X","Dino-Group-I-Clade-5_X_sp."
"ASV_5926","Eukaryota","TSAR","Alveolata","Dinoflagellata","Dinophyceae","Dinophyceae_X","Dinophyceae_XX","Dinophyceae_XXX","Dinophyceae_XXX_sp."
"ASV_5931","Eukaryota","TSAR","Alveolata","Dinoflagellata","Dinophyceae","unassigned","unassigned","unassigned","unassigned"
"ASV_5933","Eukaryota","TSAR","Alveolata","Dinoflagellata","Syndiniales","Dino-Group-I","Dino-Group-I-Clade-3","Dino-Group-I-Clade-3_X","Dino-Group-I-Clade-3_X_sp."
"ASV_5935","Eukaryota","TSAR","Alveolata","Dinoflagellata","Dinophyceae","Gymnodiniales","Gymnodiniaceae","Gyrodinium","Gyrodinium_heterogrammum"
"ASV_5938","Eukaryota","TSAR","Alveolata","Dinoflagellata","Dinophyceae","unassigned","unassigned","unassigned","unassigned"
"ASV_5939","Eukaryota","TSAR","Stramenopiles","Gyrista","Mediophyceae","Eupodiscales","Odontellaceae","Odontella","unassigned"
"ASV_5946","Eukaryota","TSAR","Alveolata","Dinoflagellata","Syndiniales","Dino-Group-II","unassigned","unassigned","unassigned"
"ASV_5947","Eukaryota","Haptista","Haptophyta","Haptophyta_X","Prymnesiophyceae","Phaeocystales","Phaeocystaceae","Phaeocystis","unassigned"
"ASV_5949","Eukaryota","TSAR","Alveolata","Dinoflagellata","Dinophyceae","unassigned","unassigned","unassigned","unassigned"
"ASV_5950","Eukaryota","TSAR","Alveolata","Dinoflagellata","Syndiniales","Dino-Group-II","Dino-Group-II-Clade-5","Dino-Group-II-Clade-5_X","Dino-Group-II-Clade-5_X_sp."
"ASV_5951","Eukaryota","TSAR","Rhizaria","Cercozoa","Filosa-Thecofilosea","Ebriacea","Ebriida_X","Ebriida_XX","Ebriida_XX_sp."
"ASV_5952","Eukaryota","Haptista","Haptophyta","Haptophyta_X","Prymnesiophyceae","Prymnesiales","Chrysochromulinaceae","Chrysochromulina","unassigned"
"ASV_5953","Eukaryota","Haptista","Haptophyta","Haptophyta_X","Prymnesiophyceae","Isochrysidales","Noelaerhabdaceae","Gephyrocapsa","Gephyrocapsa_oceanica"
"ASV_5954","Eukaryota","TSAR","Alveolata","Dinoflagellata","Dinophyceae","Prorocentrales","Prorocentraceae","Prorocentrum","Prorocentrum_sp."
"ASV_5956","Eukaryota","TSAR","Alveolata","Dinoflagellata","Syndiniales","Dino-Group-II","Dino-Group-II-Clade-5","Dino-Group-II-Clade-5_X","Dino-Group-II-Clade-5_X_sp."
"ASV_5957","Eukaryota","Haptista","Haptophyta","Haptophyta_X","Prymnesiophyceae","Isochrysidales","Noelaerhabdaceae","Gephyrocapsa","Gephyrocapsa_muellerae"
"ASV_5958","Eukaryota","TSAR","Alveolata","Dinoflagellata","Dinophyceae","Gymnodiniales","Gymnodiniaceae","unassigned","unassigned"
"ASV_5959","Eukaryota","TSAR","Rhizaria","Cercozoa","Filosa-Thecofilosea","Cryomonadida","Cryothecomonas-lineage","Cryothecomonas","Cryothecomonas_aestivalis"
"ASV_5961","Eukaryota","TSAR","Alveolata","Dinoflagellata","Dinophyceae","Prorocentrales","Prorocentraceae","Prorocentrum","Prorocentrum_sp."
"ASV_5962","Eukaryota","TSAR","Alveolata","Dinoflagellata","Dinophyceae","Gymnodiniales","Gymnodiniaceae","Lepidodinium","Lepidodinium_chlorophorum"
"ASV_5963","Eukaryota","TSAR","Alveolata","Dinoflagellata","Syndiniales","Dino-Group-II","Dino-Group-II-Clade-10-and-11","Dino-Group-II-Clade-10-and-11_X","Dino-Group-II-Clade-10-and-11_X_sp."
"ASV_5965","Eukaryota","TSAR","Alveolata","Dinoflagellata","Syndiniales","Dino-Group-II","Dino-Group-II-Clade-17","Dino-Group-II-Clade-17_X","Dino-Group-II-Clade-17_X_sp."
"ASV_5971","Eukaryota","TSAR","Alveolata","Dinoflagellata","Syndiniales","Dino-Group-I","Dino-Group-I-Clade-4","Dino-Group-I-Clade-4_X","Dino-Group-I-Clade-4_X_sp."
"ASV_5973","Eukaryota","TSAR","Alveolata","Dinoflagellata","Dinophyceae","Gymnodiniales","unassigned","unassigned","unassigned"
"ASV_5974","Eukaryota","TSAR","Alveolata","Dinoflagellata","Dinophyceae","unassigned","unassigned","unassigned","unassigned"
"ASV_5975","Eukaryota","TSAR","Alveolata","Dinoflagellata","Dinophyceae","unassigned","unassigned","unassigned","unassigned"
"ASV_5978","Eukaryota","TSAR","Alveolata","Dinoflagellata","Dinophyceae","Suessiales","Suessiaceae","Biecheleria","Biecheleria_cincta"
"ASV_5981","Eukaryota","TSAR","Alveolata","Dinoflagellata","Dinophyceae","unassigned","unassigned","unassigned","unassigned"
"ASV_5984","Eukaryota","TSAR","Alveolata","Dinoflagellata","Dinophyceae","unassigned","unassigned","unassigned","unassigned"
"ASV_5986","Eukaryota","Obazoa","Opisthokonta","Choanoflagellata","Choanoflagellatea","Acanthoecida","Stephanoecidae_Group_E","Stephanoecidae_Group_E_X","Stephanoecidae_Group_E_X_sp."
"ASV_5987","Eukaryota","TSAR","Alveolata","Dinoflagellata","Syndiniales","Dino-Group-II","Dino-Group-II-Clade-10-and-11","Dino-Group-II-Clade-10-and-11_X","Dino-Group-II-Clade-10-and-11_X_sp."
"ASV_5988","Eukaryota","Archaeplastida","Picozoa","Picozoa_subdivision_4","Picozoa_subdivision_4_X","Picozoa_subdivision_4_XX","Picozoa_subdivision_4_XXX","Picozoa_subdivision_4_XXXX","Picozoa_subdivision_4_XXXX_sp."
"ASV_5989","Eukaryota","TSAR","Telonemia","Telonemia_X","Telonemia_XX","Telonemia_XXX","Telonemia-Group-2","Telonemia-Group-2_X","Telonemia-Group-2_X_sp."
"ASV_6001","Eukaryota","TSAR","Alveolata","Dinoflagellata","Syndiniales","unassigned","unassigned","unassigned","unassigned"
"ASV_6005","Eukaryota","TSAR","Alveolata","Ciliophora","Spirotrichea","Choreotrichida-Tintinnina","Eutintinnidae","Eutintinnus","Eutintinnus_tenuis"
"ASV_6017","Eukaryota","TSAR","Stramenopiles","Gyrista","Chrysophyceae","Chrysophyceae_Clade-EC2H","Chrysophyceae_Clade-EC2H_X","Chrysophyceae_Clade-EC2H_XX","Chrysophyceae_Clade-EC2H_XX_sp."
"ASV_6039","Eukaryota","TSAR","Alveolata","Apicomplexa","Gregarinomorphea","Eugregarinorida","unassigned","unassigned","unassigned"
"ASV_6042","Eukaryota","Excavata","Discoba","Euglenozoa","Kinetoplastea","unassigned","unassigned","unassigned","unassigned"
"ASV_6064","Eukaryota","Excavata","Discoba","Euglenozoa","Diplonemea","Diplonemida","Diplonemidae","Rhynchopus","unassigned"
"ASV_6080","Eukaryota","Archaeplastida","Chlorophyta","Chlorophyta_X","Mamiellophyceae","Dolichomastigales","Crustomastigaceae","Crustomastix","unassigned"
"ASV_6088","Eukaryota","TSAR","Alveolata","Dinoflagellata","Syndiniales","unassigned","unassigned","unassigned","unassigned"
"ASV_6092","Eukaryota","TSAR","Stramenopiles","Gyrista","Bacillariophyceae","Naviculales","unassigned","unassigned","unassigned"
"ASV_6094","Eukaryota","Amoebozoa","Discosea","Discosea_X","Flabellinia","Vannellida","Vannellidae","Vannella","Vannella_contorta"
"ASV_6116","Eukaryota","TSAR","Stramenopiles","Gyrista","Gyrista_X","Gyrista_XX","MAST-1","MAST-1C","MAST-1C_sp."
"ASV_6122","Eukaryota","TSAR","Alveolata","Dinoflagellata","unassigned","unassigned","unassigned","unassigned","unassigned"
"ASV_6138","Eukaryota","TSAR","Alveolata","Dinoflagellata","Syndiniales","Dino-Group-I","Dino-Group-I-Clade-1","Dino-Group-I-Clade-1_X","Dino-Group-I-Clade-1_X_sp."
"ASV_6154","Eukaryota","TSAR","Alveolata","unassigned","unassigned","unassigned","unassigned","unassigned","unassigned"
"ASV_6165","Eukaryota","TSAR","Stramenopiles","Gyrista","Bolidophyceae","Parmales","Parmales_env_3","unassigned","unassigned"
"ASV_6167","Eukaryota","TSAR","Alveolata","Dinoflagellata","unassigned","unassigned","unassigned","unassigned","unassigned"
"ASV_6169","Eukaryota","TSAR","Rhizaria","Cercozoa","Filosa-Thecofilosea","unassigned","unassigned","unassigned","unassigned"
"ASV_6170","Eukaryota","TSAR","Alveolata","Dinoflagellata","Dinophyceae","Gymnodiniales","Gymnodiniaceae","Gyrodinium","unassigned"
"ASV_6176","Eukaryota","TSAR","Alveolata","Dinoflagellata","Syndiniales","Dino-Group-I","Dino-Group-I-Clade-4","unassigned","unassigned"
"ASV_6180","Eukaryota","TSAR","Alveolata","Dinoflagellata","Dinophyceae","unassigned","unassigned","unassigned","unassigned"
"ASV_6181","Eukaryota","TSAR","Stramenopiles","Gyrista","Mediophyceae","Thalassiosirales","Thalassiosiraceae","Thalassiosira","unassigned"
"ASV_6183","Eukaryota","TSAR","Alveolata","Dinoflagellata","Dinophyceae","unassigned","unassigned","unassigned","unassigned"
"ASV_6187","Eukaryota","TSAR","Stramenopiles","Gyrista","Bolidophyceae","Parmales","unassigned","unassigned","unassigned"
"ASV_6190","Eukaryota","TSAR","Stramenopiles","Gyrista","MOCH-1","MOCH-1_X","MOCH-1_XX","MOCH-1_XXX","MOCH-1_XXX_sp."
"ASV_6191","Eukaryota","TSAR","Stramenopiles","Gyrista","Chrysophyceae","Chrysophyceae_Clade-EC2I","Chrysophyceae_Clade-EC2I_X","Chrysophyceae_Clade-EC2I_XX","Chrysophyceae_Clade-EC2I_XX_sp."
"ASV_6194","Eukaryota","TSAR","Stramenopiles","Gyrista","Peronosporomycetes","Peronosporomycetes_X","unassigned","unassigned","unassigned"
"ASV_6200","Eukaryota","TSAR","Alveolata","Dinoflagellata","Dinophyceae","Gonyaulacales","Gonyaulacaceae","Spiniferites","Spiniferites_ramosus"
"ASV_6203","Eukaryota","TSAR","Alveolata","Dinoflagellata","Dinophyceae","Gymnodiniales","Gymnodiniaceae","Gyrodinium","Gyrodinium_heterogrammum"
"ASV_6211","Eukaryota","TSAR","Alveolata","Dinoflagellata","Syndiniales","Dino-Group-II","Dino-Group-II-Clade-5","Dino-Group-II-Clade-5_X","Dino-Group-II-Clade-5_X_sp."
"ASV_6212","Eukaryota","TSAR","Alveolata","Dinoflagellata","Dinophyceae","Prorocentrales","Prorocentraceae","Prorocentrum","Prorocentrum_sp."
"ASV_6213","Eukaryota","Cryptista","Cryptophyta","Cryptophyta_X","Cryptophyceae","Cryptomonadales","Cryptomonadales_X","Rhinomonas","Rhinomonas_nottbecki"
"ASV_6214","Eukaryota","TSAR","Alveolata","Dinoflagellata","Syndiniales","Dino-Group-II","Dino-Group-II-Clade-13","Dino-Group-II-Clade-13_X","Dino-Group-II-Clade-13_X_sp."
"ASV_6215","Eukaryota","Obazoa","Opisthokonta","Ichthyosporea","Ichthyophonida","Ichthyophonida_X","Ichthyophonida_XX","Ichthyophonida_XXX","Ichthyophonida_XXX_sp."
"ASV_6217","Eukaryota","TSAR","Stramenopiles","Gyrista","Dictyochophyceae","Dictyochophyceae_X","Florenciellales","Pseudochattonella","unassigned"
"ASV_6218","Eukaryota","TSAR","Alveolata","Dinoflagellata","Syndiniales","Dino-Group-II","Dino-Group-II-Clade-4","Dino-Group-II-Clade-4_X","Dino-Group-II-Clade-4_X_sp."
"ASV_6219","Eukaryota","TSAR","Stramenopiles","Gyrista","Chrysophyceae","Ochromonadales","Ochromonadales_X","Ochromonadales_XX","Ochromonadales_XX_sp."
"ASV_6238","Eukaryota","TSAR","Stramenopiles","Bigyra","Sagenista","Sagenista_X","MAST-8","MAST-8B","MAST-8B_sp."
"ASV_6247","Eukaryota","TSAR","Alveolata","Dinoflagellata","Syndiniales","Dino-Group-II","Dino-Group-II-Clade-17","Dino-Group-II-Clade-17_X","Dino-Group-II-Clade-17_X_sp."
"ASV_6251","Eukaryota","TSAR","Alveolata","Dinoflagellata","Dinophyceae","Gymnodiniales","Gymnodiniaceae","unassigned","unassigned"
"ASV_6254","Eukaryota","TSAR","Alveolata","Dinoflagellata","Dinophyceae","Gymnodiniales","Gymnodiniaceae","Gymnodinium","Gymnodinium_sp."
"ASV_6258","Eukaryota","TSAR","Alveolata","Dinoflagellata","Dinophyceae","unassigned","unassigned","unassigned","unassigned"
"ASV_6262","Eukaryota","Excavata","Discoba","Euglenozoa","Diplonemea","Diplonemida","Hemistasiidae","Hemistasia","Hemistasia_phaeocysticola"
"ASV_6263","Eukaryota","TSAR","Alveolata","Dinoflagellata","Dinophyceae","Gymnodiniales","Gymnodiniaceae","Lepidodinium","Lepidodinium_chlorophorum"
"ASV_6265","Eukaryota","TSAR","Alveolata","Dinoflagellata","Dinophyceae","Gymnodiniales","Gymnodiniaceae","unassigned","unassigned"
"ASV_6267","Eukaryota","TSAR","Alveolata","Dinoflagellata","Dinophyceae","Dinophyceae_X","Dinophyceae_XX","Dinophyceae_XXX","Dinophyceae_XXX_sp."
"ASV_6269","Eukaryota","TSAR","Alveolata","Dinoflagellata","Dinophyceae","unassigned","unassigned","unassigned","unassigned"
"ASV_6270","Eukaryota","TSAR","Stramenopiles","Gyrista","Mediophyceae","Cymatosirales","Cymatosiraceae","Arcocellulus","unassigned"
"ASV_6271","Eukaryota","TSAR","Stramenopiles","Bigyra","Sagenista","Sagenista_X","MAST-10","MAST-10_X","MAST-10_X_sp."
"ASV_6272","Eukaryota","TSAR","Alveolata","Dinoflagellata","Dinophyceae","unassigned","unassigned","unassigned","unassigned"
"ASV_6280","Eukaryota","TSAR","Stramenopiles","Gyrista","Pelagophyceae","Pelagomonadales","unassigned","unassigned","unassigned"
"ASV_6284","Eukaryota","TSAR","Alveolata","Dinoflagellata","Dinophyceae","Gymnodiniales","Gymnodiniaceae","Gymnodinium","Gymnodinium_sp."
"ASV_6285","Eukaryota","TSAR","Alveolata","Dinoflagellata","Dinophyceae","unassigned","unassigned","unassigned","unassigned"
"ASV_6288","Eukaryota","TSAR","Alveolata","Dinoflagellata","Dinophyceae","Peridiniales","unassigned","unassigned","unassigned"
"ASV_6289","Eukaryota","TSAR","Alveolata","Dinoflagellata","Dinophyceae","Dinophyceae_X","Dinophyceae_XX","Dinophyceae_XXX","Dinophyceae_XXX_sp."
"ASV_6290","Eukaryota","TSAR","Alveolata","Dinoflagellata","Dinophyceae","Gymnodiniales","Gymnodiniaceae","Margalefidinium","Margalefidinium_fulvescens"
"ASV_6291","Eukaryota","TSAR","Alveolata","Ciliophora","Spirotrichea","Choreotrichida-Tintinnina","Xystonellidae","unassigned","unassigned"
"ASV_6292","Eukaryota","TSAR","Stramenopiles","Gyrista","Bacillariophyceae","Bacillariales","Bacillariaceae","Cylindrotheca","Cylindrotheca_closterium"
"ASV_6298","Eukaryota","TSAR","Alveolata","Dinoflagellata","Dinophyceae","Peridiniales","Heterocapsaceae","Heterocapsa","unassigned"
"ASV_6299","Eukaryota","TSAR","Alveolata","Dinoflagellata","Dinophyceae","unassigned","unassigned","unassigned","unassigned"
"ASV_6302","Eukaryota","TSAR","Rhizaria","Cercozoa","Filosa-Thecofilosea","Ebriacea","TAGIRI1-lineage","TAGIRI1-lineage_X","TAGIRI1-lineage_X_sp."
"ASV_6303","Eukaryota","TSAR","Alveolata","Ciliophora","Spirotrichea","Oligotrichida","Strombidiidae","Strombidiidae_X","Strombidiidae_X_sp."
"ASV_6305","Eukaryota","TSAR","Alveolata","Dinoflagellata","Dinophyceae","Gymnodiniales","unassigned","unassigned","unassigned"
"ASV_6307","Eukaryota","TSAR","Alveolata","Ciliophora","Spirotrichea","Choreotrichida-Tintinnina","Choreotrichida-Tintinnina_X","Choreotrichida-Tintinnina_XX","Choreotrichida-Tintinnina_XX_sp."
"ASV_6308","Eukaryota","TSAR","Alveolata","Dinoflagellata","Dinophyceae","unassigned","unassigned","unassigned","unassigned"
"ASV_6312","Eukaryota","TSAR","Stramenopiles","Gyrista","Mediophyceae","Thalassiosirales","Thalassiosiraceae","Thalassiosira","unassigned"
"ASV_6313","Eukaryota","TSAR","Stramenopiles","Gyrista","Mediophyceae","Thalassiosirales","Thalassiosiraceae","unassigned","unassigned"
"ASV_6316","Eukaryota","TSAR","Alveolata","Dinoflagellata","Syndiniales","Dino-Group-II","Dino-Group-II-Clade-22","Dino-Group-II-Clade-22_X","Dino-Group-II-Clade-22_X_sp."
"ASV_6317","Eukaryota","TSAR","Stramenopiles","Gyrista","Mediophyceae","Cymatosirales","Cymatosiraceae","unassigned","unassigned"
"ASV_6319","Eukaryota","Obazoa","Opisthokonta","Choanoflagellata","Choanoflagellatea","Acanthoecida","unassigned","unassigned","unassigned"
"ASV_6325","Eukaryota","TSAR","Alveolata","Ciliophora","Spirotrichea","Oligotrichida","Strombidiidae","unassigned","unassigned"
"ASV_6326","Eukaryota","TSAR","Stramenopiles","Bigyra","Sagenista","Sagenista_X","MAST-9","MAST-9C","MAST-9C_sp."
"ASV_6327","Eukaryota","TSAR","Rhizaria","Cercozoa","Filosa-Thecofilosea","Ebriacea","Ebriidae","Ebria","Ebria_tripartita"
"ASV_6386","Eukaryota","TSAR","Stramenopiles","unassigned","unassigned","unassigned","unassigned","unassigned","unassigned"
"ASV_6392","Eukaryota","TSAR","Stramenopiles","unassigned","unassigned","unassigned","unassigned","unassigned","unassigned"
"ASV_6397","Eukaryota","Archaeplastida","unassigned","unassigned","unassigned","unassigned","unassigned","unassigned","unassigned"
"ASV_6402","Eukaryota","Archaeplastida","Chlorophyta","Chlorophyta_X","Mamiellophyceae","Dolichomastigales","Dolichomastigaceae","Dolichomastigaceae-B","Dolichomastigaceae-B_sp."
"ASV_6411","Eukaryota","TSAR","Stramenopiles","Bigyra","Sagenista","Labyrinthulomycetes","Labyrinthulomycetes_LAB4","Labyrinthulomycetes_LAB4_X","Labyrinthulomycetes_LAB4_X_sp."
"ASV_6412","Eukaryota","TSAR","Stramenopiles","Bigyra","Sagenista","Labyrinthulomycetes","Labyrinthulomycetes_LAB4","Labyrinthulomycetes_LAB4_X","Labyrinthulomycetes_LAB4_X_sp."
"ASV_6413","Eukaryota","Cryptista","Cryptophyta","Cryptophyta_X","Cryptophyceae","Pyrenomonadales","Pyrenomonadaceae","Rhodomonas","Rhodomonas_minuta"
"ASV_6417","Eukaryota","TSAR","Stramenopiles","Gyrista","Mediophyceae","Thalassiosirales","unassigned","unassigned","unassigned"
"ASV_6425","Eukaryota","TSAR","Alveolata","Dinoflagellata","Syndiniales","Dino-Group-II","unassigned","unassigned","unassigned"
"ASV_6428","Eukaryota","TSAR","Alveolata","Dinoflagellata","Dinophyceae","unassigned","unassigned","unassigned","unassigned"
"ASV_6429","Eukaryota","TSAR","Alveolata","Dinoflagellata","Syndiniales","Dino-Group-I","Dino-Group-I-Clade-5","Dino-Group-I-Clade-5_X","Dino-Group-I-Clade-5_X_sp."
"ASV_6430","Eukaryota","TSAR","Stramenopiles","Bigyra","Sagenista","Labyrinthulomycetes","Labyrinthulomycetes_LAB14","Labyrinthulomycetes_LAB14_X","Labyrinthulomycetes_LAB14_X_sp."
"ASV_6433","Eukaryota","TSAR","Alveolata","Dinoflagellata","Dinophyceae","Gonyaulacales","Ceratiaceae","Tripos","unassigned"
"ASV_6434","Eukaryota","TSAR","Stramenopiles","Gyrista","Mediophyceae","Cymatosirales","Cymatosiraceae","Arcocellulus","unassigned"
"ASV_6435","Eukaryota","TSAR","Alveolata","Dinoflagellata","Dinophyceae","unassigned","unassigned","unassigned","unassigned"
"ASV_6437","Eukaryota","TSAR","Alveolata","Dinoflagellata","Dinophyceae","Gonyaulacales","Ceratiaceae","Tripos","unassigned"
"ASV_6438","Eukaryota","TSAR","Alveolata","Dinoflagellata","Dinophyceae","Gymnodiniales","unassigned","unassigned","unassigned"
"ASV_6441","Eukaryota","TSAR","Alveolata","Dinoflagellata","Syndiniales","Dino-Group-II","Dino-Group-II-Clade-4","Dino-Group-II-Clade-4_X","Dino-Group-II-Clade-4_X_sp."
"ASV_6483","Eukaryota","TSAR","Alveolata","Dinoflagellata","Dinophyceae","Gymnodiniales","Gymnodiniaceae","Gyrodinium","Gyrodinium_spirale"
"ASV_6486","Eukaryota","TSAR","Alveolata","Dinoflagellata","Dinophyceae","Gymnodiniales","Gymnodiniaceae","Gyrodinium","Gyrodinium_spirale"
"ASV_6487","Eukaryota","TSAR","Rhizaria","Cercozoa","Filosa-Thecofilosea","Cryomonadida","Cryothecomonas-lineage","Cryothecomonas","Cryothecomonas_sp."
"ASV_6496","Eukaryota","TSAR","Alveolata","Dinoflagellata","Syndiniales","Dino-Group-II","Dino-Group-II-Clade-5","Dino-Group-II-Clade-5_X","Dino-Group-II-Clade-5_X_sp."
"ASV_6499","Eukaryota","TSAR","Alveolata","Ciliophora","Spirotrichea","Oligotrichida","Strombidiidae","Strombidiidae_X","Strombidiidae_X_sp."
"ASV_6500","Eukaryota","TSAR","Alveolata","Ciliophora","Spirotrichea","Oligotrichida","Strombidiidae","Strombidiidae_X","Strombidiidae_X_sp."
"ASV_6501","Eukaryota","TSAR","Stramenopiles","Gyrista","Peronosporomycetes","Peronosporomycetes_X","Atkinsiellales","Atkinsiella","Atkinsiella_dubia"
"ASV_6503","Eukaryota","TSAR","Alveolata","Dinoflagellata","Syndiniales","Dino-Group-II","Dino-Group-II-Clade-10-and-11","Dino-Group-II-Clade-10-and-11_X","Dino-Group-II-Clade-10-and-11_X_sp."
"ASV_6508","Eukaryota","TSAR","Alveolata","Dinoflagellata","Dinophyceae","Dinophyceae_X","Dinophyceae_XX","Dinophyceae_XXX","Dinophyceae_XXX_sp."
"ASV_6509","Eukaryota","Obazoa","Opisthokonta","unassigned","unassigned","unassigned","unassigned","unassigned","unassigned"
"ASV_6510","Eukaryota","TSAR","Alveolata","Dinoflagellata","Syndiniales","Dino-Group-III","Dino-Group-III_X","Dino-Group-III_XX","Dino-Group-III_XX_sp."
"ASV_6511","Eukaryota","TSAR","Alveolata","Dinoflagellata","Syndiniales","Dino-Group-III","Dino-Group-III_X","Dino-Group-III_XX","Dino-Group-III_XX_sp."
"ASV_6518","Eukaryota","TSAR","Stramenopiles","Bigyra","Opalozoa","Nanomonadea","MAST-3","MAST-3G","MAST-3G_sp."
"ASV_6533","Eukaryota","TSAR","Alveolata","Dinoflagellata","unassigned","unassigned","unassigned","unassigned","unassigned"
"ASV_6541","Eukaryota","TSAR","Stramenopiles","Bigyra","Opalozoa","Nanomonadea","MAST-3","MAST-3J","MAST-3J_sp."
"ASV_6543","Eukaryota","TSAR","Alveolata","Dinoflagellata","Dinophyceae","Gymnodiniales","Gymnodiniaceae","Gyrodinium","unassigned"
"ASV_6544","Eukaryota","TSAR","Stramenopiles","Gyrista","Bacillariophyceae","unassigned","unassigned","unassigned","unassigned"
"ASV_6549","Eukaryota","TSAR","Alveolata","Dinoflagellata","Dinophyceae","Dinophyceae_X","Dinophyceae_XX","Dinophyceae_XXX","Dinophyceae_XXX_sp."
"ASV_6552","Eukaryota","TSAR","Stramenopiles","Gyrista","Gyrista_X","Gyrista_XX","MAST-1","MAST-1C","MAST-1C_sp."
"ASV_6553","Eukaryota","TSAR","Alveolata","Ciliophora","Spirotrichea","Oligotrichida","Strombidiidae","unassigned","unassigned"
"ASV_6555","Eukaryota","TSAR","Stramenopiles","Gyrista","Bacillariophyceae","Rhaponeidales","Rhaphoneidaceae","Delphineis","Delphineis_sp."
"ASV_6559","Eukaryota","TSAR","Alveolata","Dinoflagellata","Syndiniales","Dino-Group-II","Dino-Group-II-Clade-7","Dino-Group-II-Clade-7_X","Dino-Group-II-Clade-7_X_sp."
"ASV_6562","Eukaryota","TSAR","Alveolata","Dinoflagellata","Dinophyceae","Peridiniales","Blastodiniaceae","Blastodinium","Blastodinium_mangini"
"ASV_6566","Eukaryota","TSAR","Stramenopiles","Gyrista","Bacillariophyceae","Rhaponeidales","Rhaphoneidaceae","Delphineis","Delphineis_sp."
"ASV_6567","Eukaryota","TSAR","Alveolata","Dinoflagellata","Syndiniales","Dino-Group-III","Dino-Group-III_X","Dino-Group-III_XX","Dino-Group-III_XX_sp."
"ASV_6568","Eukaryota","TSAR","Alveolata","Dinoflagellata","Dinophyceae","unassigned","unassigned","unassigned","unassigned"
"ASV_6569","Eukaryota","Haptista","Haptophyta","Haptophyta_X","Prymnesiophyceae","Prymnesiales","Prymnesiophyceae_Clade_B3","Prymnesiophyceae_Clade_B3_X","Prymnesiophyceae_Clade_B3_X_sp."
"ASV_6570","Eukaryota","TSAR","Stramenopiles","Gyrista","Dictyochophyceae","Dictyochophyceae_X","unassigned","unassigned","unassigned"
"ASV_6571","Eukaryota","TSAR","Alveolata","Dinoflagellata","Dinophyceae","unassigned","unassigned","unassigned","unassigned"
"ASV_6576","Eukaryota","TSAR","Stramenopiles","Bigyra","Sagenista","Sagenista_X","MAST-7","MAST-7B","MAST-7B_sp."
"ASV_6578","Eukaryota","TSAR","Alveolata","Ciliophora","Spirotrichea","Oligotrichida","Strombidiidae","unassigned","unassigned"
"ASV_6580","Eukaryota","TSAR","Alveolata","Dinoflagellata","Syndiniales","Dino-Group-II","Dino-Group-II_X","Dino-Group-II_XX","Dino-Group-II_XX_sp."
"ASV_6581","Eukaryota","TSAR","Stramenopiles","Gyrista","Mediophyceae","unassigned","unassigned","unassigned","unassigned"
"ASV_6587","Eukaryota","Obazoa","Opisthokonta","Choanoflagellata","Choanoflagellatea","Acanthoecida","Stephanoecidae_New_Choanos_8","Stephanoecidae_New_Choanos_8_X","Stephanoecidae_New_Choanos_8_X_sp."
"ASV_6589","Eukaryota","TSAR","Alveolata","Dinoflagellata","Dinophyceae","Peridiniales","Thoracosphaeraceae","unassigned","unassigned"
"ASV_6591","Eukaryota","TSAR","Alveolata","Dinoflagellata","Syndiniales","Dino-Group-II","unassigned","unassigned","unassigned"
"ASV_6624","Eukaryota","TSAR","Alveolata","Dinoflagellata","Syndiniales","Dino-Group-II","Dino-Group-II-Clade-13","Dino-Group-II-Clade-13_X","Dino-Group-II-Clade-13_X_sp."
"ASV_6625","Eukaryota","TSAR","Stramenopiles","Gyrista","Gyrista_X","Gyrista_XX","MAST-2","MAST-2_X","MAST-2_X_sp."
"ASV_6629","Eukaryota","TSAR","Alveolata","Dinoflagellata","Dinophyceae","Dinophyceae_X","Dinophyceae_XX","Dinophyceae_XXX","Dinophyceae_XXX_sp."
"ASV_6631","Eukaryota","TSAR","Stramenopiles","Gyrista","Peronosporomycetes","Peronosporomycetes_X","unassigned","unassigned","unassigned"
"ASV_6634","Eukaryota","TSAR","Alveolata","Dinoflagellata","Syndiniales","Dino-Group-II","Dino-Group-II-Clade-6","Dino-Group-II-Clade-6_X","Dino-Group-II-Clade-6_X_sp."
"ASV_6637","Eukaryota","TSAR","Alveolata","Dinoflagellata","unassigned","unassigned","unassigned","unassigned","unassigned"
"ASV_6642","Eukaryota","TSAR","Alveolata","Dinoflagellata","Syndiniales","Dino-Group-II","Dino-Group-II-Clade-13","Dino-Group-II-Clade-13_X","Dino-Group-II-Clade-13_X_sp."
"ASV_6644","Eukaryota","TSAR","Alveolata","Dinoflagellata","Syndiniales","Dino-Group-II","Dino-Group-II-Clade-8","Dino-Group-II-Clade-8_X","Dino-Group-II-Clade-8_X_sp."
"ASV_6649","Eukaryota","TSAR","Alveolata","Dinoflagellata","Syndiniales","Dino-Group-II","Dino-Group-II-Clade-6","Dino-Group-II-Clade-6_X","Dino-Group-II-Clade-6_X_sp."
"ASV_6689","Eukaryota","TSAR","Stramenopiles","Gyrista","Dictyochophyceae","Dictyochophyceae_X","Pedinellales","Pedinella","Pedinella_sp."
"ASV_6699","Eukaryota","Excavata","Discoba","Euglenozoa","Diplonemea","Diplonemida","Eupelagonemidae","Eupelagonemidae_X","Eupelagonemidae_X_sp."
"ASV_6725","Eukaryota","TSAR","Rhizaria","Cercozoa","Filosa-Thecofilosea","Cryomonadida","Protaspa-lineage","Protaspa","unassigned"
"ASV_6727","Eukaryota","TSAR","Alveolata","Dinoflagellata","Dinophyceae","Dinophyceae_X","Dinophyceae_XX","Dinophyceae_XXX","Dinophyceae_XXX_sp."
"ASV_6728","Eukaryota","Haptista","Haptophyta","Haptophyta_X","Prymnesiophyceae","Prymnesiales","Chrysochromulinaceae","Chrysochromulina","Chrysochromulina_simplex"
"ASV_6730","Eukaryota","Haptista","Haptophyta","Haptophyta_X","Prymnesiophyceae","Prymnesiales","Prymnesiophyceae_Clade_B3","Prymnesiophyceae_Clade_B3_X","Prymnesiophyceae_Clade_B3_X_sp."
"ASV_6731","Eukaryota","TSAR","Stramenopiles","Gyrista","Pelagophyceae","unassigned","unassigned","unassigned","unassigned"
"ASV_6733","Eukaryota","Haptista","Haptophyta","Haptophyta_X","Prymnesiophyceae","Phaeocystales","Phaeocystaceae","Phaeocystis","unassigned"
"ASV_6742","Eukaryota","TSAR","Alveolata","Dinoflagellata","Dinophyceae","unassigned","unassigned","unassigned","unassigned"
"ASV_6750","Eukaryota","TSAR","Alveolata","unassigned","unassigned","unassigned","unassigned","unassigned","unassigned"
"ASV_6753","Eukaryota","TSAR","Alveolata","Dinoflagellata","Dinophyceae","unassigned","unassigned","unassigned","unassigned"
"ASV_6758","Eukaryota","TSAR","Alveolata","Dinoflagellata","Dinophyceae","Suessiales","Borghiellaceae","Dactylodinium","Dactylodinium_arachnoides"
"ASV_6761","Eukaryota","Haptista","Haptophyta","Haptophyta_X","Prymnesiophyceae","Prymnesiales","Chrysochromulinaceae","Chrysochromulina","unassigned"
"ASV_6765","Eukaryota","TSAR","Alveolata","Ciliophora","Spirotrichea","Oligotrichida","Tontoniidae","Spirotontonia","Spirotontonia_sp."
"ASV_6767","Eukaryota","TSAR","Alveolata","Ciliophora","Spirotrichea","Oligotrichida","Tontoniidae","Tontoniidae_X","Tontoniidae_X_sp."
"ASV_6768","Eukaryota","TSAR","Alveolata","Dinoflagellata","Dinophyceae","unassigned","unassigned","unassigned","unassigned"
"ASV_6769","Eukaryota","TSAR","Alveolata","Dinoflagellata","Dinophyceae","Dinophyceae_X","Dinophyceae_XX","Dinophyceae_XXX","Dinophyceae_XXX_sp."
"ASV_6773","Eukaryota","TSAR","Alveolata","Dinoflagellata","Dinophyceae","unassigned","unassigned","unassigned","unassigned"
"ASV_6775","Eukaryota","TSAR","Alveolata","Dinoflagellata","unassigned","unassigned","unassigned","unassigned","unassigned"
"ASV_6781","Eukaryota","TSAR","Alveolata","Dinoflagellata","Dinophyceae","Dinophyceae_X","Dinophyceae_XX","Dinophyceae_XXX","Dinophyceae_XXX_sp."
"ASV_6787","Eukaryota","TSAR","Alveolata","Dinoflagellata","Dinophyceae","unassigned","unassigned","unassigned","unassigned"
"ASV_6790","Eukaryota","TSAR","Alveolata","Dinoflagellata","Dinophyceae","unassigned","unassigned","unassigned","unassigned"
"ASV_6794","Eukaryota","TSAR","Alveolata","Dinoflagellata","Dinophyceae","unassigned","unassigned","unassigned","unassigned"
"ASV_6798","Eukaryota","TSAR","Alveolata","Dinoflagellata","Dinophyceae","unassigned","unassigned","unassigned","unassigned"
"ASV_6800","Eukaryota","TSAR","Alveolata","Dinoflagellata","Dinophyceae","unassigned","unassigned","unassigned","unassigned"
"ASV_6802","Eukaryota","TSAR","Alveolata","Dinoflagellata","Dinophyceae","unassigned","unassigned","unassigned","unassigned"
"ASV_6815","Eukaryota","TSAR","Alveolata","Dinoflagellata","Dinophyceae","unassigned","unassigned","unassigned","unassigned"
"ASV_6816","Eukaryota","TSAR","Stramenopiles","Bigyra","Sagenista","Labyrinthulomycetes","unassigned","unassigned","unassigned"
"ASV_6818","Eukaryota","TSAR","Alveolata","Ciliophora","Phyllopharyngea","Cyrtophoria_1","Pithitidae","Pithites","Pithites_vorax"
"ASV_6835","Eukaryota","TSAR","Alveolata","Dinoflagellata","Syndiniales","Dino-Group-II","unassigned","unassigned","unassigned"
"ASV_6839","Eukaryota","TSAR","Stramenopiles","Bigyra","Opalozoa","Nanomonadea","MAST-3","MAST-3E","MAST-3E_sp."
"ASV_6840","Eukaryota","TSAR","Stramenopiles","Gyrista","Mediophyceae","Cymatosirales","Cymatosiraceae","Arcocellulus","unassigned"
"ASV_6841","Eukaryota","TSAR","Alveolata","Dinoflagellata","Dinophyceae","unassigned","unassigned","unassigned","unassigned"
"ASV_6843","Eukaryota","TSAR","Alveolata","Dinoflagellata","Dinophyceae","Dinophyceae_X","Dinophyceae_XX","Dinophyceae_XXX","Dinophyceae_XXX_sp."
"ASV_6844","Eukaryota","TSAR","Alveolata","Dinoflagellata","Dinophyceae","unassigned","unassigned","unassigned","unassigned"
"ASV_6846","Eukaryota","TSAR","Alveolata","Dinoflagellata","Dinophyceae","Gymnodiniales","unassigned","unassigned","unassigned"
"ASV_6852","Eukaryota","TSAR","Alveolata","Dinoflagellata","Dinophyceae","Gymnodiniales","Gymnodiniaceae","Gyrodinium","Gyrodinium_heterogrammum"
"ASV_6854","Eukaryota","TSAR","Stramenopiles","Gyrista","Mediophyceae","Lithodesmiales","Lithodesmiaceae","Helicotheca","Helicotheca_sp."
"ASV_6858","Eukaryota","Haptista","Haptophyta","Haptophyta_X","Prymnesiophyceae","Prymnesiales","Chrysochromulinaceae","Chrysochromulina","Chrysochromulina_sp."
"ASV_6889","Eukaryota","TSAR","Alveolata","Dinoflagellata","Dinophyceae","Gonyaulacales","Gonyaulacaceae","Gonyaulax","Gonyaulax_membranaceae"
"ASV_6890","Eukaryota","TSAR","Alveolata","Dinoflagellata","Syndiniales","Dino-Group-I","Dino-Group-I-Clade-4","Dino-Group-I-Clade-4_X","Dino-Group-I-Clade-4_X_sp."
"ASV_6892","Eukaryota","TSAR","Alveolata","Dinoflagellata","Dinophyceae","Gymnodiniales","Gymnodiniaceae","Gyrodinium","Gyrodinium_heterogrammum"
"ASV_6894","Eukaryota","TSAR","Telonemia","Telonemia_X","Telonemia_XX","Telonemia_XXX","Telonemia-Group-1","Telonemia-Group-1_X","Telonemia-Group-1_X_sp."
"ASV_6903","Eukaryota","TSAR","Alveolata","Dinoflagellata","Dinophyceae","unassigned","unassigned","unassigned","unassigned"
"ASV_6904","Eukaryota","TSAR","Alveolata","Dinoflagellata","Dinophyceae","Prorocentrales","Prorocentraceae","Prorocentrum","Prorocentrum_sp."
"ASV_6905","Eukaryota","TSAR","Stramenopiles","Gyrista","Bolidophyceae","Parmales","Parmales_env_3","Parmales_env_3A","Parmales_env_3A_sp."
"ASV_6906","Eukaryota","TSAR","Stramenopiles","Gyrista","Bacillariophyceae","Bacillariales","Bacillariaceae","Nitzschia","Nitzschia_longissima"
"ASV_6909","Eukaryota","TSAR","Alveolata","Dinoflagellata","Syndiniales","Dino-Group-II","Dino-Group-II-Clade-10-and-11","Dino-Group-II-Clade-10-and-11_X","Dino-Group-II-Clade-10-and-11_X_sp."
"ASV_6910","Eukaryota","TSAR","Alveolata","Ciliophora","Spirotrichea","Oligotrichida","Strombidiidae","unassigned","unassigned"
"ASV_6912","Eukaryota","Archaeplastida","Picozoa","Picozoa_subdivision_1","Picomonadea","Picomonadida","Picomonadidae","Picomonas","Picomonas_judraskeda"
"ASV_6913","Eukaryota","TSAR","Stramenopiles","Gyrista","Pelagophyceae","Pelagomonadales","Pelagomonadales_clade_B","Pelagomonadales_clade_B2","Pelagomonadales_clade_B2_sp."
"ASV_6914","Eukaryota","Obazoa","Opisthokonta","Choanoflagellata","Choanoflagellatea","Acanthoecida","Stephanoecidae_Group_D","Stephanoecidae_Group_D_X","Stephanoecidae_Group_D_X_sp."
"ASV_6916","Eukaryota","TSAR","Stramenopiles","Gyrista","Mediophyceae","Thalassiosirales","Thalassiosiraceae","Mediolabrus","Mediolabrus_comicus"
"ASV_6917","Eukaryota","Obazoa","Opisthokonta","Choanoflagellata","Choanoflagellatea","Acanthoecida","Acanthoecidae_Group_G","Calliacantha","Calliacantha_natans"
"ASV_6918","Eukaryota","TSAR","Alveolata","Dinoflagellata","Syndiniales","Dino-Group-II","Dino-Group-II-Clade-16","Dino-Group-II-Clade-16_X","Dino-Group-II-Clade-16_X_sp."
"ASV_6919","Eukaryota","TSAR","Alveolata","Dinoflagellata","Dinophyceae","Gonyaulacales","Ceratiaceae","Tripos","unassigned"
"ASV_6922","Eukaryota","TSAR","Alveolata","Dinoflagellata","Dinophyceae","Gonyaulacales","Ceratiaceae","Tripos","unassigned"
"ASV_6923","Eukaryota","TSAR","Alveolata","Ciliophora","Spirotrichea","Oligotrichida","Strombidiidae","unassigned","unassigned"
"ASV_6924","Eukaryota","TSAR","Alveolata","Dinoflagellata","Dinophyceae","unassigned","unassigned","unassigned","unassigned"
"ASV_6925","Eukaryota","TSAR","Alveolata","Ciliophora","Spirotrichea","Oligotrichida","Strombidiidae","unassigned","unassigned"
"ASV_6927","Eukaryota","TSAR","Alveolata","Dinoflagellata","Dinophyceae","Gymnodiniales","Gymnodiniaceae","Gymnodinium","Gymnodinium_sp."
"ASV_6928","Eukaryota","TSAR","Alveolata","Dinoflagellata","Dinophyceae","unassigned","unassigned","unassigned","unassigned"
"ASV_6934","Eukaryota","TSAR","Stramenopiles","Gyrista","Dictyochophyceae","Dictyochophyceae_X","Florenciellales","Pseudochattonella","unassigned"
"ASV_6935","Eukaryota","TSAR","Alveolata","Dinoflagellata","Syndiniales","Dino-Group-II","Dino-Group-II-Clade-26","Dino-Group-II-Clade-26_X","Dino-Group-II-Clade-26_X_sp."
"ASV_6936","Eukaryota","TSAR","Alveolata","Dinoflagellata","Dinophyceae","Gymnodiniales","Kareniaceae","Karlodinium","Karlodinium_veneficum"
"ASV_6937","Eukaryota","TSAR","Alveolata","Dinoflagellata","Dinophyceae","unassigned","unassigned","unassigned","unassigned"
"ASV_6938","Eukaryota","Haptista","Haptophyta","Haptophyta_X","Prymnesiophyceae","unassigned","unassigned","unassigned","unassigned"
"ASV_6939","Eukaryota","TSAR","Alveolata","Dinoflagellata","Dinophyceae","Gymnodiniales","Gymnodiniaceae","Gyrodinium","Gyrodinium_dominans"
"ASV_6942","Eukaryota","TSAR","Alveolata","Dinoflagellata","Dinophyceae","unassigned","unassigned","unassigned","unassigned"
"ASV_6943","Eukaryota","TSAR","Alveolata","Ciliophora","Spirotrichea","Choreotrichida-Tintinnina","Choreotrichida-Tintinnina_X","Choreotrichida-Tintinnina_XX","Choreotrichida-Tintinnina_XX_sp."
"ASV_6945","Eukaryota","TSAR","Alveolata","Dinoflagellata","Dinophyceae","Gymnodiniales","Kareniaceae","Karlodinium","Karlodinium_veneficum"
"ASV_6949","Eukaryota","TSAR","Alveolata","Dinoflagellata","Dinophyceae","Gonyaulacales","Pyrocystaceae","Alexandrium","Alexandrium_hiranoi"
"ASV_6950","Eukaryota","TSAR","Alveolata","Dinoflagellata","Dinophyceae","Peridiniales","Heterocapsaceae","Heterocapsa","unassigned"
"ASV_6951","Eukaryota","TSAR","Stramenopiles","Gyrista","Chrysophyceae","Chrysophyceae_Clade-EC2I","Chrysophyceae_Clade-EC2I_X","Chrysophyceae_Clade-EC2I_XX","Chrysophyceae_Clade-EC2I_XX_sp."
"ASV_6956","Eukaryota","Haptista","Haptophyta","Haptophyta_X","Prymnesiophyceae","Prymnesiales","Prymnesiophyceae_Clade_B4","Prymnesiophyceae_Clade_B4_X","Prymnesiophyceae_Clade_B4_X_sp."
"ASV_6957","Eukaryota","TSAR","Alveolata","Dinoflagellata","Syndiniales","Dino-Group-II","Dino-Group-II-Clade-10-and-11","Dino-Group-II-Clade-10-and-11_X","Dino-Group-II-Clade-10-and-11_X_sp."
"ASV_6961","Eukaryota","TSAR","Alveolata","Dinoflagellata","Dinophyceae","unassigned","unassigned","unassigned","unassigned"
"ASV_6964","Eukaryota","TSAR","Alveolata","Dinoflagellata","Syndiniales","Dino-Group-I","Dino-Group-I-Clade-1","Dino-Group-I-Clade-1_X","Dino-Group-I-Clade-1_X_sp."
"ASV_6968","Eukaryota","Obazoa","Opisthokonta","Choanoflagellata","Choanoflagellatea","Acanthoecida","Stephanoecidae_Group_E","Stephanoecidae_Group_E_X","Stephanoecidae_Group_E_X_sp."
"ASV_6969","Eukaryota","TSAR","Alveolata","Dinoflagellata","Syndiniales","Dino-Group-II","Dino-Group-II-Clade-17","Dino-Group-II-Clade-17_X","Dino-Group-II-Clade-17_X_sp."
"ASV_6970","Eukaryota","TSAR","Stramenopiles","Gyrista","Coscinodiscophyceae","Rhizosoleniales","Rhizosoleniaceae","Guinardia","Guinardia_striata"
"ASV_6973","Eukaryota","TSAR","Stramenopiles","Gyrista","Mediophyceae","Chaetocerotales","Chaetocerotaceae","Chaetoceros","Chaetoceros_danicus"
"ASV_6974","Eukaryota","TSAR","Stramenopiles","Bigyra","Sagenista","Labyrinthulomycetes","Oblongichytridiaceae","Oblongichytrium","Oblongichytrium_sp."
"ASV_6976","Eukaryota","TSAR","Rhizaria","Cercozoa","Filosa-Imbricatea","unassigned","unassigned","unassigned","unassigned"
"ASV_6980","Eukaryota","TSAR","Stramenopiles","Bigyra","Opalozoa","Nanomonadea","MAST-3","MAST-3J","MAST-3J_sp."
"ASV_6981","Eukaryota","TSAR","Alveolata","Dinoflagellata","Dinophyceae","unassigned","unassigned","unassigned","unassigned"
"ASV_6983","Eukaryota","TSAR","Alveolata","Dinoflagellata","Dinophyceae","Prorocentrales","Prorocentraceae","Prorocentrum","unassigned"
"ASV_6984","Eukaryota","TSAR","Alveolata","Ciliophora","Spirotrichea","Choreotrichida-Tintinnina","Tintinnidae","unassigned","unassigned"
"ASV_6985","Eukaryota","TSAR","Alveolata","Dinoflagellata","Dinophyceae","Gymnodiniales","Gymnodiniaceae","Margalefidinium","Margalefidinium_fulvescens"
"ASV_6986","Eukaryota","TSAR","Alveolata","Dinoflagellata","Dinophyceae","Gymnodiniales","unassigned","unassigned","unassigned"
"ASV_6989","Eukaryota","TSAR","Alveolata","Dinoflagellata","Dinophyceae","unassigned","unassigned","unassigned","unassigned"
"ASV_6992","Eukaryota","TSAR","Alveolata","Dinoflagellata","Syndiniales","Dino-Group-II","Dino-Group-II-Clade-10-and-11","Dino-Group-II-Clade-10-and-11_X","Dino-Group-II-Clade-10-and-11_X_sp."
"ASV_6994","Eukaryota","TSAR","Alveolata","Dinoflagellata","Dinophyceae","Peridiniales","unassigned","unassigned","unassigned"
"ASV_7004","Eukaryota","TSAR","Rhizaria","Cercozoa","Filosa-Imbricatea","Thaumatomonadida","Esquamulidae","Esquamula","Esquamula_lacrimiformis"
"ASV_7006","Eukaryota","TSAR","Stramenopiles","Gyrista","unassigned","unassigned","unassigned","unassigned","unassigned"
"ASV_7048","Eukaryota","Archaeplastida","Chlorophyta","Chlorophyta_X","Chlorodendrophyceae","Chlorodendrales","Chlorodendraceae","Tetraselmis","Tetraselmis_sp."
"ASV_7057","Eukaryota","TSAR","Alveolata","Dinoflagellata","Syndiniales","Dino-Group-II","Dino-Group-II-Clade-6","Dino-Group-II-Clade-6_X","Dino-Group-II-Clade-6_X_sp."
"ASV_7068","Eukaryota","TSAR","Alveolata","Dinoflagellata","Dinophyceae","unassigned","unassigned","unassigned","unassigned"
"ASV_7069","Eukaryota","TSAR","Alveolata","Dinoflagellata","Syndiniales","Dino-Group-II","Dino-Group-II-Clade-10-and-11","Dino-Group-II-Clade-10-and-11_X","Dino-Group-II-Clade-10-and-11_X_sp."
"ASV_7070","Eukaryota","TSAR","Alveolata","Dinoflagellata","Dinophyceae","Gonyaulacales","Ceratiaceae","Tripos","unassigned"
"ASV_7074","Eukaryota","TSAR","Alveolata","Dinoflagellata","Dinophyceae","Gymnodiniales","Gymnodiniaceae","Gyrodinium","Gyrodinium_rubrum"
"ASV_7075","Eukaryota","TSAR","Alveolata","Ciliophora","Spirotrichea","Oligotrichida","Tontoniidae","Pseudotontonia","Pseudotontonia_simplicidens"
"ASV_7082","Eukaryota","TSAR","Alveolata","Dinoflagellata","Syndiniales","Dino-Group-I","Dino-Group-I-Clade-1","Dino-Group-I-Clade-1_X","Dino-Group-I-Clade-1_X_sp."
"ASV_7086","Eukaryota","TSAR","Alveolata","Ciliophora","Spirotrichea","Choreotrichida","Strobilidiidae","Pelagostrobilidium","Pelagostrobilidium_neptuni"
"ASV_7087","Eukaryota","TSAR","Stramenopiles","Gyrista","Mediophyceae","Cymatosirales","Cymatosiraceae","Arcocellulus","unassigned"
"ASV_7091","Eukaryota","TSAR","Stramenopiles","Gyrista","Mediophyceae","Chaetocerotales","Leptocylindraceae","Leptocylindrus","Leptocylindrus_danicus"
"ASV_7094","Eukaryota","Archaeplastida","Chlorophyta","Chlorophyta_X","Chlorophyceae","Chlamydomonadales","Chlamydomonadales_X","Chlamydomonas","Chlamydomonas_acidophila"
"ASV_7095","Eukaryota","TSAR","Alveolata","Dinoflagellata","Dinophyceae","Gonyaulacales","Ceratiaceae","Tripos","unassigned"
"ASV_7097","Eukaryota","TSAR","Alveolata","Dinoflagellata","Dinophyceae","Gymnodiniales","Gymnodiniaceae","Balechina","Balechina_pachydermata"
"ASV_7099","Eukaryota","TSAR","Alveolata","Dinoflagellata","Dinophyceae","unassigned","unassigned","unassigned","unassigned"
"ASV_7108","Eukaryota","Obazoa","Apusomonada","Apusomonada_X","Apusomonadidae","Apusomonadidae_X","Apusomonadidae_XX","Chelonemonas","Chelonemonas_geobuk"
"ASV_7130","Eukaryota","TSAR","Alveolata","Dinoflagellata","Syndiniales","Dino-Group-II","Dino-Group-II-Clade-6","Dino-Group-II-Clade-6_X","Dino-Group-II-Clade-6_X_sp."
"ASV_7141","Eukaryota","Haptista","Centroplasthelida","Centroplasthelida_X","Pterocystida","Pterocystida_X","Pterocystida_XX","Pterocystida_XXX","Pterocystida_XXX_sp."
"ASV_7208","Eukaryota","TSAR","Alveolata","Ciliophora","unassigned","unassigned","unassigned","unassigned","unassigned"
"ASV_7211","Eukaryota","Excavata","Discoba","Euglenozoa","Diplonemea","Diplonemida","Hemistasiidae","Hemistasia","Hemistasia_phaeocysticola"
"ASV_7216","Eukaryota","TSAR","Alveolata","Dinoflagellata","Dinophyceae","Gymnodiniales","Gymnodiniaceae","Gymnodinium","Gymnodinium_sp."
"ASV_7220","Eukaryota","Archaeplastida","Chlorophyta","Chlorophyta_X","Pyramimonadophyceae","Pyramimonadales","Pterospermaceae","Pterosperma","unassigned"
"ASV_7228","Eukaryota","Archaeplastida","Chlorophyta","Chlorophyta_X","Chlorophyta_XX","Chlorophyta_XXX","Chlorophyta_XXXX","Chlorophyta_XXXXX","Chlorophyta_XXXXX_sp."
"ASV_7230","Eukaryota","TSAR","Alveolata","Dinoflagellata","Syndiniales","Dino-Group-I","Dino-Group-I-Clade-4","Dino-Group-I-Clade-4_X","Dino-Group-I-Clade-4_X_sp."
"ASV_7232","Eukaryota","TSAR","Rhizaria","Cercozoa","Filosa-Thecofilosea","Ebriacea","TAGIRI1-lineage","TAGIRI1-lineage_X","TAGIRI1-lineage_X_sp."
"ASV_7233","Eukaryota","TSAR","Alveolata","Dinoflagellata","Dinophyceae","Gymnodiniales","Gymnodiniaceae","Gyrodinium","Gyrodinium_rubrum"
"ASV_7244","Eukaryota","TSAR","Alveolata","Dinoflagellata","Dinophyceae","Gymnodiniales","Gymnodiniaceae","Gyrodinium","Gyrodinium_heterogrammum"
"ASV_7247","Eukaryota","TSAR","Alveolata","Dinoflagellata","Dinophyceae","unassigned","unassigned","unassigned","unassigned"
"ASV_7252","Eukaryota","TSAR","Stramenopiles","Gyrista","Mediophyceae","Thalassiosirales","Thalassiosiraceae","Thalassiosira","Thalassiosira_oceanica"
"ASV_7253","Eukaryota","TSAR","Stramenopiles","Gyrista","Bacillariophyceae","Fragilariales","Staurosiraceae","Plagiostriata","Plagiostriata_goreensis"
"ASV_7254","Eukaryota","TSAR","Alveolata","Dinoflagellata","Dinophyceae","Gonyaulacales","Gonyaulacaceae","Gonyaulax","Gonyaulax_membranaceae"
"ASV_7258","Eukaryota","TSAR","Stramenopiles","Gyrista","Mediophyceae","Thalassiosirales","Thalassiosiraceae","Thalassiosira","unassigned"
"ASV_7261","Eukaryota","TSAR","Stramenopiles","Gyrista","unassigned","unassigned","unassigned","unassigned","unassigned"
"ASV_7264","Eukaryota","TSAR","Alveolata","Dinoflagellata","Dinophyceae","Gonyaulacales","Gonyaulacaceae","unassigned","unassigned"
"ASV_7268","Eukaryota","TSAR","Stramenopiles","Gyrista","Mediophyceae","Thalassiosirales","Thalassiosiraceae","Thalassiosira","unassigned"
"ASV_7269","Eukaryota","TSAR","Alveolata","Dinoflagellata","Dinophyceae","Gonyaulacales","Gonyaulacaceae","Spiniferites","Spiniferites_ramosus"
"ASV_7271","Eukaryota","TSAR","Alveolata","Dinoflagellata","Syndiniales","Dino-Group-I","Dino-Group-I-Clade-3","Dino-Group-I-Clade-3_X","Dino-Group-I-Clade-3_X_sp."
"ASV_7278","Eukaryota","TSAR","Alveolata","Dinoflagellata","Syndiniales","Dino-Group-III","Dino-Group-III_X","Dino-Group-III_XX","Dino-Group-III_XX_sp."
"ASV_7280","Eukaryota","TSAR","Alveolata","Dinoflagellata","Syndiniales","Dino-Group-II","Dino-Group-II-Clade-4","Dino-Group-II-Clade-4_X","Dino-Group-II-Clade-4_X_sp."
"ASV_7283","Eukaryota","TSAR","Rhizaria","Cercozoa","Filosa-Thecofilosea","Ebriacea","unassigned","unassigned","unassigned"
"ASV_7284","Eukaryota","TSAR","Alveolata","Dinoflagellata","Dinophyceae","Gonyaulacales","Ceratiaceae","Tripos","unassigned"
"ASV_7285","Eukaryota","Haptista","Haptophyta","Haptophyta_X","Prymnesiophyceae","Prymnesiales","Chrysochromulinaceae","Chrysochromulina","Chrysochromulina_sp."
"ASV_7295","Eukaryota","TSAR","Rhizaria","Cercozoa","Filosa-Thecofilosea","Ebriacea","TAGIRI1-lineage","TAGIRI1-lineage_X","TAGIRI1-lineage_X_sp."
"ASV_7305","Eukaryota","TSAR","Alveolata","Ciliophora","Spirotrichea","Choreotrichida-Tintinnina","Stenosemellidae","Stenosemella","Stenosemella_pacifica"
"ASV_7310","Eukaryota","TSAR","Stramenopiles","Gyrista","Mediophyceae","Thalassiosirales","unassigned","unassigned","unassigned"
"ASV_7312","Eukaryota","TSAR","Alveolata","Ciliophora","Spirotrichea","Oligotrichida","Strombidiidae","Strombidium","Strombidium_caudispina"
"ASV_7313","Eukaryota","Haptista","Haptophyta","Haptophyta_X","Prymnesiophyceae","unassigned","unassigned","unassigned","unassigned"
"ASV_7315","Eukaryota","TSAR","Alveolata","Dinoflagellata","Dinophyceae","Gonyaulacales","Ceratiaceae","Tripos","unassigned"
"ASV_7316","Eukaryota","Haptista","Haptophyta","Haptophyta_X","Prymnesiophyceae","Prymnesiales","Chrysochromulinaceae","Chrysochromulina","Chrysochromulina_rotalis"
"ASV_7320","Eukaryota","TSAR","Alveolata","Ciliophora","Spirotrichea","Oligotrichida","Strombidiidae","Strombidiidae_X","Strombidiidae_X_sp."
"ASV_7325","Eukaryota","Haptista","Haptophyta","Haptophyta_X","Prymnesiophyceae","Prymnesiales","Prymnesiaceae","Dicrateria","Dicrateria_rotunda"
"ASV_7326","Eukaryota","TSAR","Stramenopiles","Gyrista","Coscinodiscophyceae","Rhizosoleniales","Rhizosoleniaceae","Dactyliosolen","Dactyliosolen_blavyanus"
"ASV_7329","Eukaryota","Haptista","Haptophyta","Haptophyta_X","Prymnesiophyceae","Syracosphaerales","Syracosphaerales_X","Syracosphaerales_XX","Syracosphaerales_XX_sp."
"ASV_7331","Eukaryota","Haptista","Haptophyta","Haptophyta_X","Prymnesiophyceae","Prymnesiales","Prymnesiaceae","Prymnesium","Prymnesium_parvum"
"ASV_7345","Eukaryota","TSAR","Alveolata","Ciliophora","Spirotrichea","Oligotrichida","Strombidiidae","Strombidium","Strombidium_caudispina"
"ASV_7346","Eukaryota","TSAR","Alveolata","Dinoflagellata","Syndiniales","Dino-Group-II","Dino-Group-II-Clade-1","Dino-Group-II-Clade-1_X","Dino-Group-II-Clade-1_X_sp."
"ASV_7348","Eukaryota","TSAR","Alveolata","Dinoflagellata","Syndiniales","Dino-Group-II","Dino-Group-II-Clade-4","Dino-Group-II-Clade-4_X","Dino-Group-II-Clade-4_X_sp."
"ASV_7349","Eukaryota","TSAR","Alveolata","Dinoflagellata","Dinophyceae","unassigned","unassigned","unassigned","unassigned"
"ASV_7351","Eukaryota","TSAR","Alveolata","Dinoflagellata","unassigned","unassigned","unassigned","unassigned","unassigned"
"ASV_7353","Eukaryota","Haptista","Haptophyta","Haptophyta_X","Prymnesiophyceae","Prymnesiales","Prymnesiaceae","Dicrateria","unassigned"
"ASV_7356","Eukaryota","TSAR","Stramenopiles","Bigyra","Sagenista","Labyrinthulomycetes","Labyrinthulomycetes_LAB14","Labyrinthulomycetes_LAB14_X","Labyrinthulomycetes_LAB14_X_sp."
"ASV_7359","Eukaryota","TSAR","Alveolata","Dinoflagellata","Dinophyceae","Gonyaulacales","Ceratiaceae","Tripos","unassigned"
"ASV_7363","Eukaryota","TSAR","Stramenopiles","Gyrista","Gyrista_X","Gyrista_XX","MAST-1","MAST-1B","MAST-1B_sp."
"ASV_7371","Eukaryota","TSAR","Alveolata","Ciliophora","Spirotrichea","Choreotrichida-Tintinnina","Rhabdonellidae","Schmidingerella","Schmidingerella_arcuata"
"ASV_7373","Eukaryota","TSAR","Rhizaria","Cercozoa","Filosa-Thecofilosea","Cryomonadida","Protaspa-lineage","Protaspa-lineage_X","Protaspa-lineage_X_sp."
"ASV_7383","Eukaryota","TSAR","Stramenopiles","Gyrista","unassigned","unassigned","unassigned","unassigned","unassigned"
"ASV_7384","Eukaryota","TSAR","Alveolata","Ciliophora","Oligohymenophorea","Apostomatia","Pseudocolliniidae","Fusiforma","Fusiforma_themisticola"
"ASV_7401","Eukaryota","Haptista","Haptophyta","Haptophyta_X","Prymnesiophyceae","unassigned","unassigned","unassigned","unassigned"
"ASV_7405","Eukaryota","TSAR","Stramenopiles","Gyrista","Mediophyceae","Thalassiosirales","Thalassiosiraceae","Thalassiosira","unassigned"
"ASV_7406","Eukaryota","TSAR","Alveolata","Dinoflagellata","Syndiniales","Dino-Group-II","Dino-Group-II-Clade-4","Dino-Group-II-Clade-4_X","Dino-Group-II-Clade-4_X_sp."
"ASV_7407","Eukaryota","TSAR","Stramenopiles","Gyrista","Mediophyceae","Thalassiosirales","Thalassiosiraceae","Thalassiosira","unassigned"
"ASV_7409","Eukaryota","Haptista","Haptophyta","Haptophyta_X","Prymnesiophyceae","unassigned","unassigned","unassigned","unassigned"
"ASV_7410","Eukaryota","TSAR","Rhizaria","Cercozoa","Filosa-Thecofilosea","Filosa-Thecofilosea_X","Chlamydophryidae","Lecythium","Lecythium_hyalinum"
"ASV_7416","Eukaryota","TSAR","Alveolata","Dinoflagellata","Dinophyceae","unassigned","unassigned","unassigned","unassigned"
"ASV_7417","Eukaryota","TSAR","Stramenopiles","Bigyra","Sagenista","Sagenista_X","MAST-7","MAST-7B","MAST-7B_sp."
"ASV_7419","Eukaryota","TSAR","Alveolata","Dinoflagellata","Syndiniales","Dino-Group-II","Dino-Group-II-Clade-12","Dino-Group-II-Clade-12_X","Dino-Group-II-Clade-12_X_sp."
"ASV_7420","Eukaryota","TSAR","Alveolata","Dinoflagellata","Dinophyceae","unassigned","unassigned","unassigned","unassigned"
"ASV_7423","Eukaryota","TSAR","Alveolata","Dinoflagellata","Dinophyceae","unassigned","unassigned","unassigned","unassigned"
"ASV_7426","Eukaryota","Obazoa","Opisthokonta","Ichthyosporea","Ichthyophonida","Ichthyophonida_X","Ichthyophonida_XX","Ichthyophonida_XXX","Ichthyophonida_XXX_sp."
"ASV_7427","Eukaryota","TSAR","Alveolata","Dinoflagellata","Dinophyceae","unassigned","unassigned","unassigned","unassigned"
"ASV_7429","Eukaryota","TSAR","Alveolata","Dinoflagellata","Dinophyceae","Gymnodiniales","Gymnodiniaceae","Gyrodinium","unassigned"
"ASV_7431","Eukaryota","TSAR","Alveolata","Dinoflagellata","Dinophyceae","unassigned","unassigned","unassigned","unassigned"
"ASV_7432","Eukaryota","Haptista","Haptophyta","Haptophyta_X","Prymnesiophyceae","unassigned","unassigned","unassigned","unassigned"
"ASV_7435","Eukaryota","TSAR","Alveolata","Dinoflagellata","Dinophyceae","unassigned","unassigned","unassigned","unassigned"
"ASV_7436","Eukaryota","Haptista","Haptophyta","Haptophyta_X","Prymnesiophyceae","Prymnesiales","Prymnesiaceae","Dicrateria","Dicrateria_rotunda"
"ASV_7441","Eukaryota","TSAR","Alveolata","Dinoflagellata","Dinophyceae","Gymnodiniales","Gymnodiniaceae","Gymnodinium","Gymnodinium_sp."
"ASV_7445","Eukaryota","TSAR","Alveolata","Dinoflagellata","Dinophyceae","unassigned","unassigned","unassigned","unassigned"
"ASV_7447","Eukaryota","TSAR","Alveolata","Dinoflagellata","Dinophyceae","unassigned","unassigned","unassigned","unassigned"
"ASV_7449","Eukaryota","Archaeplastida","Picozoa","unassigned","unassigned","unassigned","unassigned","unassigned","unassigned"
"ASV_7452","Eukaryota","TSAR","Alveolata","Dinoflagellata","unassigned","unassigned","unassigned","unassigned","unassigned"
"ASV_7453","Eukaryota","TSAR","Alveolata","Dinoflagellata","Syndiniales","Dino-Group-I","unassigned","unassigned","unassigned"
"ASV_7460","Eukaryota","TSAR","Alveolata","Dinoflagellata","Dinophyceae","unassigned","unassigned","unassigned","unassigned"
"ASV_7463","Eukaryota","TSAR","Rhizaria","Cercozoa","Filosa-Thecofilosea","Cryomonadida","Protaspa-lineage","unassigned","unassigned"
"ASV_7464","Eukaryota","TSAR","Alveolata","Dinoflagellata","Dinophyceae","Gymnodiniales","Warnowiaceae","Warnowia","Warnowia_sp."
"ASV_7470","Eukaryota","TSAR","Rhizaria","Cercozoa","Filosa-Thecofilosea","Filosa-Thecofilosea_X","Filosa-Thecofilosea_XX","Filosa-Thecofilosea_XXX","Filosa-Thecofilosea_XXX_sp."
"ASV_7474","Eukaryota","TSAR","Alveolata","Dinoflagellata","Dinophyceae","Dinophyceae_X","Dinophyceae_XX","Dinophyceae_XXX","Dinophyceae_XXX_sp."
"ASV_7479","Eukaryota","TSAR","Alveolata","Dinoflagellata","Dinophyceae","Gymnodiniales","Gymnodiniaceae","Gyrodinium","Gyrodinium_helveticum"
"ASV_7480","Eukaryota","TSAR","Stramenopiles","Gyrista","Pelagophyceae","Pelagomonadales","Pelagomonadaceae","Aureococcus","Aureococcus_anophagefferens"
"ASV_7482","Eukaryota","TSAR","Alveolata","Dinoflagellata","Dinophyceae","Gymnodiniales","Gymnodiniaceae","Lepidodinium","Lepidodinium_chlorophorum"
"ASV_7486","Eukaryota","TSAR","Alveolata","Dinoflagellata","Dinophyceae","Peridiniales","unassigned","unassigned","unassigned"
"ASV_7487","Eukaryota","TSAR","Alveolata","Ciliophora","Spirotrichea","Choreotrichida","Strobilidiidae","Pelagostrobilidium","unassigned"
"ASV_7489","Eukaryota","TSAR","Alveolata","Dinoflagellata","Syndiniales","Dino-Group-II","Dino-Group-II-Clade-42","Dino-Group-II-Clade-42_X","Dino-Group-II-Clade-42_X_sp."
"ASV_7490","Eukaryota","TSAR","Stramenopiles","Bigyra","Opalozoa","Nanomonadea","MAST-3","MAST-3I","MAST-3I_sp."
"ASV_7492","Eukaryota","TSAR","Alveolata","Ciliophora","Spirotrichea","Choreotrichida-Tintinnina","unassigned","unassigned","unassigned"
"ASV_7493","Eukaryota","TSAR","Alveolata","Dinoflagellata","Dinophyceae","unassigned","unassigned","unassigned","unassigned"
"ASV_7494","Eukaryota","TSAR","Alveolata","Dinoflagellata","Dinophyceae","Peridiniales","unassigned","unassigned","unassigned"
"ASV_7495","Eukaryota","TSAR","Alveolata","Dinoflagellata","Dinophyceae","Peridiniales","Heterocapsaceae","Heterocapsa","unassigned"
"ASV_7499","Eukaryota","TSAR","Alveolata","Dinoflagellata","Dinophyceae","unassigned","unassigned","unassigned","unassigned"
"ASV_7501","Eukaryota","TSAR","Alveolata","Dinoflagellata","Dinophyceae","Peridiniales","unassigned","unassigned","unassigned"
"ASV_7502","Eukaryota","TSAR","Alveolata","Dinoflagellata","Dinophyceae","unassigned","unassigned","unassigned","unassigned"
"ASV_7507","Eukaryota","TSAR","Alveolata","Dinoflagellata","Dinophyceae","Dinophyceae_X","Dinophyceae_XX","Dinophyceae_XXX","Dinophyceae_XXX_sp."
"ASV_7510","Eukaryota","TSAR","Alveolata","Dinoflagellata","Dinophyceae","Gonyaulacales","Pyrocystaceae","Alexandrium","Alexandrium_hiranoi"
"ASV_7512","Eukaryota","TSAR","Alveolata","Dinoflagellata","Dinophyceae","Dinophyceae_X","Dinophyceae_XX","Dinophyceae_XXX","Dinophyceae_XXX_sp."
"ASV_7514","Eukaryota","TSAR","Alveolata","Dinoflagellata","Dinophyceae","Dinophyceae_X","Dinophyceae_XX","Dinophyceae_XXX","Dinophyceae_XXX_sp."
"ASV_7515","Eukaryota","TSAR","Alveolata","Dinoflagellata","Dinophyceae","Gymnodiniales","unassigned","unassigned","unassigned"
"ASV_7516","Eukaryota","TSAR","Alveolata","Dinoflagellata","Dinophyceae","Gonyaulacales","Ceratiaceae","Tripos","unassigned"
"ASV_7517","Eukaryota","TSAR","Alveolata","Dinoflagellata","Dinophyceae","unassigned","unassigned","unassigned","unassigned"
"ASV_7518","Eukaryota","TSAR","Alveolata","Ciliophora","Spirotrichea","Oligotrichida","Strombidiidae","Strombidium","Strombidium_basimorphum"
"ASV_7519","Eukaryota","TSAR","Alveolata","Dinoflagellata","Dinophyceae","unassigned","unassigned","unassigned","unassigned"
"ASV_7520","Eukaryota","TSAR","Alveolata","Dinoflagellata","Dinophyceae","Peridiniales","Blastodiniaceae","Blastodinium","Blastodinium_contortum"
"ASV_7521","Eukaryota","TSAR","Alveolata","Dinoflagellata","Dinophyceae","Gonyaulacales","Ceratiaceae","Tripos","unassigned"
"ASV_7522","Eukaryota","TSAR","Alveolata","Ciliophora","Spirotrichea","Oligotrichida","Strombidiidae","Strombidium","Strombidium_paracapitatum"
"ASV_7523","Eukaryota","TSAR","Alveolata","Dinoflagellata","Dinophyceae","unassigned","unassigned","unassigned","unassigned"
"ASV_7524","Eukaryota","TSAR","Telonemia","Telonemia_X","Telonemia_XX","Telonemia_XXX","Telonemia-Group-2","Telonemia-Group-2_X","Telonemia-Group-2_X_sp."
"ASV_7527","Eukaryota","TSAR","Stramenopiles","Gyrista","Mediophyceae","Chaetocerotales","Chaetocerotaceae","Chaetoceros","Chaetoceros_danicus"
"ASV_7528","Eukaryota","TSAR","Alveolata","Dinoflagellata","Dinophyceae","unassigned","unassigned","unassigned","unassigned"
"ASV_7531","Eukaryota","TSAR","Alveolata","Dinoflagellata","Dinophyceae","Peridiniales","unassigned","unassigned","unassigned"
"ASV_7532","Eukaryota","TSAR","Alveolata","Dinoflagellata","Dinophyceae","Dinophyceae_X","Dinophyceae_XX","Dinophyceae_XXX","Dinophyceae_XXX_sp."
"ASV_7534","Eukaryota","TSAR","Alveolata","Dinoflagellata","Dinophyceae","Gymnodiniales","Gymnodiniaceae","Lepidodinium","Lepidodinium_chlorophorum"
"ASV_7537","Eukaryota","TSAR","Stramenopiles","Gyrista","Pelagophyceae","Pelagomonadales","unassigned","unassigned","unassigned"
"ASV_7538","Eukaryota","TSAR","Alveolata","Dinoflagellata","Dinophyceae","Gymnodiniales","Gymnodiniaceae","Gyrodinium","Gyrodinium_fusiforme"
"ASV_7539","Eukaryota","TSAR","Alveolata","Dinoflagellata","Syndiniales","Dino-Group-II","Dino-Group-II-Clade-10-and-11","Dino-Group-II-Clade-10-and-11_X","Dino-Group-II-Clade-10-and-11_X_sp."
"ASV_7541","Eukaryota","TSAR","Stramenopiles","Gyrista","Pelagophyceae","Pelagomonadales","Pelagomonadales_clade_B","unassigned","unassigned"
"ASV_7546","Eukaryota","TSAR","Alveolata","Ciliophora","Spirotrichea","Choreotrichida","unassigned","unassigned","unassigned"
"ASV_7548","Eukaryota","Haptista","Centroplasthelida","Centroplasthelida_X","Pterocystida","unassigned","unassigned","unassigned","unassigned"
"ASV_7550","Eukaryota","TSAR","Stramenopiles","Bigyra","Opalozoa","Nanomonadea","MAST-3","MAST-3F","MAST-3F_sp."
"ASV_7552","Eukaryota","TSAR","Stramenopiles","Gyrista","Pelagophyceae","Pelagomonadales","Pelagomonadales_clade_B","unassigned","unassigned"
"ASV_7553","Eukaryota","TSAR","Stramenopiles","Gyrista","Pelagophyceae","Pelagomonadales","Pelagomonadales_clade_B","unassigned","unassigned"
"ASV_7554","Eukaryota","TSAR","Alveolata","Dinoflagellata","Syndiniales","Dino-Group-II","Dino-Group-II-Clade-5","Dino-Group-II-Clade-5_X","Dino-Group-II-Clade-5_X_sp."
"ASV_7555","Eukaryota","TSAR","Stramenopiles","Gyrista","Mediophyceae","Cymatosirales","Cymatosiraceae","Brockmanniella","Brockmanniella_brockmannii"
"ASV_7557","Eukaryota","TSAR","Rhizaria","Cercozoa","Filosa-Thecofilosea","Cryomonadida","Protaspa-lineage","Protaspa-lineage_X","Protaspa-lineage_X_sp."
"ASV_7560","Eukaryota","TSAR","Stramenopiles","Gyrista","Pelagophyceae","Pelagomonadales","Pelagomonadales_clade_B","Pelagomonadales_clade_B2","Pelagomonadales_clade_B2_sp."
"ASV_7561","Eukaryota","TSAR","Stramenopiles","Gyrista","Mediophyceae","Thalassiosirales","Thalassiosiraceae","unassigned","unassigned"
"ASV_7564","Eukaryota","TSAR","Alveolata","Dinoflagellata","Syndiniales","Dino-Group-I","Dino-Group-I-Clade-4","Dino-Group-I-Clade-4_X","Dino-Group-I-Clade-4_X_sp."
"ASV_7566","Eukaryota","TSAR","Alveolata","Dinoflagellata","Dinophyceae","unassigned","unassigned","unassigned","unassigned"
"ASV_7567","Eukaryota","TSAR","Stramenopiles","Gyrista","Pelagophyceae","Pelagomonadales","unassigned","unassigned","unassigned"
"ASV_7568","Eukaryota","TSAR","Alveolata","Dinoflagellata","Dinophyceae","unassigned","unassigned","unassigned","unassigned"
"ASV_7571","Eukaryota","TSAR","Stramenopiles","Gyrista","Mediophyceae","Thalassiosirales","Skeletonemaceae","Skeletonema","Skeletonema_grethae"
"ASV_7575","Eukaryota","TSAR","unassigned","unassigned","unassigned","unassigned","unassigned","unassigned","unassigned"
"ASV_7578","Eukaryota","TSAR","Alveolata","Dinoflagellata","Dinophyceae","unassigned","unassigned","unassigned","unassigned"
"ASV_7579","Eukaryota","TSAR","Stramenopiles","Gyrista","Pelagophyceae","Pelagomonadales","unassigned","unassigned","unassigned"
"ASV_7581","Eukaryota","TSAR","Alveolata","Dinoflagellata","Dinophyceae","Dinophyceae_X","Dinophyceae_XX","Dinophyceae_XXX","Dinophyceae_XXX_sp."
"ASV_7582","Eukaryota","TSAR","Stramenopiles","Gyrista","Pelagophyceae","Pelagomonadales","unassigned","unassigned","unassigned"
"ASV_7584","Eukaryota","TSAR","Stramenopiles","Gyrista","Mediophyceae","Cymatosirales","Cymatosiraceae","Brockmanniella","Brockmanniella_brockmannii"
"ASV_7589","Eukaryota","TSAR","Stramenopiles","Gyrista","Mediophyceae","Thalassiosirales","Thalassiosiraceae","unassigned","unassigned"
"ASV_7590","Eukaryota","TSAR","Alveolata","Dinoflagellata","Syndiniales","Dino-Group-III","Dino-Group-III_X","Dino-Group-III_XX","Dino-Group-III_XX_sp."
"ASV_7592","Eukaryota","TSAR","Stramenopiles","Gyrista","Chrysophyceae","Paraphysomonadales","Paraphysomonadales_Clade-EC1Ga","Paraphysomonadales_Clade-EC1Ga_X","Paraphysomonadales_Clade-EC1Ga_X_sp."
"ASV_7593","Eukaryota","TSAR","Alveolata","Dinoflagellata","Syndiniales","unassigned","unassigned","unassigned","unassigned"
"ASV_7594","Eukaryota","TSAR","Stramenopiles","Bigyra","Sagenista","Sagenista_X","MAST-7","MAST-7A","MAST-7A_sp."
"ASV_7596","Eukaryota","TSAR","Alveolata","Dinoflagellata","Dinophyceae","Dinophyceae_X","Dinophyceae_XX","Dinophyceae_XXX","Dinophyceae_XXX_sp."
"ASV_7597","Eukaryota","TSAR","Alveolata","Ciliophora","Spirotrichea","Oligotrichida","Oligotrichida_X","Oligotrichida_XX","Oligotrichida_XX_sp."
"ASV_7600","Eukaryota","TSAR","Stramenopiles","Gyrista","Mediophyceae","Thalassiosirales","Thalassiosiraceae","Mediolabrus","Mediolabrus_comicus"
"ASV_7601","Eukaryota","TSAR","Stramenopiles","Gyrista","Mediophyceae","Thalassiosirales","Thalassiosiraceae","unassigned","unassigned"
"ASV_7610","Eukaryota","TSAR","Alveolata","Dinoflagellata","Syndiniales","Dino-Group-I","unassigned","unassigned","unassigned"
"ASV_7611","Eukaryota","TSAR","Stramenopiles","Bigyra","Sagenista","Sagenista_X","MAST-4","MAST-4E","MAST-4E_sp."
"ASV_7612","Eukaryota","TSAR","Stramenopiles","Gyrista","Bolidophyceae","Parmales","Parmales_env_3","Parmales_env_3A","Parmales_env_3A_sp."
"ASV_7614","Eukaryota","TSAR","Stramenopiles","Gyrista","Bolidophyceae","Parmales","Parmales_env_2","Parmales_env_2_X","Parmales_env_2_X_sp."
"ASV_7617","Eukaryota","TSAR","Alveolata","Dinoflagellata","Syndiniales","Dino-Group-I","Dino-Group-I-Clade-5","Dino-Group-I-Clade-5_X","Dino-Group-I-Clade-5_X_sp."
"ASV_7619","Eukaryota","Eukaryota_X","Ancyromonadida","Ancyromonadida_X","Ancyromonadida_XX","Ancyromonadida_XXX","Ancyromonadida_Group-1","Ancyromonas","Ancyromonas_micra"
"ASV_7620","Eukaryota","TSAR","Alveolata","Dinoflagellata","Dinophyceae","unassigned","unassigned","unassigned","unassigned"
"ASV_7625","Eukaryota","TSAR","Alveolata","Dinoflagellata","Dinophyceae","Torodiniales","Torodiniaceae","Torodinium","Torodinium_robustum"
"ASV_7627","Eukaryota","TSAR","Stramenopiles","Bigyra","Opalozoa","Opalozoa_X","MAST-12","MAST-12A","MAST-12A_sp."
"ASV_7629","Eukaryota","TSAR","Alveolata","Dinoflagellata","Dinophyceae","unassigned","unassigned","unassigned","unassigned"
"ASV_7632","Eukaryota","TSAR","Alveolata","Dinoflagellata","Dinophyceae","unassigned","unassigned","unassigned","unassigned"
"ASV_7633","Eukaryota","TSAR","Alveolata","Dinoflagellata","Dinophyceae","unassigned","unassigned","unassigned","unassigned"
"ASV_7635","Eukaryota","TSAR","Alveolata","Dinoflagellata","Dinophyceae","Peridiniales","unassigned","unassigned","unassigned"
"ASV_7638","Eukaryota","TSAR","Alveolata","Dinoflagellata","Dinophyceae","Gymnodiniales","unassigned","unassigned","unassigned"
"ASV_7640","Eukaryota","Haptista","Haptophyta","Haptophyta_X","Prymnesiophyceae","Prymnesiales","Prymnesiaceae","Haptolina","Haptolina_sp."
"ASV_7643","Eukaryota","TSAR","Stramenopiles","Gyrista","Mediophyceae","Chaetocerotales","Chaetocerotaceae","Chaetoceros","unassigned"
"ASV_7645","Eukaryota","TSAR","Stramenopiles","Bigyra","Opalozoa","Nanomonadea","MAST-3","MAST-3D","MAST-3D_sp."
"ASV_7646","Eukaryota","Haptista","Haptophyta","Haptophyta_X","Prymnesiophyceae","Phaeocystales","Phaeocystaceae","Phaeocystis","Phaeocystis_cordata"
"ASV_7648","Eukaryota","TSAR","Alveolata","Ciliophora","Spirotrichea","Oligotrichida","Strombidiidae","Strombidiidae_X","Strombidiidae_X_sp."
"ASV_7649","Eukaryota","TSAR","Alveolata","Dinoflagellata","Dinophyceae","Torodiniales","Torodiniaceae","Torodinium","unassigned"
"ASV_7650","Eukaryota","TSAR","Alveolata","Dinoflagellata","Dinophyceae","Dinophyceae_X","Dinophyceae_XX","Dinophyceae_XXX","Dinophyceae_XXX_sp."
"ASV_7651","Eukaryota","TSAR","Telonemia","Telonemia_X","Telonemia_XX","Telonemia_XXX","Telonemia_XXXX","Telonemia_XXXXX","Telonemia_XXXXX_sp."
"ASV_7656","Eukaryota","TSAR","Stramenopiles","Bigyra","Opalozoa","Nanomonadea","MAST-3","unassigned","unassigned"
"ASV_7658","Eukaryota","TSAR","Stramenopiles","Gyrista","Pirsoniales","Pirsoniales_X","Pirsoniales_XX","Pirsonia_Clade__XXX","Pirsonia_Clade__XXX_sp."
"ASV_7659","Eukaryota","TSAR","Alveolata","Dinoflagellata","Syndiniales","Dino-Group-III","Dino-Group-III_X","Dino-Group-III_XX","Dino-Group-III_XX_sp."
"ASV_7660","Eukaryota","TSAR","Stramenopiles","Gyrista","Mediophyceae","Thalassiosirales","Thalassiosiraceae","Thalassiosira","unassigned"
"ASV_7661","Eukaryota","TSAR","Alveolata","Dinoflagellata","Dinophyceae","Gymnodiniales","Gymnodiniaceae","Gyrodinium","Gyrodinium_helveticum"
"ASV_7662","Eukaryota","TSAR","Alveolata","Dinoflagellata","Syndiniales","Dino-Group-II","unassigned","unassigned","unassigned"
"ASV_7663","Eukaryota","TSAR","Alveolata","Dinoflagellata","Dinophyceae","unassigned","unassigned","unassigned","unassigned"
"ASV_7665","Eukaryota","TSAR","Alveolata","Dinoflagellata","Dinophyceae","unassigned","unassigned","unassigned","unassigned"
"ASV_7671","Eukaryota","TSAR","Alveolata","Dinoflagellata","Syndiniales","Dino-Group-I","Dino-Group-I-Clade-5","Dino-Group-I-Clade-5_X","Dino-Group-I-Clade-5_X_sp."
"ASV_7675","Eukaryota","TSAR","Stramenopiles","Bigyra","Sagenista","Sagenista_X","MAST-9","MAST-9C","MAST-9C_sp."
"ASV_7716","Eukaryota","TSAR","Alveolata","Dinoflagellata","Dinophyceae","Gonyaulacales","Ceratiaceae","Tripos","unassigned"
"ASV_7718","Eukaryota","TSAR","Alveolata","Dinoflagellata","Syndiniales","Dino-Group-II","unassigned","unassigned","unassigned"
"ASV_7722","Eukaryota","Obazoa","Opisthokonta","unassigned","unassigned","unassigned","unassigned","unassigned","unassigned"
"ASV_7735","Eukaryota","TSAR","Alveolata","Dinoflagellata","Dinophyceae","Gymnodiniales","Gymnodiniaceae","Gymnodinium","Gymnodinium_sp."
"ASV_7737","Eukaryota","TSAR","Alveolata","Dinoflagellata","Dinophyceae","unassigned","unassigned","unassigned","unassigned"
"ASV_7742","Eukaryota","Haptista","Haptophyta","Haptophyta_X","Prymnesiophyceae","Prymnesiales","Chrysochromulinaceae","Chrysochromulina","unassigned"
"ASV_7755","Eukaryota","TSAR","Alveolata","Dinoflagellata","Dinophyceae","Peridiniales","Heterocapsaceae","Heterocapsa","Heterocapsa_pygmaea"
"ASV_7765","Eukaryota","TSAR","Alveolata","Ciliophora","unassigned","unassigned","unassigned","unassigned","unassigned"
"ASV_7766","Eukaryota","TSAR","Alveolata","Dinoflagellata","Dinophyceae","Peridiniales","Blastodiniaceae","Blastodinium","Blastodinium_contortum"
"ASV_7768","Eukaryota","TSAR","Alveolata","Ciliophora","Oligohymenophorea","Peritrichia_2","Sessilida","Pseudovorticella","unassigned"
"ASV_7780","Eukaryota","Obazoa","Opisthokonta","unassigned","unassigned","unassigned","unassigned","unassigned","unassigned"
"ASV_7788","Eukaryota","TSAR","Alveolata","Dinoflagellata","Dinophyceae","Gymnodiniales","unassigned","unassigned","unassigned"
"ASV_7869","Eukaryota","TSAR","Alveolata","Dinoflagellata","Syndiniales","Dino-Group-II","Dino-Group-II-Clade-13","Dino-Group-II-Clade-13_X","Dino-Group-II-Clade-13_X_sp."
"ASV_7873","Eukaryota","TSAR","Alveolata","Apicomplexa","Gregarinomorphea","Neogregarinorida","Actinocephalidae","unassigned","unassigned"
"ASV_7880","Eukaryota","TSAR","unassigned","unassigned","unassigned","unassigned","unassigned","unassigned","unassigned"
"ASV_7906","Eukaryota","TSAR","Alveolata","Dinoflagellata","Dinophyceae","Gymnodiniales","Gymnodiniaceae","Gyrodinium","unassigned"
"ASV_7910","Eukaryota","TSAR","Rhizaria","Radiolaria","Acantharea","Acantharea_A","Acantharea_A_X","Acanthoplegma","Acanthoplegma_sp."
"ASV_7932","Eukaryota","TSAR","Alveolata","Dinoflagellata","Syndiniales","Dino-Group-II","Dino-Group-II-Clade-1","Dino-Group-II-Clade-1_X","Dino-Group-II-Clade-1_X_sp."
"ASV_7937","Eukaryota","TSAR","Stramenopiles","Gyrista","Bacillariophyceae","unassigned","unassigned","unassigned","unassigned"
"ASV_7938","Eukaryota","TSAR","Alveolata","Dinoflagellata","Dinophyceae","Gonyaulacales","Ceratiaceae","Tripos","unassigned"
"ASV_7944","Eukaryota","TSAR","Alveolata","Dinoflagellata","Dinophyceae","unassigned","unassigned","unassigned","unassigned"
"ASV_7949","Eukaryota","TSAR","Alveolata","Dinoflagellata","Dinophyceae","unassigned","unassigned","unassigned","unassigned"
"ASV_7950","Eukaryota","TSAR","Stramenopiles","Gyrista","Mediophyceae","Thalassiosirales","Thalassiosiraceae","Thalassiosira","Thalassiosira_curviseriata"
"ASV_7951","Eukaryota","TSAR","Alveolata","Dinoflagellata","Dinophyceae","unassigned","unassigned","unassigned","unassigned"
"ASV_7963","Eukaryota","TSAR","Alveolata","Dinoflagellata","Dinophyceae","Gonyaulacales","Ceratiaceae","Tripos","unassigned"
"ASV_7971","Eukaryota","TSAR","Stramenopiles","Gyrista","Mediophyceae","Thalassiosirales","unassigned","unassigned","unassigned"
"ASV_7983","Eukaryota","TSAR","Stramenopiles","Gyrista","Bolidophyceae","Parmales","Parmales_X","Parmales_XX","Parmales_XX_sp."
"ASV_7989","Eukaryota","TSAR","Alveolata","Ciliophora","Spirotrichea","Oligotrichida","Strombidiidae","unassigned","unassigned"
"ASV_7990","Eukaryota","TSAR","Stramenopiles","Gyrista","Pelagophyceae","Pelagomonadales","unassigned","unassigned","unassigned"
"ASV_8020","Eukaryota","TSAR","Alveolata","Dinoflagellata","unassigned","unassigned","unassigned","unassigned","unassigned"
"ASV_8136","Eukaryota","TSAR","Alveolata","Ciliophora","Spirotrichea","Oligotrichida","Strombidiidae","Strombidium","unassigned"
"ASV_8171","Eukaryota","Excavata","Discoba","Euglenozoa","Diplonemea","Diplonemida","Hemistasiidae","Hemistasia","Hemistasia_phaeocysticola"
"ASV_8213","Eukaryota","TSAR","Alveolata","unassigned","unassigned","unassigned","unassigned","unassigned","unassigned"
"ASV_8336","Eukaryota","TSAR","Stramenopiles","Bigyra","unassigned","unassigned","unassigned","unassigned","unassigned"
"ASV_8388","Eukaryota","TSAR","Alveolata","Dinoflagellata","Dinophyceae","Gymnodiniales","unassigned","unassigned","unassigned"
"ASV_8437","Eukaryota","TSAR","Alveolata","Dinoflagellata","Dinophyceae","unassigned","unassigned","unassigned","unassigned"
"ASV_8438","Eukaryota","TSAR","Alveolata","Dinoflagellata","Dinophyceae","unassigned","unassigned","unassigned","unassigned"
"ASV_8439","Eukaryota","TSAR","Alveolata","Dinoflagellata","Dinophyceae","unassigned","unassigned","unassigned","unassigned"
"ASV_8441","Eukaryota","TSAR","Alveolata","Dinoflagellata","Dinophyceae","Gymnodiniales","Gymnodiniaceae","Gyrodinium","Gyrodinium_fusiforme"
"ASV_8442","Eukaryota","TSAR","Alveolata","Dinoflagellata","Dinophyceae","Gonyaulacales","Gonyaulacaceae","Spiniferites","Spiniferites_ramosus"
"ASV_8464","Eukaryota","TSAR","Stramenopiles","Gyrista","Bacillariophyceae","Licmophorales","unassigned","unassigned","unassigned"
"ASV_8469","Eukaryota","TSAR","Alveolata","Dinoflagellata","Dinophyceae","unassigned","unassigned","unassigned","unassigned"
"ASV_8470","Eukaryota","TSAR","Alveolata","Dinoflagellata","Dinophyceae","Gymnodiniales","unassigned","unassigned","unassigned"
"ASV_8473","Eukaryota","TSAR","Alveolata","Dinoflagellata","Syndiniales","Dino-Group-II","Dino-Group-II-Clade-4","unassigned","unassigned"
"ASV_8474","Eukaryota","Obazoa","Opisthokonta","Choanoflagellata","Choanoflagellatea","Acanthoecida","Stephanoecidae_Group_H","unassigned","unassigned"
"ASV_8481","Eukaryota","Haptista","Haptophyta","Haptophyta_X","Prymnesiophyceae","Isochrysidales","Noelaerhabdaceae","unassigned","unassigned"
"ASV_8482","Eukaryota","TSAR","Stramenopiles","Gyrista","Dictyochophyceae","Dictyochophyceae_X","Florenciellales","Florenciella","Florenciella_sp."
"ASV_8484","Eukaryota","TSAR","Stramenopiles","Bigyra","Opalozoa","Opalozoa_X","MAST-12","MAST-12_X","MAST-12_X_sp."
"ASV_8485","Eukaryota","TSAR","Rhizaria","Cercozoa","Filosa-Thecofilosea","Filosa-Thecofilosea_X","Chlamydophryidae","Lecythium","unassigned"
"ASV_8486","Eukaryota","TSAR","Alveolata","Dinoflagellata","Dinophyceae","Gonyaulacales","Ceratiaceae","Tripos","unassigned"
"ASV_8488","Eukaryota","TSAR","Telonemia","Telonemia_X","Telonemia_XX","Telonemia_XXX","Telonemia-Group-2","Telonemia-Group-2_X","Telonemia-Group-2_X_sp."
"ASV_8490","Eukaryota","TSAR","Rhizaria","Cercozoa","Filosa-Thecofilosea","Cryomonadida","Protaspa-lineage","Protaspa-lineage_X","Protaspa-lineage_X_sp."
"ASV_8492","Eukaryota","Haptista","Haptophyta","Haptophyta_X","Prymnesiophyceae","Prymnesiales","Prymnesiaceae","Dicrateria","Dicrateria_rotunda"
"ASV_8495","Eukaryota","TSAR","Stramenopiles","Gyrista","Mediophyceae","Chaetocerotales","Leptocylindraceae","Leptocylindrus","Leptocylindrus_danicus"
"ASV_8496","Eukaryota","TSAR","Rhizaria","Cercozoa","Filosa-Thecofilosea","Ebriacea","Ebriidae","Ebria","Ebria_tripartita"
"ASV_8498","Eukaryota","TSAR","Alveolata","Dinoflagellata","Syndiniales","Dino-Group-II","Dino-Group-II-Clade-23","Dino-Group-II-Clade-23_X","Dino-Group-II-Clade-23_X_sp."
"ASV_8501","Eukaryota","Haptista","Haptophyta","Haptophyta_X","Prymnesiophyceae","Prymnesiales","Chrysochromulinaceae","Chrysochromulina","Chrysochromulina_sp."
"ASV_8517","Eukaryota","TSAR","Alveolata","Dinoflagellata","Dinophyceae","Gymnodiniales","Gymnodiniaceae","Gyrodinium","Gyrodinium_dominans"
"ASV_8518","Eukaryota","Haptista","Haptophyta","Haptophyta_X","Prymnesiophyceae","Prymnesiales","unassigned","unassigned","unassigned"
"ASV_8519","Eukaryota","TSAR","Alveolata","Dinoflagellata","Dinophyceae","unassigned","unassigned","unassigned","unassigned"
"ASV_8521","Eukaryota","TSAR","Alveolata","Dinoflagellata","Dinophyceae","Gonyaulacales","Ceratiaceae","Tripos","unassigned"
"ASV_8523","Eukaryota","TSAR","Stramenopiles","Gyrista","Mediophyceae","Cymatosirales","Cymatosiraceae","Arcocellulus","Arcocellulus_cornucervis"
"ASV_8528","Eukaryota","TSAR","Alveolata","Dinoflagellata","Dinophyceae","Prorocentrales","Prorocentraceae","Prorocentrum","Prorocentrum_sp."
"ASV_8532","Eukaryota","TSAR","Stramenopiles","Bigyra","Sagenista","Sagenista_X","MAST-7","MAST-7B","MAST-7B_sp."
"ASV_8536","Eukaryota","TSAR","Alveolata","Dinoflagellata","Dinophyceae","Gymnodiniales","Gymnodiniaceae","Gyrodinium","Gyrodinium_heterogrammum"
"ASV_8538","Eukaryota","TSAR","Alveolata","Ciliophora","Spirotrichea","Choreotrichida-Tintinnina","Tintinnidae","Amphorides","Amphorides_amphora"
"ASV_8540","Eukaryota","Haptista","Haptophyta","Haptophyta_X","Prymnesiophyceae","Prymnesiales","Prymnesiaceae","Haptolina","unassigned"
"ASV_8543","Eukaryota","TSAR","Alveolata","Dinoflagellata","Dinophyceae","Gymnodiniales","Gymnodiniaceae","unassigned","unassigned"
"ASV_8547","Eukaryota","TSAR","Alveolata","Dinoflagellata","Dinophyceae","unassigned","unassigned","unassigned","unassigned"
"ASV_8548","Eukaryota","Haptista","Haptophyta","Haptophyta_X","Prymnesiophyceae","Prymnesiales","Prymnesiaceae","Dicrateria","Dicrateria_rotunda"
"ASV_8552","Eukaryota","TSAR","unassigned","unassigned","unassigned","unassigned","unassigned","unassigned","unassigned"
"ASV_8553","Eukaryota","TSAR","Alveolata","Dinoflagellata","Dinophyceae","Gymnodiniales","Gymnodiniaceae","Lepidodinium","unassigned"
"ASV_8554","Eukaryota","TSAR","Alveolata","Dinoflagellata","Dinophyceae","unassigned","unassigned","unassigned","unassigned"
"ASV_8557","Eukaryota","TSAR","Alveolata","Dinoflagellata","Dinophyceae","Gymnodiniales","Gymnodiniaceae","Gyrodinium","unassigned"
"ASV_8559","Eukaryota","TSAR","Alveolata","Dinoflagellata","Dinophyceae","Gymnodiniales","Gymnodiniaceae","Margalefidinium","Margalefidinium_fulvescens"
"ASV_8560","Eukaryota","TSAR","Alveolata","Dinoflagellata","Dinophyceae","Dinophyceae_X","Dinophyceae_XX","Dinophyceae_XXX","Dinophyceae_XXX_sp."
"ASV_8562","Eukaryota","TSAR","Alveolata","Ciliophora","CONThreeP","CONThreeP_X","CONThreeP_XX","Askenasia","Askenasia_sp."
"ASV_8563","Eukaryota","TSAR","Alveolata","Dinoflagellata","Syndiniales","Dino-Group-III","Dino-Group-III_X","Dino-Group-III_XX","Dino-Group-III_XX_sp."
"ASV_8564","Eukaryota","TSAR","Alveolata","Dinoflagellata","Dinophyceae","Suessiales","Suessiaceae","Pelagodinium","unassigned"
"ASV_8567","Eukaryota","TSAR","Alveolata","Dinoflagellata","Dinophyceae","Gymnodiniales","Gymnodiniaceae","Gyrodinium","Gyrodinium_rubrum"
"ASV_8571","Eukaryota","TSAR","Stramenopiles","Bigyra","Sagenista","Sagenista_X","MAST-4","MAST-4E","MAST-4E_sp."
"ASV_8573","Eukaryota","TSAR","Alveolata","Dinoflagellata","Dinophyceae","Dinophyceae_X","Dinophyceae_XX","Dinophyceae_XXX","Dinophyceae_XXX_sp."
"ASV_8574","Eukaryota","TSAR","Alveolata","Dinoflagellata","Dinophyceae","Gymnodiniales","Gymnodiniaceae","unassigned","unassigned"
"ASV_8579","Eukaryota","TSAR","Alveolata","Dinoflagellata","Dinophyceae","Gymnodiniales","Kareniaceae","Karlodinium","Karlodinium_sp."
"ASV_8587","Eukaryota","TSAR","Alveolata","Dinoflagellata","Dinophyceae","Peridiniales","Heterocapsaceae","Heterocapsa","unassigned"
"ASV_8589","Eukaryota","TSAR","Alveolata","Dinoflagellata","Dinophyceae","Dinophyceae_X","Dinophyceae_XX","Dinophyceae_XXX","Dinophyceae_XXX_sp."
"ASV_8593","Eukaryota","TSAR","Alveolata","Dinoflagellata","Dinophyceae","unassigned","unassigned","unassigned","unassigned"
"ASV_8595","Eukaryota","TSAR","Alveolata","Dinoflagellata","Syndiniales","Dino-Group-II","Dino-Group-II_X","Dino-Group-II_XX","Dino-Group-II_XX_sp."
"ASV_8597","Eukaryota","TSAR","unassigned","unassigned","unassigned","unassigned","unassigned","unassigned","unassigned"
"ASV_8599","Eukaryota","TSAR","Alveolata","Dinoflagellata","Syndiniales","Dino-Group-II","Dino-Group-II-Clade-22","Dino-Group-II-Clade-22_X","Dino-Group-II-Clade-22_X_sp."
"ASV_8600","Eukaryota","TSAR","Alveolata","Dinoflagellata","Dinophyceae","Peridiniales","Heterocapsaceae","Heterocapsa","unassigned"
"ASV_8603","Eukaryota","TSAR","Alveolata","Dinoflagellata","Syndiniales","Dino-Group-II","Dino-Group-II-Clade-16","Dino-Group-II-Clade-16_X","Dino-Group-II-Clade-16_X_sp."
"ASV_8604","Eukaryota","TSAR","Stramenopiles","Gyrista","Mediophyceae","Thalassiosirales","Thalassiosiraceae","Thalassiosira","unassigned"
"ASV_8610","Eukaryota","TSAR","Stramenopiles","Gyrista","Mediophyceae","Cymatosirales","Cymatosiraceae","Arcocellulus","unassigned"
"ASV_8612","Eukaryota","TSAR","Alveolata","Dinoflagellata","Dinophyceae","Gymnodiniales","Gymnodiniaceae","Gyrodinium","Gyrodinium_spirale"
"ASV_8613","Eukaryota","TSAR","Alveolata","Dinoflagellata","Dinophyceae","Gymnodiniales","Gymnodiniaceae","Gyrodinium","Gyrodinium_heterogrammum"
"ASV_8614","Eukaryota","TSAR","Alveolata","Dinoflagellata","Dinophyceae","Gymnodiniales","Gymnodiniaceae","Gyrodinium","Gyrodinium_heterogrammum"
"ASV_8615","Eukaryota","TSAR","Stramenopiles","Gyrista","Mediophyceae","Mediophyceae_X","Mediophyceae_XX","Mediophyceae_XXX","Mediophyceae_XXX_sp."
"ASV_8617","Eukaryota","TSAR","Alveolata","Dinoflagellata","Dinophyceae","unassigned","unassigned","unassigned","unassigned"
"ASV_8620","Eukaryota","TSAR","Alveolata","Ciliophora","Spirotrichea","Oligotrichida","Strombidiidae","Strombidium","Strombidium_paracapitatum"
"ASV_8621","Eukaryota","TSAR","Alveolata","Dinoflagellata","Dinophyceae","unassigned","unassigned","unassigned","unassigned"
"ASV_8622","Eukaryota","TSAR","Alveolata","Dinoflagellata","Dinophyceae","unassigned","unassigned","unassigned","unassigned"
"ASV_8626","Eukaryota","TSAR","Stramenopiles","Gyrista","Mediophyceae","Thalassiosirales","Thalassiosiraceae","Thalassiosira","unassigned"
"ASV_8627","Eukaryota","TSAR","Alveolata","Dinoflagellata","Dinophyceae","Gymnodiniales","Gymnodiniaceae","Gyrodinium","Gyrodinium_heterogrammum"
"ASV_8631","Eukaryota","TSAR","Stramenopiles","Bigyra","Sagenista","Labyrinthulomycetes","Thraustochytriaceae","Thraustochytriaceae_LAB17","Thraustochytriaceae_LAB17_sp."
"ASV_8632","Eukaryota","TSAR","Stramenopiles","Gyrista","Mediophyceae","Thalassiosirales","Thalassiosiraceae","Thalassiosira","Thalassiosira_antarctica"
"ASV_8633","Eukaryota","TSAR","Alveolata","Dinoflagellata","Dinophyceae","unassigned","unassigned","unassigned","unassigned"
"ASV_8635","Eukaryota","TSAR","Alveolata","Dinoflagellata","Dinophyceae","Gymnodiniales","Gymnodiniaceae","Gyrodinium","Gyrodinium_sp."
"ASV_8638","Eukaryota","TSAR","Alveolata","Dinoflagellata","Dinophyceae","Dinophysales","Dinophysaceae","Dinophysis","unassigned"
"ASV_8642","Eukaryota","TSAR","Rhizaria","Cercozoa","Filosa-Thecofilosea","Ebriacea","Ebriidae","Ebria","Ebria_tripartita"
"ASV_8647","Eukaryota","TSAR","Stramenopiles","Gyrista","Mediophyceae","Thalassiosirales","Skeletonemaceae","Skeletonema","Skeletonema_menzelii"
"ASV_8648","Eukaryota","TSAR","Alveolata","Dinoflagellata","Dinophyceae","Gymnodiniales","Gymnodiniaceae","Gyrodinium","unassigned"
"ASV_8649","Eukaryota","TSAR","Stramenopiles","Gyrista","Mediophyceae","Cymatosirales","Cymatosiraceae","Arcocellulus","Arcocellulus_mammifer"
"ASV_8654","Eukaryota","TSAR","Alveolata","Dinoflagellata","Dinophyceae","Dinophyceae_X","Dinophyceae_XX","Dinophyceae_XXX","Dinophyceae_XXX_sp."
"ASV_8656","Eukaryota","TSAR","Alveolata","Dinoflagellata","Dinophyceae","Peridiniales","unassigned","unassigned","unassigned"
"ASV_8657","Eukaryota","TSAR","Stramenopiles","Bigyra","Opalozoa","Nanomonadea","MAST-3","MAST-3E","MAST-3E_sp."
"ASV_8658","Eukaryota","TSAR","Alveolata","Dinoflagellata","Dinophyceae","unassigned","unassigned","unassigned","unassigned"
"ASV_8660","Eukaryota","TSAR","Alveolata","Dinoflagellata","Dinophyceae","unassigned","unassigned","unassigned","unassigned"
"ASV_8661","Eukaryota","TSAR","Alveolata","Dinoflagellata","Syndiniales","Dino-Group-III","Dino-Group-III_X","Dino-Group-III_XX","Dino-Group-III_XX_sp."
"ASV_8662","Eukaryota","TSAR","Alveolata","Dinoflagellata","Dinophyceae","Prorocentrales","Prorocentraceae","Prorocentrum","unassigned"
"ASV_8663","Eukaryota","TSAR","Alveolata","Dinoflagellata","Dinophyceae","Prorocentrales","Prorocentraceae","Prorocentrum","Prorocentrum_sp."
"ASV_8668","Eukaryota","Haptista","Haptophyta","Haptophyta_X","Prymnesiophyceae","Prymnesiales","Prymnesiaceae","unassigned","unassigned"
"ASV_8669","Eukaryota","TSAR","Alveolata","Dinoflagellata","Syndiniales","Dino-Group-II","Dino-Group-II-Clade-10-and-11","Dino-Group-II-Clade-10-and-11_X","Dino-Group-II-Clade-10-and-11_X_sp."
"ASV_8670","Eukaryota","TSAR","Stramenopiles","Gyrista","Mediophyceae","Thalassiosirales","Thalassiosiraceae","unassigned","unassigned"
"ASV_8671","Eukaryota","TSAR","Alveolata","Dinoflagellata","Dinophyceae","Gymnodiniales","Gymnodiniaceae","Gymnodinium","unassigned"
"ASV_8672","Eukaryota","TSAR","Alveolata","Dinoflagellata","Dinophyceae","Gymnodiniales","Gymnodiniaceae","Gyrodinium","Gyrodinium_spirale"
"ASV_8678","Eukaryota","Haptista","Haptophyta","Haptophyta_X","Prymnesiophyceae","Prymnesiophyceae_Clade_D","Prymnesiophyceae_Clade_D_X","Prymnesiophyceae_Clade_D_XX","Prymnesiophyceae_Clade_D_XX_sp."
"ASV_8682","Eukaryota","TSAR","Alveolata","Dinoflagellata","Dinophyceae","Gymnodiniales","Kareniaceae","Karlodinium","unassigned"
"ASV_8684","Eukaryota","TSAR","Alveolata","Dinoflagellata","unassigned","unassigned","unassigned","unassigned","unassigned"
"ASV_8685","Eukaryota","TSAR","Rhizaria","Cercozoa","Filosa-Thecofilosea","Cryomonadida","Cryothecomonas-lineage","Cryothecomonas","Cryothecomonas_sp."
"ASV_8835","Eukaryota","TSAR","Rhizaria","Cercozoa","Filosa-Thecofilosea","Ebriacea","unassigned","unassigned","unassigned"
"ASV_8839","Eukaryota","Cryptista","Cryptophyta","Cryptophyta_X","Cryptophyceae","unassigned","unassigned","unassigned","unassigned"
"ASV_8840","Eukaryota","TSAR","Alveolata","Dinoflagellata","Dinophyceae","unassigned","unassigned","unassigned","unassigned"
"ASV_8841","Eukaryota","TSAR","Stramenopiles","Gyrista","Dictyochophyceae","Dictyochophyceae_X","Florenciellales","Pseudochattonella","Pseudochattonella_farcimen"
"ASV_8842","Eukaryota","TSAR","Alveolata","Ciliophora","Spirotrichea","Oligotrichida","Strombidiidae","Strombidium","Strombidium_caudispina"
"ASV_8843","Eukaryota","TSAR","Alveolata","Dinoflagellata","Dinophyceae","Gymnodiniales","unassigned","unassigned","unassigned"
"ASV_8844","Eukaryota","TSAR","Alveolata","Dinoflagellata","Dinophyceae","unassigned","unassigned","unassigned","unassigned"
"ASV_8848","Eukaryota","TSAR","Stramenopiles","Bigyra","Sagenista","Sagenista_X","MAST-7","MAST-7B","MAST-7B_sp."
"ASV_8852","Eukaryota","TSAR","Alveolata","Dinoflagellata","unassigned","unassigned","unassigned","unassigned","unassigned"
"ASV_8853","Eukaryota","TSAR","Alveolata","Dinoflagellata","Dinophyceae","unassigned","unassigned","unassigned","unassigned"
"ASV_8857","Eukaryota","TSAR","Alveolata","Dinoflagellata","Dinophyceae","unassigned","unassigned","unassigned","unassigned"
"ASV_8858","Eukaryota","TSAR","Stramenopiles","Gyrista","Bolidophyceae","Parmales","Parmales_env_3","Parmales_env_3B","Parmales_env_3B_sp."
"ASV_8866","Eukaryota","TSAR","Alveolata","Dinoflagellata","Dinophyceae","Gonyaulacales","Ceratiaceae","Tripos","Tripos_extensus"
"ASV_8871","Eukaryota","TSAR","unassigned","unassigned","unassigned","unassigned","unassigned","unassigned","unassigned"
"ASV_8875","Eukaryota","TSAR","Alveolata","Dinoflagellata","Dinophyceae","Prorocentrales","Prorocentraceae","Prorocentrum","Prorocentrum_sp."
"ASV_8877","Eukaryota","Haptista","Haptophyta","Haptophyta_X","Prymnesiophyceae","unassigned","unassigned","unassigned","unassigned"
"ASV_8879","Eukaryota","TSAR","Alveolata","Dinoflagellata","Dinophyceae","unassigned","unassigned","unassigned","unassigned"
"ASV_8882","Eukaryota","Haptista","Haptophyta","Haptophyta_X","Prymnesiophyceae","Isochrysidales","Noelaerhabdaceae","unassigned","unassigned"
"ASV_8885","Eukaryota","TSAR","Alveolata","Dinoflagellata","Dinophyceae","unassigned","unassigned","unassigned","unassigned"
"ASV_8888","Eukaryota","Haptista","Haptophyta","Haptophyta_X","Prymnesiophyceae","Prymnesiales","Chrysochromulinaceae","Chrysochromulina","unassigned"
"ASV_8889","Eukaryota","TSAR","Alveolata","Dinoflagellata","Syndiniales","Dino-Group-II","Dino-Group-II-Clade-4","Dino-Group-II-Clade-4_X","Dino-Group-II-Clade-4_X_sp."
"ASV_8891","Eukaryota","TSAR","Alveolata","Dinoflagellata","Dinophyceae","Gymnodiniales","Gymnodiniaceae","unassigned","unassigned"
"ASV_8892","Eukaryota","TSAR","Stramenopiles","Gyrista","Bacillariophyceae","Fragilariales","Fragilariaceae","Synedra","Synedra_fragilarioides"
"ASV_8898","Eukaryota","Haptista","Haptophyta","Haptophyta_X","Prymnesiophyceae","Isochrysidales","Noelaerhabdaceae","unassigned","unassigned"
"ASV_8909","Eukaryota","TSAR","Stramenopiles","Gyrista","Mediophyceae","Thalassiosirales","unassigned","unassigned","unassigned"
"ASV_8910","Eukaryota","TSAR","Rhizaria","Cercozoa","Filosa-Thecofilosea","Ebriacea","Ebriida_X","Ebriida_XX","Ebriida_XX_sp."
"ASV_8949","Eukaryota","TSAR","Rhizaria","Cercozoa","Filosa-Thecofilosea","Cryomonadida","Protaspa-lineage","Protaspa-lineage_X","Protaspa-lineage_X_sp."
"ASV_8951","Eukaryota","TSAR","Stramenopiles","Gyrista","Pelagophyceae","Pelagomonadales","unassigned","unassigned","unassigned"
"ASV_8952","Eukaryota","TSAR","Alveolata","Dinoflagellata","Syndiniales","Dino-Group-II","Dino-Group-II-Clade-4","Dino-Group-II-Clade-4_X","Dino-Group-II-Clade-4_X_sp."
"ASV_8954","Eukaryota","TSAR","Stramenopiles","Gyrista","Mediophyceae","Thalassiosirales","Skeletonemaceae","Skeletonema","Skeletonema_grethae"
"ASV_8958","Eukaryota","TSAR","Alveolata","Dinoflagellata","Syndiniales","Dino-Group-II","Dino-Group-II-Clade-10-and-11","Dino-Group-II-Clade-10-and-11_X","Dino-Group-II-Clade-10-and-11_X_sp."
"ASV_8965","Eukaryota","TSAR","Alveolata","Dinoflagellata","Dinophyceae","Torodiniales","Torodiniaceae","Torodinium","Torodinium_robustum"
"ASV_8973","Eukaryota","Obazoa","Opisthokonta","Choanoflagellata","Choanoflagellatea","Acanthoecida","unassigned","unassigned","unassigned"
"ASV_8976","Eukaryota","TSAR","Stramenopiles","Gyrista","Mediophyceae","Eupodiscales","Odontellaceae","Odontella","Odontella_rostrata"
"ASV_8979","Eukaryota","TSAR","Alveolata","Dinoflagellata","Dinophyceae","unassigned","unassigned","unassigned","unassigned"
"ASV_8982","Eukaryota","TSAR","Alveolata","Dinoflagellata","Dinophyceae","Gymnodiniales","Gymnodiniaceae","Balechina","Balechina_pachydermata"
"ASV_8983","Eukaryota","TSAR","Stramenopiles","Gyrista","Mediophyceae","Cymatosirales","Cymatosiraceae","unassigned","unassigned"
"ASV_8986","Eukaryota","TSAR","Alveolata","Dinoflagellata","Dinophyceae","unassigned","unassigned","unassigned","unassigned"
"ASV_8989","Eukaryota","TSAR","Alveolata","Dinoflagellata","Dinophyceae","unassigned","unassigned","unassigned","unassigned"
"ASV_8994","Eukaryota","TSAR","Alveolata","Dinoflagellata","Dinophyceae","unassigned","unassigned","unassigned","unassigned"
"ASV_9003","Eukaryota","TSAR","Alveolata","Dinoflagellata","Dinophyceae","unassigned","unassigned","unassigned","unassigned"
"ASV_9006","Eukaryota","TSAR","Alveolata","Dinoflagellata","Syndiniales","Dino-Group-II","Dino-Group-II-Clade-6","Dino-Group-II-Clade-6_X","Dino-Group-II-Clade-6_X_sp."
"ASV_9010","Eukaryota","TSAR","Stramenopiles","Bigyra","Sagenista","Sagenista_X","MAST-4","MAST-4F","MAST-4F_sp."
"ASV_9013","Eukaryota","TSAR","Alveolata","Dinoflagellata","Dinophyceae","Dinophyceae_X","Dinophyceae_XX","Dinophyceae_XXX","Dinophyceae_XXX_sp."
"ASV_9016","Eukaryota","TSAR","Stramenopiles","Gyrista","Pelagophyceae","Pelagomonadales","Pelagomonadales_clade_B","Pelagomonadales_clade_B4","Pelagomonadales_clade_B4_sp."
"ASV_9018","Eukaryota","TSAR","Stramenopiles","Gyrista","Mediophyceae","Thalassiosirales","Thalassiosiraceae","Thalassiosira","Thalassiosira_minima"
"ASV_9019","Eukaryota","TSAR","Stramenopiles","Gyrista","Pelagophyceae","Pelagomonadales","unassigned","unassigned","unassigned"
"ASV_9021","Eukaryota","TSAR","Alveolata","Ciliophora","Spirotrichea","Oligotrichida","Tontoniidae","unassigned","unassigned"
"ASV_9025","Eukaryota","TSAR","Alveolata","Dinoflagellata","Dinophyceae","unassigned","unassigned","unassigned","unassigned"
"ASV_9030","Eukaryota","TSAR","Stramenopiles","Bigyra","Sagenista","Sagenista_X","MAST-7","unassigned","unassigned"
"ASV_9036","Eukaryota","TSAR","Telonemia","Telonemia_X","Telonemia_XX","Telonemia_XXX","Telonemia_XXXX","Telonemia_XXXXX","Telonemia_XXXXX_sp."
"ASV_9037","Eukaryota","TSAR","Rhizaria","Cercozoa","Filosa-Thecofilosea","Cryomonadida","unassigned","unassigned","unassigned"
"ASV_9038","Eukaryota","TSAR","Alveolata","Dinoflagellata","Syndiniales","Dino-Group-II","Dino-Group-II-Clade-14","Dino-Group-II-Clade-14_X","Dino-Group-II-Clade-14_X_sp."
"ASV_9039","Eukaryota","TSAR","unassigned","unassigned","unassigned","unassigned","unassigned","unassigned","unassigned"
"ASV_9040","Eukaryota","TSAR","Stramenopiles","Gyrista","Mediophyceae","Cymatosirales","Cymatosiraceae","Arcocellulus","unassigned"
"ASV_9041","Eukaryota","TSAR","Alveolata","Dinoflagellata","Dinophyceae","Gymnodiniales","Kareniaceae","unassigned","unassigned"
"ASV_9042","Eukaryota","TSAR","Alveolata","Dinoflagellata","Syndiniales","Dino-Group-II","Dino-Group-II-Clade-1","Dino-Group-II-Clade-1_X","Dino-Group-II-Clade-1_X_sp."
"ASV_9048","Eukaryota","TSAR","Alveolata","Dinoflagellata","unassigned","unassigned","unassigned","unassigned","unassigned"
"ASV_9049","Eukaryota","TSAR","Stramenopiles","Gyrista","Bolidophyceae","Parmales","Parmales_X","Parmales_XX","Parmales_XX_sp."
"ASV_9054","Eukaryota","TSAR","Alveolata","Dinoflagellata","Syndiniales","Dino-Group-I","Dino-Group-I-Clade-4","Dino-Group-I-Clade-4_X","Dino-Group-I-Clade-4_X_sp."
"ASV_9058","Eukaryota","TSAR","Rhizaria","Cercozoa","Filosa-Thecofilosea","Ventricleftida","Ventrifissuridae","Ventrifissura","Ventrifissura_oblonga"
"ASV_9059","Eukaryota","TSAR","Stramenopiles","Bigyra","Sagenista","Sagenista_X","MAST-10","MAST-10_X","MAST-10_X_sp."
"ASV_9060","Eukaryota","TSAR","Stramenopiles","Gyrista","Mediophyceae","Thalassiosirales","Thalassiosiraceae","Thalassiosira","Thalassiosira_lundiana"
"ASV_9062","Eukaryota","Obazoa","Opisthokonta","Choanoflagellata","Choanoflagellatea","Acanthoecida","Stephanoecidae","Bicosta","Bicosta_minor"
"ASV_9064","Eukaryota","TSAR","Alveolata","Dinoflagellata","Syndiniales","Dino-Group-II","unassigned","unassigned","unassigned"
"ASV_9066","Eukaryota","TSAR","Telonemia","Telonemia_X","Telonemia_XX","Telonemia_XXX","Telonemia-Group-1","Telonemia-Group-1_X","Telonemia-Group-1_X_sp."
"ASV_9068","Eukaryota","TSAR","Alveolata","Dinoflagellata","Dinophyceae","Gymnodiniales","Gymnodiniaceae","Gymnodinium","Gymnodinium_sp."
"ASV_9072","Eukaryota","TSAR","Stramenopiles","Gyrista","Mediophyceae","Thalassiosirales","Thalassiosiraceae","Thalassiosira","unassigned"
"ASV_9075","Eukaryota","Obazoa","Opisthokonta","Choanoflagellata","Choanoflagellatea","Acanthoecida","Stephanoecidae","Bicosta","Bicosta_minor"
"ASV_9086","Eukaryota","TSAR","Stramenopiles","Gyrista","Mediophyceae","Thalassiosirales","Thalassiosiraceae","Minidiscus","unassigned"
"ASV_9087","Eukaryota","TSAR","Telonemia","Telonemia_X","Telonemia_XX","Telonemia_XXX","Telonemia_XXXX","Telonemia_XXXXX","Telonemia_XXXXX_sp."
"ASV_9088","Eukaryota","TSAR","Alveolata","Dinoflagellata","Dinophyceae","Suessiales","Suessiaceae","Yihiella","Yihiella_yeosuensis"
"ASV_9089","Eukaryota","Obazoa","Opisthokonta","Choanoflagellata","Choanoflagellatea","Acanthoecida","Stephanoecidae_Group_H","Stephanoecidae_Group_H_X","Stephanoecidae_Group_H_X_sp."
"ASV_9090","Eukaryota","Archaeplastida","Picozoa","Picozoa_subdivision_1","Picomonadea","Picomonadida","Picomonadidae","Picomonas","Picomonas_judraskeda"
"ASV_9092","Eukaryota","TSAR","Alveolata","Dinoflagellata","Syndiniales","Dino-Group-II","Dino-Group-II-Clade-7","Dino-Group-II-Clade-7_X","Dino-Group-II-Clade-7_X_sp."
"ASV_9096","Eukaryota","TSAR","Alveolata","Dinoflagellata","Syndiniales","Dino-Group-III","Dino-Group-III_X","Dino-Group-III_XX","Dino-Group-III_XX_sp."
"ASV_9110","Eukaryota","TSAR","Alveolata","Dinoflagellata","Dinophyceae","unassigned","unassigned","unassigned","unassigned"
"ASV_9111","Eukaryota","TSAR","Alveolata","Dinoflagellata","Dinophyceae","Dinophyceae_X","Dinophyceae_XX","Dinophyceae_XXX","Dinophyceae_XXX_sp."
"ASV_9112","Eukaryota","TSAR","Alveolata","Dinoflagellata","Dinophyceae","Dinophyceae_X","Dinophyceae_XX","Dinophyceae_XXX","Dinophyceae_XXX_sp."
"ASV_9116","Eukaryota","TSAR","Alveolata","Dinoflagellata","Dinophyceae","unassigned","unassigned","unassigned","unassigned"
"ASV_9117","Eukaryota","TSAR","Alveolata","Dinoflagellata","Dinophyceae","Peridiniales","unassigned","unassigned","unassigned"
"ASV_9119","Eukaryota","TSAR","Stramenopiles","Gyrista","Pelagophyceae","Pelagomonadales","unassigned","unassigned","unassigned"
"ASV_9151","Eukaryota","TSAR","Alveolata","Ciliophora","Spirotrichea","Choreotrichida","Strobilidiidae","Pelagostrobilidium","Pelagostrobilidium_neptuni"
"ASV_9158","Eukaryota","TSAR","Stramenopiles","Bigyra","Sagenista","Sagenista_X","MAST-7","MAST-7C","MAST-7C_sp."
"ASV_9159","Eukaryota","TSAR","Alveolata","Dinoflagellata","Dinophyceae","Dinophyceae_X","Dinophyceae_XX","Dinophyceae_XXX","Dinophyceae_XXX_sp."
"ASV_9162","Eukaryota","TSAR","Alveolata","Dinoflagellata","Syndiniales","Dino-Group-II","unassigned","unassigned","unassigned"
"ASV_9163","Eukaryota","Haptista","Haptophyta","Haptophyta_X","Prymnesiophyceae","Prymnesiales","Prymnesiophyceae_Clade_B4","Prymnesiophyceae_Clade_B4_X","Prymnesiophyceae_Clade_B4_X_sp."
"ASV_9167","Eukaryota","TSAR","Rhizaria","Cercozoa","Filosa-Thecofilosea","Cryomonadida","Cryothecomonas-lineage","Cryothecomonas","Cryothecomonas_sp."
"ASV_9168","Eukaryota","TSAR","Stramenopiles","Gyrista","unassigned","unassigned","unassigned","unassigned","unassigned"
"ASV_9170","Eukaryota","TSAR","Stramenopiles","Gyrista","unassigned","unassigned","unassigned","unassigned","unassigned"
"ASV_9171","Eukaryota","TSAR","Stramenopiles","Gyrista","Mediophyceae","Thalassiosirales","Thalassiosiraceae","Mediolabrus","Mediolabrus_comicus"
"ASV_9174","Eukaryota","TSAR","Alveolata","Dinoflagellata","Dinophyceae","unassigned","unassigned","unassigned","unassigned"
"ASV_9175","Eukaryota","TSAR","Alveolata","Dinoflagellata","Dinophyceae","Dinophyceae_X","Dinophyceae_XX","Dinophyceae_XXX","Dinophyceae_XXX_sp."
"ASV_9177","Eukaryota","TSAR","unassigned","unassigned","unassigned","unassigned","unassigned","unassigned","unassigned"
"ASV_9178","Eukaryota","TSAR","Alveolata","Ciliophora","Spirotrichea","unassigned","unassigned","unassigned","unassigned"
"ASV_9183","Eukaryota","TSAR","Stramenopiles","Gyrista","MOCH-2","MOCH-2_X","MOCH-2_XX","MOCH-2_XXX","MOCH-2_XXX_sp."
"ASV_9187","Eukaryota","TSAR","Alveolata","Dinoflagellata","Syndiniales","Dino-Group-II","Dino-Group-II_X","Dino-Group-II_XX","Dino-Group-II_XX_sp."
"ASV_9193","Eukaryota","Haptista","Haptophyta","Haptophyta_X","Prymnesiophyceae","Prymnesiales","Prymnesiophyceae_Clade_B3","Prymnesiophyceae_Clade_B3_X","Prymnesiophyceae_Clade_B3_X_sp."
"ASV_9195","Eukaryota","TSAR","Alveolata","Ciliophora","Spirotrichea","Choreotrichida","Strobilidiidae","Pelagostrobilidium","Pelagostrobilidium_sp."
"ASV_9198","Eukaryota","TSAR","Alveolata","Dinoflagellata","Dinophyceae","unassigned","unassigned","unassigned","unassigned"
"ASV_9199","Eukaryota","TSAR","Alveolata","Ciliophora","Spirotrichea","Oligotrichida","Strombidiidae","unassigned","unassigned"
"ASV_9201","Eukaryota","TSAR","Alveolata","Dinoflagellata","Dinophyceae","Dinophyceae_X","Dinophyceae_XX","Dinophyceae_XXX","Dinophyceae_XXX_sp."
"ASV_9202","Eukaryota","TSAR","Stramenopiles","Bigyra","Sagenista","Sagenista_X","MAST-7","MAST-7A","MAST-7A_sp."
"ASV_9204","Eukaryota","TSAR","Stramenopiles","Gyrista","Pelagophyceae","Pelagomonadales","Pelagomonadales_clade_B","Pelagomonadales_clade_B4","Pelagomonadales_clade_B4_sp."
"ASV_9206","Eukaryota","TSAR","Alveolata","Dinoflagellata","Dinophyceae","Gymnodiniales","Gymnodiniaceae","Gyrodinium","Gyrodinium_helveticum"
"ASV_9212","Eukaryota","TSAR","Alveolata","Dinoflagellata","Syndiniales","Dino-Group-II","Dino-Group-II-Clade-1","Dino-Group-II-Clade-1_X","Dino-Group-II-Clade-1_X_sp."
"ASV_9213","Eukaryota","TSAR","Alveolata","Ciliophora","Spirotrichea","Oligotrichida","Strombidiidae","Strombidium","Strombidium_caudispina"
"ASV_9215","Eukaryota","Cryptista","Cryptophyta","Cryptophyta_X","Cryptophyceae","unassigned","unassigned","unassigned","unassigned"
"ASV_9227","Eukaryota","TSAR","Stramenopiles","Gyrista","Mediophyceae","Thalassiosirales","Thalassiosiraceae","Thalassiosira","unassigned"
"ASV_9229","Eukaryota","TSAR","Alveolata","Dinoflagellata","Dinophyceae","unassigned","unassigned","unassigned","unassigned"
"ASV_9236","Eukaryota","TSAR","Stramenopiles","Gyrista","Mediophyceae","Thalassiosirales","Thalassiosiraceae","Thalassiosira","unassigned"
"ASV_9239","Eukaryota","TSAR","Stramenopiles","Gyrista","Gyrista_X","Gyrista_XX","MAST-1","MAST-1C","MAST-1C_sp."
"ASV_9240","Eukaryota","TSAR","Alveolata","Dinoflagellata","Dinophyceae","Gymnodiniales","Gymnodiniaceae","Lepidodinium","Lepidodinium_chlorophorum"
"ASV_9244","Eukaryota","TSAR","Rhizaria","Cercozoa","Filosa-Thecofilosea","Cryomonadida","Cryothecomonas-lineage","Cryothecomonas","Cryothecomonas_aestivalis"
"ASV_9248","Eukaryota","TSAR","Alveolata","Dinoflagellata","Syndiniales","Dino-Group-II","Dino-Group-II-Clade-13","Dino-Group-II-Clade-13_X","Dino-Group-II-Clade-13_X_sp."
"ASV_9251","Eukaryota","TSAR","Alveolata","Ciliophora","Spirotrichea","Oligotrichida","Strombidiidae","Strombidium","Strombidium_sp."
"ASV_9252","Eukaryota","TSAR","Stramenopiles","Gyrista","Mediophyceae","Thalassiosirales","Thalassiosiraceae","unassigned","unassigned"
"ASV_9257","Eukaryota","Obazoa","Opisthokonta","Choanoflagellata","Choanoflagellatea","Acanthoecida","unassigned","unassigned","unassigned"
"ASV_9266","Eukaryota","TSAR","Stramenopiles","Bigyra","Opalozoa","Nanomonadea","MAST-3","MAST-3E","MAST-3E_sp."
"ASV_9268","Eukaryota","TSAR","Alveolata","Dinoflagellata","unassigned","unassigned","unassigned","unassigned","unassigned"
"ASV_9271","Eukaryota","TSAR","unassigned","unassigned","unassigned","unassigned","unassigned","unassigned","unassigned"
"ASV_9275","Eukaryota","TSAR","Alveolata","Dinoflagellata","Dinophyceae","unassigned","unassigned","unassigned","unassigned"
"ASV_9277","Eukaryota","TSAR","Alveolata","Dinoflagellata","Syndiniales","Dino-Group-II","Dino-Group-II-Clade-10-and-11","Dino-Group-II-Clade-10-and-11_X","Dino-Group-II-Clade-10-and-11_X_sp."
"ASV_9280","Eukaryota","TSAR","Alveolata","Dinoflagellata","Dinophyceae","Gymnodiniales","Kareniaceae","Karlodinium","Karlodinium_sp."
"ASV_9281","Eukaryota","TSAR","Stramenopiles","Gyrista","Chrysophyceae","Ochromonadales","Ochromonadales_X","Ochromonadales_XX","Ochromonadales_XX_sp."
"ASV_9282","Eukaryota","TSAR","Alveolata","Dinoflagellata","Dinophyceae","unassigned","unassigned","unassigned","unassigned"
"ASV_9283","Eukaryota","TSAR","Alveolata","Dinoflagellata","Dinophyceae","unassigned","unassigned","unassigned","unassigned"
"ASV_9289","Eukaryota","TSAR","Alveolata","Dinoflagellata","Dinophyceae","Gymnodiniales","unassigned","unassigned","unassigned"
"ASV_9291","Eukaryota","TSAR","Alveolata","Dinoflagellata","Syndiniales","Dino-Group-II","Dino-Group-II-Clade-16","Dino-Group-II-Clade-16_X","Dino-Group-II-Clade-16_X_sp."
"ASV_9293","Eukaryota","TSAR","Stramenopiles","Bigyra","Sagenista","Sagenista_X","MAST-10","MAST-10_X","MAST-10_X_sp."
"ASV_9294","Eukaryota","TSAR","Stramenopiles","Gyrista","Mediophyceae","Cymatosirales","Cymatosiraceae","unassigned","unassigned"
"ASV_9295","Eukaryota","TSAR","Alveolata","Dinoflagellata","Syndiniales","Dino-Group-II","Dino-Group-II_X","Dino-Group-II_XX","Dino-Group-II_XX_sp."
"ASV_9300","Eukaryota","TSAR","Alveolata","Dinoflagellata","Dinophyceae","Gymnodiniales","unassigned","unassigned","unassigned"
"ASV_9304","Eukaryota","TSAR","Alveolata","Dinoflagellata","unassigned","unassigned","unassigned","unassigned","unassigned"
"ASV_9305","Eukaryota","TSAR","Alveolata","Dinoflagellata","Dinophyceae","Prorocentrales","Prorocentraceae","Prorocentrum","Prorocentrum_sp."
"ASV_9310","Eukaryota","TSAR","Stramenopiles","Gyrista","Pelagophyceae","Pelagomonadales","unassigned","unassigned","unassigned"
"ASV_9313","Eukaryota","TSAR","Alveolata","Dinoflagellata","Dinophyceae","Gymnodiniales","Gymnodiniaceae","Gyrodinium","Gyrodinium_helveticum"
"ASV_9314","Eukaryota","TSAR","Rhizaria","Cercozoa","Filosa-Thecofilosea","Filosa-Thecofilosea_X","Filosa-Thecofilosea_XX","Filosa-Thecofilosea_XXX","Filosa-Thecofilosea_XXX_sp."
"ASV_9316","Eukaryota","TSAR","Stramenopiles","Gyrista","Coscinodiscophyceae","Rhizosoleniales","Rhizosoleniaceae","Guinardia","unassigned"
"ASV_9320","Eukaryota","TSAR","Alveolata","Dinoflagellata","Dinophyceae","unassigned","unassigned","unassigned","unassigned"
"ASV_9323","Eukaryota","TSAR","Alveolata","Dinoflagellata","Syndiniales","Dino-Group-II","Dino-Group-II-Clade-6","Dino-Group-II-Clade-6_X","Dino-Group-II-Clade-6_X_sp."
"ASV_9340","Eukaryota","TSAR","Stramenopiles","Bigyra","Bicoecea","Anoecales","Cafeteriaceae","Pseudobodo","Pseudobodo_sp."
"ASV_9341","Eukaryota","TSAR","Alveolata","unassigned","unassigned","unassigned","unassigned","unassigned","unassigned"
"ASV_9411","Eukaryota","Amoebozoa","Tubulinea","Tubulinea_X","Elardia","Euamoebida","Vermamoebidae","Hartmannella","Hartmannella_abertawensis"
"ASV_9453","Eukaryota","TSAR","Alveolata","Dinoflagellata","unassigned","unassigned","unassigned","unassigned","unassigned"
"ASV_9503","Eukaryota","TSAR","unassigned","unassigned","unassigned","unassigned","unassigned","unassigned","unassigned"
"ASV_9511","Eukaryota","TSAR","Alveolata","Ciliophora","Spirotrichea","unassigned","unassigned","unassigned","unassigned"
"ASV_9547","Eukaryota","TSAR","Alveolata","Dinoflagellata","Syndiniales","Dino-Group-II","unassigned","unassigned","unassigned"
"ASV_9586","Eukaryota","TSAR","Rhizaria","Cercozoa","Filosa-Imbricatea","Thaumatomonadida","unassigned","unassigned","unassigned"
"ASV_9623","Eukaryota","TSAR","unassigned","unassigned","unassigned","unassigned","unassigned","unassigned","unassigned"
"ASV_9637","Eukaryota","TSAR","Rhizaria","Foraminifera","Monothalamids","unassigned","unassigned","unassigned","unassigned"
"ASV_9661","Eukaryota","TSAR","Stramenopiles","Gyrista","Peronosporomycetes","Peronosporomycetes_X","unassigned","unassigned","unassigned"
"ASV_9825","Eukaryota","Excavata","Discoba","Euglenozoa","Diplonemea","Diplonemida","Diplonemidae","Diplonema","unassigned"
"ASV_9858","Eukaryota","TSAR","Alveolata","unassigned","unassigned","unassigned","unassigned","unassigned","unassigned"
"ASV_9881","Eukaryota","TSAR","Alveolata","Dinoflagellata","unassigned","unassigned","unassigned","unassigned","unassigned"
"ASV_9994","Eukaryota","TSAR","Alveolata","Dinoflagellata","unassigned","unassigned","unassigned","unassigned","unassigned"
"ASV_10119","Eukaryota","TSAR","Alveolata","Dinoflagellata","Syndiniales","Dino-Group-II","Dino-Group-II-Clade-16","Dino-Group-II-Clade-16_X","Dino-Group-II-Clade-16_X_sp."
"ASV_10159","Eukaryota","TSAR","Alveolata","Dinoflagellata","Syndiniales","Dino-Group-II","Dino-Group-II-Clade-15","Dino-Group-II-Clade-15_X","Dino-Group-II-Clade-15_X_sp."
"ASV_10218","Eukaryota","TSAR","Alveolata","Dinoflagellata","Dinophyceae","unassigned","unassigned","unassigned","unassigned"
"ASV_10236","Eukaryota","TSAR","Alveolata","Dinoflagellata","Syndiniales","Dino-Group-II","Dino-Group-II-Clade-28","Dino-Group-II-Clade-28_X","Dino-Group-II-Clade-28_X_sp."
"ASV_10241","Eukaryota","TSAR","Alveolata","Dinoflagellata","Syndiniales","Dino-Group-II","Dino-Group-II-Clade-4","Dino-Group-II-Clade-4_X","Dino-Group-II-Clade-4_X_sp."
"ASV_10242","Eukaryota","TSAR","Stramenopiles","Bigyra","Sagenista","Sagenista_X","MAST-11","MAST-11_X","MAST-11_X_sp."
"ASV_10243","Eukaryota","Haptista","Haptophyta","Haptophyta_X","Prymnesiophyceae","Prymnesiales","Prymnesiophyceae_Clade_B4","Prymnesiophyceae_Clade_B4_X","Prymnesiophyceae_Clade_B4_X_sp."
"ASV_10245","Eukaryota","TSAR","Telonemia","Telonemia_X","Telonemia_XX","Telonemia_XXX","Telonemia-Group-2","Telonemia-Group-2_X","Telonemia-Group-2_X_sp."
"ASV_10247","Eukaryota","TSAR","Alveolata","Dinoflagellata","Syndiniales","Dino-Group-II","Dino-Group-II-Clade-12","Dino-Group-II-Clade-12_X","Dino-Group-II-Clade-12_X_sp."
"ASV_10250","Eukaryota","TSAR","Alveolata","Dinoflagellata","Syndiniales","Dino-Group-II","Dino-Group-II-Clade-14","Dino-Group-II-Clade-14_X","Dino-Group-II-Clade-14_X_sp."
"ASV_10253","Eukaryota","TSAR","Stramenopiles","Gyrista","Bacillariophyceae","Bacillariales","Bacillariaceae","Cylindrotheca","Cylindrotheca_closterium"
"ASV_10254","Eukaryota","TSAR","Alveolata","Dinoflagellata","Dinophyceae","Peridiniales","Protoperidiniaceae","Protoperidinium","Protoperidinium_claudicans"
"ASV_10256","Eukaryota","TSAR","Rhizaria","Cercozoa","Filosa-Thecofilosea","Cryomonadida","Protaspa-lineage","Protaspa-lineage_X","Protaspa-lineage_X_sp."
"ASV_10260","Eukaryota","TSAR","Alveolata","Dinoflagellata","Dinophyceae","Prorocentrales","Prorocentraceae","Prorocentrum","Prorocentrum_sp."
"ASV_10262","Eukaryota","TSAR","Alveolata","Dinoflagellata","Dinophyceae","Gymnodiniales","Gymnodiniaceae","Gyrodinium","unassigned"
"ASV_10263","Eukaryota","TSAR","Alveolata","Dinoflagellata","Dinophyceae","Gymnodiniales","Gymnodiniaceae","Gyrodinium","unassigned"
"ASV_10264","Eukaryota","Obazoa","Opisthokonta","Choanoflagellata","Choanoflagellatea","Acanthoecida","Stephanoecidae_Group_H","Stephanoecidae_Group_H_X","Stephanoecidae_Group_H_X_sp."
"ASV_10265","Eukaryota","TSAR","Stramenopiles","Gyrista","Mediophyceae","Thalassiosirales","Skeletonemaceae","Skeletonema","Skeletonema_pseudocostatum"
"ASV_10266","Eukaryota","Haptista","Haptophyta","Haptophyta_X","Prymnesiophyceae","Prymnesiales","Chrysochromulinaceae","Chrysochromulina","Chrysochromulina_sp."
"ASV_10267","Eukaryota","TSAR","Alveolata","Dinoflagellata","Dinophyceae","unassigned","unassigned","unassigned","unassigned"
"ASV_10268","Eukaryota","TSAR","Alveolata","Dinoflagellata","Syndiniales","Dino-Group-II","Dino-Group-II-Clade-14","Dino-Group-II-Clade-14_X","Dino-Group-II-Clade-14_X_sp."
"ASV_10269","Eukaryota","TSAR","Alveolata","Dinoflagellata","Dinophyceae","unassigned","unassigned","unassigned","unassigned"
"ASV_10271","Eukaryota:nucl","Cryptista:nucl","Cryptophyta:nucl","Cryptophyta_X:nucl","Cryptophyceae:nucl","Cryptomonadales:nucl","Cryptomonadales_X:nucl","Plagioselmis:nucl","Plagioselmis_lacustris:nucl"
"ASV_10272","Eukaryota","TSAR","Alveolata","Dinoflagellata","Dinophyceae","unassigned","unassigned","unassigned","unassigned"
"ASV_10273","Eukaryota","TSAR","Stramenopiles","Bigyra","Opalozoa","Nanomonadea","MAST-3","MAST-3A","MAST-3A_sp."
"ASV_10280","Eukaryota","TSAR","Stramenopiles","Bigyra","Opalozoa","Opalozoa_X","MAST-12","MAST-12A","MAST-12A_sp."
"ASV_10282","Eukaryota","TSAR","Stramenopiles","Gyrista","Coscinodiscophyceae","Coscinodiscales","Hemidiscaceae","Actinocyclus","Actinocyclus_sp."
"ASV_10283","Eukaryota","TSAR","Rhizaria","Radiolaria","Acantharea","Acantharea_F","Acantharea_F3","Acanthometra","Acanthometra_pellucida"
"ASV_10285","Eukaryota","TSAR","Alveolata","Dinoflagellata","Dinophyceae","Gonyaulacales","Gonyaulacaceae","Gonyaulax","Gonyaulax_membranaceae"
"ASV_10286","Eukaryota","TSAR","Rhizaria","Cercozoa","Filosa-Thecofilosea","Cryomonadida","Cryothecomonas-lineage","Cryothecomonas","Cryothecomonas_aestivalis"
"ASV_10288","Eukaryota","TSAR","Stramenopiles","Gyrista","Mediophyceae","Thalassiosirales","Thalassiosiraceae","Thalassiosira","Thalassiosira_delicatula"
"ASV_10289","Eukaryota","TSAR","Alveolata","Dinoflagellata","Syndiniales","Dino-Group-II","Dino-Group-II-Clade-1","Dino-Group-II-Clade-1_X","Dino-Group-II-Clade-1_X_sp."
"ASV_10290","Eukaryota","TSAR","Stramenopiles","Gyrista","Gyrista_X","Gyrista_XX","MAST-1","MAST-1B","MAST-1B_sp."
"ASV_10291","Eukaryota","TSAR","Stramenopiles","Gyrista","Chrysophyceae","Paraphysomonadales","Paraphysomonadaceae","Paraphysomonas","Paraphysomonas_sp."
"ASV_10293","Eukaryota","TSAR","Alveolata","Dinoflagellata","Dinophyceae","Gymnodiniales","Kareniaceae","Karenia","Karenia_brevis"
"ASV_10297","Eukaryota","TSAR","Alveolata","Dinoflagellata","Syndiniales","Dino-Group-II","Dino-Group-II-Clade-4","Amoebophrya","Amoebophrya_sp."
"ASV_10298","Eukaryota","TSAR","Alveolata","Dinoflagellata","Dinophyceae","Gymnodiniales","Gymnodiniaceae","Lepidodinium","Lepidodinium_sp."
"ASV_10300","Eukaryota","TSAR","Alveolata","Dinoflagellata","Dinophyceae","Gymnodiniales","Gymnodiniaceae","unassigned","unassigned"
"ASV_10301","Eukaryota","TSAR","Alveolata","Dinoflagellata","Dinophyceae","unassigned","unassigned","unassigned","unassigned"
"ASV_10302","Eukaryota","Haptista","Haptophyta","Haptophyta_X","Prymnesiophyceae","Prymnesiales","Chrysochromulinaceae","Chrysochromulina","Chrysochromulina_sp."
"ASV_10303","Eukaryota","TSAR","Stramenopiles","Bigyra","Sagenista","Sagenista_X","MAST-7","MAST-7A","MAST-7A_sp."
"ASV_10304","Eukaryota","TSAR","Stramenopiles","Gyrista","unassigned","unassigned","unassigned","unassigned","unassigned"
"ASV_10305","Eukaryota","TSAR","Rhizaria","Cercozoa","Filosa-Imbricatea","Filosa-Imbricatea_X","Novel-clade-2","Novel-clade-2_X","Novel-clade-2_X_sp."
"ASV_10307","Eukaryota","TSAR","Alveolata","Ciliophora","Spirotrichea","Choreotrichida-Tintinnina","Xystonellidae","Parafavella","unassigned"
"ASV_10308","Eukaryota:nucl","Cryptista:nucl","Cryptophyta:nucl","Cryptophyta_X:nucl","Cryptophyceae:nucl","Cryptomonadales:nucl","Cryptomonadales_X:nucl","Falcomonas:nucl","Falcomonas_daucoides:nucl"
"ASV_10310","Eukaryota","TSAR","Stramenopiles","Gyrista","Mediophyceae","Thalassiosirales","Thalassiosiraceae","Thalassiosira","unassigned"
"ASV_10311","Eukaryota","TSAR","Stramenopiles","Gyrista","Chrysophyceae","Chrysophyceae_Clade-EC2H","Chrysophyceae_Clade-EC2H_X","Chrysophyceae_Clade-EC2H_XX","Chrysophyceae_Clade-EC2H_XX_sp."
"ASV_10312","Eukaryota","TSAR","Alveolata","Dinoflagellata","Syndiniales","Dino-Group-II","Dino-Group-II-Clade-15","Dino-Group-II-Clade-15_X","Dino-Group-II-Clade-15_X_sp."
"ASV_10313","Eukaryota","TSAR","Stramenopiles","Gyrista","Dictyochophyceae","Dictyochophyceae_X","Pedinellales","Pedinellales_X","Pedinellales_X_sp."
"ASV_10314","Eukaryota","Haptista","Haptophyta","Haptophyta_X","Prymnesiophyceae","Prymnesiales","Chrysochromulinaceae","Chrysochromulina","Chrysochromulina_sp."
"ASV_10315","Eukaryota","TSAR","Alveolata","Dinoflagellata","Dinophyceae","Peridiniales","unassigned","unassigned","unassigned"
"ASV_10316","Eukaryota","Haptista","Haptophyta","Haptophyta_X","Prymnesiophyceae","Prymnesiales","Chrysochromulinaceae","Chrysochromulina","Chrysochromulina_sp."
"ASV_10320","Eukaryota","TSAR","Alveolata","Dinoflagellata","Syndiniales","Dino-Group-I","Dino-Group-I-Clade-1","Dino-Group-I-Clade-1_X","Dino-Group-I-Clade-1_X_sp."
"ASV_10321","Eukaryota","TSAR","Rhizaria","Cercozoa","Filosa-Thecofilosea","Cryomonadida","Protaspa-lineage","Protaspa-lineage_X","Protaspa-lineage_X_sp."
"ASV_10322","Eukaryota","TSAR","Rhizaria","Radiolaria","Acantharea","Acantharea_4","Acantharea_4d","Acantharea_4d_X","Acantharea_4d_X_sp."
"ASV_10324","Eukaryota","TSAR","Alveolata","Dinoflagellata","Dinophyceae","Dinophyceae_X","Dinophyceae_XX","Dinophyceae_XXX","Dinophyceae_XXX_sp."
"ASV_10326","Eukaryota","TSAR","Stramenopiles","Bigyra","Opalozoa","Opalozoa_X","MAST-12","MAST-12B","MAST-12B_sp."
"ASV_10327","Eukaryota","TSAR","Alveolata","Dinoflagellata","Dinophyceae","Gymnodiniales","Gymnodiniaceae","Gyrodinium","unassigned"
"ASV_10329","Eukaryota","TSAR","Alveolata","Dinoflagellata","Dinophyceae","Gymnodiniales","Gymnodiniaceae","Gyrodinium","Gyrodinium_fusiforme"
"ASV_10333","Eukaryota","TSAR","Stramenopiles","Gyrista","Gyrista_X","Gyrista_XX","MAST-2","MAST-2B","MAST-2B_sp."
"ASV_10334","Eukaryota","TSAR","Rhizaria","Cercozoa","Filosa-Imbricatea","Marimonadida","Marimonadida_X","Marimonadida_XX","Marimonadida_XX_sp."
"ASV_10335","Eukaryota","Archaeplastida","Chlorophyta","Chlorophyta_X","Mamiellophyceae","Mamiellales","Mamiellaceae","Mantoniella","unassigned"
"ASV_10337","Eukaryota","Archaeplastida","Chlorophyta","Chlorophyta_X","Mamiellophyceae","Mamiellales","Mamiellaceae","Micromonas","Micromonas_commoda_A2"
"ASV_10340","Eukaryota","TSAR","Rhizaria","Cercozoa","Filosa-Imbricatea","Filosa-Imbricatea_X","Novel-clade-2","Novel-clade-2_X","Novel-clade-2_X_sp."
"ASV_10341","Eukaryota","TSAR","Stramenopiles","Gyrista","Chrysophyceae","Chrysophyceae_Clade-EC2H","Chrysophyceae_Clade-EC2H_X","Chrysophyceae_Clade-EC2H_XX","Chrysophyceae_Clade-EC2H_XX_sp."
"ASV_10342","Eukaryota","TSAR","Stramenopiles","Gyrista","Mediophyceae","Thalassiosirales","Stephanodiscaceae","Cyclotella","Cyclotella_striata"
"ASV_10343","Eukaryota","TSAR","Stramenopiles","Gyrista","Coscinodiscophyceae","Melosirales","Melosiraceae","Melosira","Melosira_arctica"
"ASV_10344","Eukaryota","TSAR","Rhizaria","Cercozoa","unassigned","unassigned","unassigned","unassigned","unassigned"
"ASV_10345","Eukaryota","TSAR","Rhizaria","Cercozoa","Filosa-Thecofilosea","Filosa-Thecofilosea_X","Mataza-lineage","Mataza-lineage_X","Mataza-lineage_X_sp."
"ASV_10346","Eukaryota","TSAR","Stramenopiles","Gyrista","Dictyochophyceae","Dictyochophyceae_X","Florenciellales","Pseudochattonella","Pseudochattonella_sp."
"ASV_10347","Eukaryota","TSAR","Stramenopiles","Gyrista","Mediophyceae","Chaetocerotales","Chaetocerotaceae","Chaetoceros","Chaetoceros_brevis-3"
"ASV_10351","Eukaryota","TSAR","Stramenopiles","Bigyra","Sagenista","Labyrinthulomycetes","Thraustochytriaceae","Thraustochytriaceae_LAB17","Thraustochytriaceae_LAB17_sp."
"ASV_10352","Eukaryota","TSAR","Alveolata","Dinoflagellata","Syndiniales","Dino-Group-II","Dino-Group-II-Clade-5","Dino-Group-II-Clade-5_X","Dino-Group-II-Clade-5_X_sp."
"ASV_10353","Eukaryota","TSAR","Rhizaria","Cercozoa","Filosa-Thecofilosea","Filosa-Thecofilosea_X","Mataza-lineage","Mataza-lineage_X","Mataza-lineage_X_sp."
"ASV_10355","Eukaryota","TSAR","Stramenopiles","Bigyra","Opalozoa","Nanomonadea","MAST-3","MAST-3H","MAST-3H_sp."
"ASV_10358","Eukaryota","TSAR","Alveolata","Dinoflagellata","Dinophyceae","Peridiniales","Amphidomataceae","Azadinium","Azadinium_dexteroporum"
"ASV_10359","Eukaryota","Archaeplastida","Chlorophyta","Chlorophyta_X","Mamiellophyceae","Mamiellales","Bathycoccaceae","Ostreococcus","Ostreococcus_clade_B"
"ASV_10360","Eukaryota","TSAR","Stramenopiles","Gyrista","Pelagophyceae","Pelagomonadales","Pelagomonadaceae","Aureococcus","Aureococcus_anophagefferens"
"ASV_10361","Eukaryota","Obazoa","Opisthokonta","Choanoflagellata","Choanoflagellatea","Acanthoecida","Stephanoecidae_Group_H","Stephanoecidae_Group_H_X","Stephanoecidae_Group_H_X_sp."
"ASV_10362","Eukaryota","TSAR","Stramenopiles","Gyrista","Dictyochophyceae","Dictyochophyceae_X","Pedinellales","Pedinellales_X","Pedinellales_X_sp."
"ASV_10364","Eukaryota","TSAR","Alveolata","Dinoflagellata","Dinophyceae","Gymnodiniales","Gymnodiniaceae","Margalefidinium","Margalefidinium_fulvescens"
"ASV_10366","Eukaryota","TSAR","Rhizaria","Cercozoa","Filosa-Imbricatea","Marimonadida","Marimonadida_X","Marimonadida_XX","Marimonadida_XX_sp."
"ASV_10367","Eukaryota","TSAR","Rhizaria","Cercozoa","Filosa-Thecofilosea","Cryomonadida","Cryomonadida_X","Cryomonadida_XX","Cryomonadida_XX_sp."
"ASV_10368","Eukaryota","TSAR","Stramenopiles","Bigyra","Opalozoa","Opalozoa_X","MAST-12","MAST-12_X","MAST-12_X_sp."
"ASV_10370","Eukaryota","TSAR","Alveolata","Dinoflagellata","Syndiniales","Dino-Group-II","Dino-Group-II-Clade-10-and-11","Dino-Group-II-Clade-10-and-11_X","Dino-Group-II-Clade-10-and-11_X_sp."
"ASV_10371","Eukaryota","TSAR","Alveolata","Dinoflagellata","Syndiniales","Dino-Group-II","Dino-Group-II-Clade-7","Dino-Group-II-Clade-7_X","Dino-Group-II-Clade-7_X_sp."
"ASV_10373","Eukaryota","TSAR","Rhizaria","Cercozoa","Filosa-Imbricatea","Marimonadida","Marimonadida_X","unassigned","unassigned"
"ASV_10374","Eukaryota","TSAR","Stramenopiles","Bigyra","Sagenista","Sagenista_X","MAST-4","MAST-4B","MAST-4B_sp."
"ASV_10375","Eukaryota","TSAR","Rhizaria","Cercozoa","Filosa-Imbricatea","Filosa-Imbricatea_X","Filosa-Imbricatea_XX","Filosa-Imbricatea_XXX","Filosa-Imbricatea_XXX_sp."
"ASV_10376","Eukaryota","TSAR","Stramenopiles","Gyrista","Mediophyceae","Thalassiosirales","Thalassiosiraceae","Thalassiosira","Thalassiosira_anguste-lineata"
"ASV_10377","Eukaryota","Haptista","Haptophyta","Haptophyta_X","Prymnesiophyceae","Prymnesiales","Chrysochromulinaceae","Chrysochromulina","Chrysochromulina_sp."
"ASV_10379","Eukaryota","TSAR","Stramenopiles","Gyrista","MOCH-2","MOCH-2_X","MOCH-2_XX","MOCH-2_XXX","MOCH-2_XXX_sp."
"ASV_10382","Eukaryota","TSAR","Alveolata","Dinoflagellata","Syndiniales","Dino-Group-II","Dino-Group-II-Clade-1","Dino-Group-II-Clade-1_X","Dino-Group-II-Clade-1_X_sp."
"ASV_10383","Eukaryota","TSAR","Alveolata","Dinoflagellata","Syndiniales","Dino-Group-II","Dino-Group-II-Clade-12","Dino-Group-II-Clade-12_X","Dino-Group-II-Clade-12_X_sp."
"ASV_10385","Eukaryota","Haptista","Haptophyta","Haptophyta_X","Prymnesiophyceae","Prymnesiales","Chrysochromulinaceae","Chrysochromulina","Chrysochromulina_sp."
"ASV_10390","Eukaryota","TSAR","Alveolata","Dinoflagellata","Dinophyceae","unassigned","unassigned","unassigned","unassigned"
"ASV_10391","Eukaryota","TSAR","Rhizaria","Cercozoa","Filosa-Imbricatea","Filosa-Imbricatea_X","Novel-clade-2","Novel-clade-2_X","Novel-clade-2_X_sp."
"ASV_10392","Eukaryota","TSAR","Rhizaria","Cercozoa","Filosa-Imbricatea","Filosa-Imbricatea_X","Novel-clade-2","Novel-clade-2_X","Novel-clade-2_X_sp."
"ASV_10394","Eukaryota","TSAR","Stramenopiles","Gyrista","Bacillariophyceae","Bacillariales","Bacillariaceae","Pseudo-nitzschia","unassigned"
"ASV_10395","Eukaryota","TSAR","Alveolata","Dinoflagellata","Syndiniales","Dino-Group-II","Dino-Group-II-Clade-1","Dino-Group-II-Clade-1_X","Dino-Group-II-Clade-1_X_sp."
"ASV_10397","Eukaryota","TSAR","Rhizaria","Cercozoa","Filosa-Thecofilosea","Cryomonadida","Protaspa-lineage","Protaspa-lineage_X","Protaspa-lineage_X_sp."
"ASV_10398","Eukaryota","TSAR","Stramenopiles","Gyrista","Mediophyceae","Thalassiosirales","Skeletonemaceae","Skeletonema","Skeletonema_pseudocostatum"
"ASV_10399","Eukaryota","TSAR","Rhizaria","Cercozoa","Filosa-Thecofilosea","Ventricleftida","Ventrifissuridae","Ventrifissuridae_X","Ventrifissuridae_X_sp."
"ASV_10400","Eukaryota","Archaeplastida","Picozoa","Picozoa_subdivision_3","Picozoa_subdivision_3_X","Picozoa_subdivision_3_XX","Picozoa_subdivision_3_XXX","Picozoa_subdivision_3_XXXX","Picozoa_subdivision_3_XXXX_sp."
"ASV_10402","Eukaryota","TSAR","Rhizaria","Cercozoa","Filosa-Imbricatea","Filosa-Imbricatea_X","Novel-clade-2","Novel-clade-2_X","Novel-clade-2_X_sp."
"ASV_10403","Eukaryota","TSAR","Rhizaria","Cercozoa","unassigned","unassigned","unassigned","unassigned","unassigned"
"ASV_10404","Eukaryota","TSAR","Alveolata","Dinoflagellata","Syndiniales","Dino-Group-II","Dino-Group-II-Clade-13","Dino-Group-II-Clade-13_X","Dino-Group-II-Clade-13_X_sp."
"ASV_10407","Eukaryota","TSAR","Alveolata","Dinoflagellata","Syndiniales","Dino-Group-I","Dino-Group-I-Clade-5","Dino-Group-I-Clade-5_X","Dino-Group-I-Clade-5_X_sp."
"ASV_10408","Eukaryota","TSAR","Alveolata","Dinoflagellata","Syndiniales","Dino-Group-II","Dino-Group-II-Clade-30","Dino-Group-II-Clade-30_X","Dino-Group-II-Clade-30_X_sp."
"ASV_10409","Eukaryota","TSAR","Alveolata","Dinoflagellata","Syndiniales","Dino-Group-III","Dino-Group-III_X","Dino-Group-III_XX","Dino-Group-III_XX_sp."
"ASV_10413","Eukaryota","TSAR","Rhizaria","Radiolaria","Polycystinea","Nassellaria","Cannobotryidae","Cannobotryidae_X","Cannobotryidae_X_sp."
"ASV_10416","Eukaryota","TSAR","Rhizaria","Cercozoa","Filosa-Imbricatea","Marimonadida","Marimonadida_X","Marimonadida_XX","Marimonadida_XX_sp."
"ASV_10420","Eukaryota","TSAR","Alveolata","Dinoflagellata","Syndiniales","Dino-Group-II","Dino-Group-II-Clade-5","Dino-Group-II-Clade-5_X","Dino-Group-II-Clade-5_X_sp."
"ASV_10425","Eukaryota","TSAR","Alveolata","Dinoflagellata","Dinophyceae","unassigned","unassigned","unassigned","unassigned"
"ASV_10426","Eukaryota","Haptista","Haptophyta","Haptophyta_X","Prymnesiophyceae","Prymnesiophyceae_Clade_D","Prymnesiophyceae_Clade_D_X","Prymnesiophyceae_Clade_D_XX","Prymnesiophyceae_Clade_D_XX_sp."
"ASV_10430","Eukaryota","Haptista","Haptophyta","Haptophyta_X","Prymnesiophyceae","Prymnesiales","Chrysochromulinaceae","Chrysochromulina","Chrysochromulina_sp."
"ASV_10432","Eukaryota","TSAR","Stramenopiles","Gyrista","Coscinodiscophyceae","Asterolamprales","Asterolampraceae","Asteromphalus","Asteromphalus_sp."
"ASV_10433","Eukaryota","TSAR","Alveolata","Dinoflagellata","Dinophyceae","Peridiniales","Thoracosphaeraceae","Scrippsiella","unassigned"
"ASV_10436","Eukaryota","Haptista","Haptophyta","Haptophyta_X","Prymnesiophyceae","Prymnesiales","Chrysochromulinaceae","Chrysochromulina","Chrysochromulina_sp."
"ASV_10440","Eukaryota","TSAR","Alveolata","Dinoflagellata","Syndiniales","Dino-Group-I","Dino-Group-I-Clade-1","Dino-Group-I-Clade-1_X","Dino-Group-I-Clade-1_X_sp."
"ASV_10442","Eukaryota","TSAR","Stramenopiles","Bigyra","Sagenista","Labyrinthulomycetes","Thraustochytriaceae","Thraustochytriaceae_LAB17","Thraustochytriaceae_LAB17_sp."
"ASV_10444","Eukaryota","TSAR","Rhizaria","Cercozoa","Filosa-Thecofilosea","Ventricleftida","Ventricleftida_X","Ventricleftida_XX","Ventricleftida_XX_sp."
"ASV_10446","Eukaryota","TSAR","Alveolata","Dinoflagellata","Syndiniales","Dino-Group-II","Dino-Group-II-Clade-10-and-11","Dino-Group-II-Clade-10-and-11_X","Dino-Group-II-Clade-10-and-11_X_sp."
"ASV_10447","Eukaryota","TSAR","Alveolata","Dinoflagellata","Syndiniales","Dino-Group-I","Dino-Group-I-Clade-1","Dino-Group-I-Clade-1_X","Dino-Group-I-Clade-1_X_sp."
"ASV_10448","Eukaryota","TSAR","Stramenopiles","Gyrista","Mediophyceae","Thalassiosirales","Thalassiosiraceae","unassigned","unassigned"
"ASV_10449","Eukaryota","TSAR","Rhizaria","Cercozoa","Filosa-Imbricatea","Filosa-Imbricatea_X","Novel-clade-2","Novel-clade-2_X","Novel-clade-2_X_sp."
"ASV_10450","Eukaryota","TSAR","Rhizaria","Cercozoa","Filosa-Imbricatea","Euglyphida","Paulinellidae","Paulinella","Paulinella_sp."
"ASV_10453","Eukaryota","TSAR","Alveolata","Dinoflagellata","Dinophyceae","Gymnodiniales","Gymnodiniaceae","Gyrodinium","Gyrodinium_fusiforme"
"ASV_10454","Eukaryota","TSAR","Alveolata","Dinoflagellata","Syndiniales","Dino-Group-I","Dino-Group-I-Clade-5","Dino-Group-I-Clade-5_X","Dino-Group-I-Clade-5_X_sp."
"ASV_10460","Eukaryota","TSAR","Alveolata","Ciliophora","Spirotrichea","Oligotrichida","Strombidiidae","unassigned","unassigned"
"ASV_10461","Eukaryota","TSAR","Alveolata","Dinoflagellata","Dinophyceae","unassigned","unassigned","unassigned","unassigned"
"ASV_10462","Eukaryota","TSAR","Alveolata","Ciliophora","Spirotrichea","Choreotrichida","Strobilidiidae","Rimostrombidium","Rimostrombidium_sp."
"ASV_10463","Eukaryota","TSAR","Alveolata","Dinoflagellata","Syndiniales","Dino-Group-II","Dino-Group-II-Clade-16","Dino-Group-II-Clade-16_X","Dino-Group-II-Clade-16_X_sp."
"ASV_10464","Eukaryota","TSAR","Stramenopiles","Gyrista","Mediophyceae","Hemiaulales","Hemiaulaceae","Hemiaulus","Hemiaulus_sinensis"
"ASV_10465","Eukaryota","TSAR","Alveolata","Dinoflagellata","Syndiniales","Dino-Group-II","Dino-Group-II-Clade-1","Dino-Group-II-Clade-1_X","Dino-Group-II-Clade-1_X_sp."
"ASV_10466","Eukaryota","TSAR","Alveolata","Dinoflagellata","Syndiniales","Dino-Group-I","Dino-Group-I_X","Dino-Group-I_XX","Dino-Group-I_XX_sp."
"ASV_10467","Eukaryota","TSAR","Alveolata","Dinoflagellata","Dinophyceae","Gymnodiniales","Ceratoperidiniaceae","Ceratoperidinium","Ceratoperidinium_falcatum"
"ASV_10470","Eukaryota","TSAR","Stramenopiles","Bigyra","Opalozoa","Nanomonadea","MAST-3","MAST-3J","MAST-3J_sp."
"ASV_10471","Eukaryota","TSAR","Stramenopiles","Gyrista","Chrysophyceae","Paraphysomonadales","Paraphysomonadaceae","Paraphysomonas","unassigned"
"ASV_10472","Eukaryota","TSAR","Alveolata","Dinoflagellata","Dinophyceae","unassigned","unassigned","unassigned","unassigned"
"ASV_10474","Eukaryota","TSAR","Alveolata","Dinoflagellata","Dinophyceae","Gymnodiniales","Gymnodiniaceae","Gyrodinium","Gyrodinium_fusiforme"
"ASV_10475","Eukaryota","TSAR","Alveolata","Ciliophora","Spirotrichea","Oligotrichida","Strombidiidae","Varistrombidium","Varistrombidium_kielum"
"ASV_10477","Eukaryota","Haptista","Haptophyta","Haptophyta_X","Prymnesiophyceae","Calcihaptophycidae","Calcihaptophycidae_X","Calcihaptophycidae_XX","Calcihaptophycidae_XX_sp."
"ASV_10479","Eukaryota","Haptista","Haptophyta","Haptophyta_X","Prymnesiophyceae","Prymnesiales","Prymnesiaceae","Prymnesium","Prymnesium_sp."
"ASV_10480","Eukaryota","TSAR","Stramenopiles","Bigyra","Opalozoa","Opalozoa_X","MAST-12","unassigned","unassigned"
"ASV_10481","Eukaryota","Haptista","Haptophyta","Haptophyta_X","Prymnesiophyceae","Prymnesiales","Prymnesiaceae","unassigned","unassigned"
"ASV_10483","Eukaryota","TSAR","Alveolata","Dinoflagellata","Syndiniales","Dino-Group-II","Dino-Group-II-Clade-6","Dino-Group-II-Clade-6_X","Dino-Group-II-Clade-6_X_sp."
"ASV_10484","Eukaryota","TSAR","Stramenopiles","Gyrista","Chrysophyceae","Paraphysomonadales","Paraphysomonadales_Clade-EC1Ga","Paraphysomonadales_Clade-EC1Ga_X","Paraphysomonadales_Clade-EC1Ga_X_sp."
"ASV_10485","Eukaryota","TSAR","Alveolata","Dinoflagellata","Dinophyceae","Peridiniales","Thoracosphaeraceae","unassigned","unassigned"
"ASV_10486","Eukaryota","TSAR","Rhizaria","Cercozoa","Filosa-Imbricatea","Thaumatomonadida","Thaumatomonadida_X","Thaumatomonadida_XX","Thaumatomonadida_XX_sp."
"ASV_10487","Eukaryota","TSAR","Stramenopiles","Gyrista","MOCH-2","MOCH-2_X","MOCH-2_XX","MOCH-2_XXX","MOCH-2_XXX_sp."
"ASV_10488","Eukaryota","TSAR","Rhizaria","Cercozoa","Filosa-Thecofilosea","Filosa-Thecofilosea_X","Filosa-Thecofilosea_XX","Filosa-Thecofilosea_XXX","Filosa-Thecofilosea_XXX_sp."
"ASV_10490","Eukaryota","TSAR","Alveolata","Dinoflagellata","Dinophyceae","Gonyaulacales","Gonyaulacaceae","Spiniferites","Spiniferites_ramosus"
"ASV_10491","Eukaryota","Archaeplastida","Chlorophyta","Chlorophyta_X","Chloropicophyceae","Chloropicales","Chloropicaceae","Chloropicon","Chloropicon_roscoffensis"
"ASV_10492","Eukaryota","TSAR","Rhizaria","Cercozoa","Filosa-Thecofilosea","Cryomonadida","Cryothecomonas-lineage","Cryothecomonas","unassigned"
"ASV_10493","Eukaryota","TSAR","Alveolata","Dinoflagellata","Syndiniales","Dino-Group-I","Dino-Group-I-Clade-4","Dino-Group-I-Clade-4_X","Dino-Group-I-Clade-4_X_sp."
"ASV_10494","Eukaryota","TSAR","Alveolata","Dinoflagellata","Dinophyceae","Dinophyceae_X","Dinophyceae_XX","Dinophyceae_XXX","Dinophyceae_XXX_sp."
"ASV_10495","Eukaryota","TSAR","Stramenopiles","Gyrista","Mediophyceae","Chaetocerotales","Chaetocerotaceae","Chaetoceros","Chaetoceros_olympicus"
"ASV_10496","Eukaryota","TSAR","Stramenopiles","Gyrista","Coscinodiscophyceae","Coscinodiscales","Coscinodiscaceae","Coscinodiscus","Coscinodiscus_radiatus"
"ASV_10497","Eukaryota","TSAR","Stramenopiles","Stramenopiles_X","Stramenopiles_XX","Stramenopiles_XXX","Stramenopiles_XXXX","Stramenopiles_XXXXX","Stramenopiles_XXXXX_sp."
"ASV_10498","Eukaryota","TSAR","Alveolata","Dinoflagellata","Syndiniales","Dino-Group-II","Dino-Group-II-Clade-12","Dino-Group-II-Clade-12_X","Dino-Group-II-Clade-12_X_sp."
"ASV_10499","Eukaryota","TSAR","Rhizaria","Cercozoa","Filosa-Thecofilosea","Cryomonadida","Cryothecomonas-lineage","unassigned","unassigned"
"ASV_10500","Eukaryota","TSAR","Rhizaria","Cercozoa","Filosa-Thecofilosea","Filosa-Thecofilosea_X","Mataza-lineage","Mataza-lineage_X","Mataza-lineage_X_sp."
"ASV_10502","Eukaryota","Haptista","Haptophyta","Haptophyta_X","Prymnesiophyceae","Phaeocystales","Phaeocystaceae","Phaeocystis","Phaeocystis_cordata"
"ASV_10503","Eukaryota","TSAR","Alveolata","Dinoflagellata","Dinophyceae","Gymnodiniales","Gymnodiniaceae","Gymnodinium","Gymnodinium_sp."
"ASV_10504","Eukaryota","TSAR","Stramenopiles","Gyrista","Bacillariophyceae","Bacillariales","Bacillariaceae","Cylindrotheca","Cylindrotheca_sp."
"ASV_10505","Eukaryota","TSAR","Stramenopiles","Gyrista","Dictyochophyceae","Dictyochophyceae_X","Dictyochales","Dictyocha","Dictyocha_speculum"
"ASV_10506","Eukaryota","Obazoa","Opisthokonta","Choanoflagellata","Choanoflagellatea","Acanthoecida","Stephanoecidae_Group_D","Stephanoecidae_Group_D_X","Stephanoecidae_Group_D_X_sp."
"ASV_10507","Eukaryota","TSAR","Alveolata","Dinoflagellata","Dinophyceae","Gymnodiniales","Gymnodiniaceae","Gyrodinium","Gyrodinium_sp."
"ASV_10509","Eukaryota","TSAR","Alveolata","Dinoflagellata","Dinophyceae","Prorocentrales","Prorocentraceae","Prorocentrum","Prorocentrum_sp."
"ASV_10510","Eukaryota","Archaeplastida","Chlorophyta","Chlorophyta_X","Mamiellophyceae","Mamiellales","Mamiellaceae","Micromonas","Micromonas_clade_B4"
"ASV_10511","Eukaryota","Obazoa","Opisthokonta","Ichthyosporea","Ichthyophonida","Abeoformidae","Abeoformidae_Group_MAIP_1","Abeoformidae_Group_MAIP_1_X","Abeoformidae_Group_MAIP_1_X_sp."
"ASV_10512","Eukaryota","TSAR","Stramenopiles","Gyrista","Mediophyceae","Thalassiosirales","Thalassiosiraceae","Thalassiosira","Thalassiosira_allenii"
"ASV_10514","Eukaryota","TSAR","Alveolata","Dinoflagellata","Dinophyceae","Peridiniales","Thoracosphaeraceae","unassigned","unassigned"
"ASV_10515","Eukaryota","TSAR","Telonemia","Telonemia_X","Telonemia_XX","Telonemia_XXX","Telonemia-Group-2","Telonemia-Group-2_X","Telonemia-Group-2_X_sp."
"ASV_10517","Eukaryota","TSAR","Alveolata","Dinoflagellata","Syndiniales","Dino-Group-II","Dino-Group-II-Clade-22","Dino-Group-II-Clade-22_X","Dino-Group-II-Clade-22_X_sp."
"ASV_10518","Eukaryota","Obazoa","Opisthokonta","Choanoflagellata","Choanoflagellatea","Acanthoecida","Stephanoecidae_Group_H","Stephanoecidae_Group_H_X","Stephanoecidae_Group_H_X_sp."
"ASV_10519","Eukaryota","TSAR","Stramenopiles","Gyrista","Coscinodiscophyceae","Rhizosoleniales","Rhizosoleniaceae","Guinardia","Guinardia_striata"
"ASV_10520","Eukaryota","TSAR","Stramenopiles","Stramenopiles_X","Stramenopiles_X-Group-7","Stramenopiles_X-Group-7_X","Stramenopiles_X-Group-7_XX","Stramenopiles_X-Group-7_XXX","Stramenopiles_X-Group-7_XXX_sp."
"ASV_10522","Eukaryota","TSAR","Stramenopiles","Gyrista","Mediophyceae","Chaetocerotales","Chaetocerotaceae","Chaetoceros","Chaetoceros_similis"
"ASV_10523","Eukaryota","Archaeplastida","Chlorophyta","Chlorophyta_X","Pyramimonadophyceae","Pyramimonadales","Pyramimonadaceae","Pyramimonas","unassigned"
"ASV_10528","Eukaryota","TSAR","Rhizaria","Cercozoa","Filosa-Imbricatea","Filosa-Imbricatea_X","Filosa-Imbricatea_XX","Quadricilia","Quadricilia_rotundata"
"ASV_10529","Eukaryota","TSAR","Rhizaria","Cercozoa","Filosa-Thecofilosea","Cryomonadida","Cryothecomonas-lineage","Cryothecomonas","unassigned"
"ASV_10530","Eukaryota","TSAR","Alveolata","Dinoflagellata","Syndiniales","Dino-Group-II","Dino-Group-II-Clade-47","Dino-Group-II-Clade-47_X","Dino-Group-II-Clade-47_X_sp."
"ASV_10531","Eukaryota","TSAR","Alveolata","Dinoflagellata","Dinophyceae","Peridiniales","Thoracosphaeraceae","unassigned","unassigned"
"ASV_10532","Eukaryota","TSAR","Alveolata","Dinoflagellata","Syndiniales","Dino-Group-II","Dino-Group-II-Clade-6","Dino-Group-II-Clade-6_X","Dino-Group-II-Clade-6_X_sp."
"ASV_10534","Eukaryota","TSAR","Alveolata","Dinoflagellata","Dinophyceae","Gymnodiniales","Kareniaceae","Karlodinium","unassigned"
"ASV_10535","Eukaryota","TSAR","Stramenopiles","Bigyra","Opalozoa","Nanomonadea","MAST-3","MAST-3F","MAST-3F_sp."
"ASV_10537","Eukaryota","TSAR","Alveolata","Dinoflagellata","Dinophyceae","unassigned","unassigned","unassigned","unassigned"
"ASV_10538","Eukaryota","TSAR","Alveolata","Dinoflagellata","Syndiniales","Dino-Group-I","Dino-Group-I-Clade-4","Dino-Group-I-Clade-4_X","Dino-Group-I-Clade-4_X_sp."
"ASV_10539","Eukaryota","TSAR","Alveolata","Dinoflagellata","Syndiniales","Dino-Group-II","Dino-Group-II-Clade-13","Dino-Group-II-Clade-13_X","Dino-Group-II-Clade-13_X_sp."
"ASV_10540","Eukaryota","Obazoa","Opisthokonta","Choanoflagellata","Choanoflagellatea","Acanthoecida","unassigned","unassigned","unassigned"
"ASV_10541","Eukaryota","TSAR","Alveolata","Dinoflagellata","Syndiniales","Dino-Group-II","Dino-Group-II-Clade-23","Dino-Group-II-Clade-23_X","Dino-Group-II-Clade-23_X_sp."
"ASV_10542","Eukaryota","TSAR","Alveolata","Ciliophora","Spirotrichea","Oligotrichida","Strombidiidae","unassigned","unassigned"
"ASV_10543","Eukaryota","TSAR","Alveolata","Ciliophora","Phyllopharyngea","unassigned","unassigned","unassigned","unassigned"
"ASV_10544","Eukaryota","TSAR","Alveolata","Dinoflagellata","Dinophyceae","Gymnodiniales","Warnowiaceae","Warnowia","Warnowia_sp."
"ASV_10545","Eukaryota","TSAR","Stramenopiles","Gyrista","Mediophyceae","Thalassiosirales","Thalassiosiraceae","Thalassiosira","Thalassiosira_sp."
"ASV_10546","Eukaryota","TSAR","Stramenopiles","Gyrista","Mediophyceae","Thalassiosirales","Thalassiosiraceae","Minidiscus","Minidiscus_variabilis"
"ASV_10549","Eukaryota","TSAR","Alveolata","Dinoflagellata","Dinophyceae","Gymnodiniales","Gymnodiniaceae","Gyrodinium","Gyrodinium_sp."
"ASV_10550","Eukaryota","TSAR","Alveolata","Dinoflagellata","Syndiniales","Dino-Group-I","Dino-Group-I-Clade-5","Dino-Group-I-Clade-5_X","Dino-Group-I-Clade-5_X_sp."
"ASV_10551","Eukaryota","TSAR","Alveolata","Dinoflagellata","Syndiniales","Dino-Group-II","Dino-Group-II-Clade-26","Dino-Group-II-Clade-26_X","Dino-Group-II-Clade-26_X_sp."
"ASV_10552","Eukaryota","TSAR","Alveolata","Ciliophora","Spirotrichea","Choreotrichida-Tintinnina","Tintinnidae","Steenstrupiella","Steenstrupiella_steenstrupii"
"ASV_10553","Eukaryota","TSAR","Rhizaria","Cercozoa","Chlorarachniophyceae","Chlorarachniophyceae_X","NPK2-lineage","NPK2-lineage_X","NPK2-lineage_X_sp."
"ASV_10554","Eukaryota","TSAR","Alveolata","Dinoflagellata","Dinophyceae","Dinophyceae_X","Dinophyceae_XX","Dinophyceae_XXX","Dinophyceae_XXX_sp."
"ASV_10555","Eukaryota","TSAR","Alveolata","Dinoflagellata","Dinophyceae","Dinophyceae_X","Dinophyceae_XX","Dinophyceae_XXX","Dinophyceae_XXX_sp."
"ASV_10557","Eukaryota","TSAR","Rhizaria","Radiolaria","Acantharea","Acantharea_3","Acantharea_3b","Acantharea_3b_X","Acantharea_3b_X_sp."
"ASV_10559","Eukaryota","Haptista","Haptophyta","Haptophyta_X","Prymnesiophyceae","Prymnesiales","Prymnesiaceae","Prymnesium","Prymnesium_sp."
"ASV_10560","Eukaryota","TSAR","Rhizaria","Cercozoa","Chlorarachniophyceae","Chlorarachniophyceae_X","NPK2-lineage","NPK2-lineage_X","NPK2-lineage_X_sp."
"ASV_10561","Eukaryota","TSAR","Stramenopiles","Gyrista","Dictyochophyceae","Dictyochophyceae_X","Pedinellales","Pedinellales_X","Pedinellales_X_sp."
"ASV_10564","Eukaryota","TSAR","Rhizaria","Cercozoa","Filosa-Imbricatea","Marimonadida","Marimonadida_X","unassigned","unassigned"
"ASV_10566","Eukaryota","TSAR","Stramenopiles","Gyrista","Chrysophyceae","Chrysophyceae_Clade-EC2H","Chrysophyceae_Clade-EC2H_X","Chrysophyceae_Clade-EC2H_XX","Chrysophyceae_Clade-EC2H_XX_sp."
"ASV_10570","Eukaryota","TSAR","Alveolata","Dinoflagellata","Dinophyceae","Dinophyceae_X","Dinophyceae_XX","Dinophyceae_XXX","Dinophyceae_XXX_sp."
"ASV_10571","Eukaryota","TSAR","Alveolata","Dinoflagellata","Dinophyceae","Gymnodiniales","Gymnodiniaceae","Gymnodinium","Gymnodinium_sp."
"ASV_10572","Eukaryota","TSAR","Alveolata","Dinoflagellata","Syndiniales","Dino-Group-II","Dino-Group-II-Clade-10-and-11","Dino-Group-II-Clade-10-and-11_X","Dino-Group-II-Clade-10-and-11_X_sp."
"ASV_10579","Eukaryota","TSAR","Rhizaria","Cercozoa","Chlorarachniophyceae","Chlorarachniophyceae_X","NPK2-lineage","NPK2-lineage_X","NPK2-lineage_X_sp."
"ASV_10581","Eukaryota","TSAR","Alveolata","Dinoflagellata","Syndiniales","Dino-Group-II","Dino-Group-II-Clade-1","Dino-Group-II-Clade-1_X","Dino-Group-II-Clade-1_X_sp."
"ASV_10583","Eukaryota","TSAR","Alveolata","Dinoflagellata","Dinophyceae","Gonyaulacales","Pyrocystaceae","Triadinium","Triadinium_polyedricum"
"ASV_10585","Eukaryota","TSAR","Stramenopiles","Gyrista","Dictyochophyceae","Dictyochophyceae_X","Pedinellales","Pedinellales_X","Pedinellales_X_sp."
"ASV_10587","Eukaryota","TSAR","Rhizaria","Cercozoa","Filosa-Imbricatea","Thaumatomonadida","Thaumatomonadida_X","Thaumatomonadida_XX","Thaumatomonadida_XX_sp."
"ASV_10588","Eukaryota","TSAR","Stramenopiles","Gyrista","Dictyochophyceae","Dictyochophyceae_X","Pedinellales","Pedinellales_X","Pedinellales_X_sp."
"ASV_10590","Eukaryota","TSAR","Alveolata","Dinoflagellata","Syndiniales","Dino-Group-II","Dino-Group-II-Clade-3","Dino-Group-II-Clade-3_X","Dino-Group-II-Clade-3_X_sp."
"ASV_10591","Eukaryota","TSAR","Stramenopiles","Gyrista","Dictyochophyceae","Dictyochophyceae_X","Florenciellales","Pseudochattonella","Pseudochattonella_verruculosa"
"ASV_10592","Eukaryota","TSAR","Alveolata","Dinoflagellata","Syndiniales","Dino-Group-II","Dino-Group-II-Clade-4","Dino-Group-II-Clade-4_X","Dino-Group-II-Clade-4_X_sp."
"ASV_10593","Eukaryota","TSAR","Telonemia","Telonemia_X","Telonemia_XX","Telonemia_XXX","Telonemia-Group-2","Telonemia-Group-2_X","Telonemia-Group-2_X_sp."
"ASV_10594","Eukaryota","TSAR","Alveolata","Dinoflagellata","Syndiniales","Dino-Group-I","Dino-Group-I-Clade-3","Dino-Group-I-Clade-3_X","Dino-Group-I-Clade-3_X_sp."
"ASV_10596","Eukaryota","TSAR","Stramenopiles","Gyrista","Bacillariophyceae","Rhaphoneidales","Asterionellopsidaceae","Asterionellopsis","unassigned"
"ASV_10598","Eukaryota","TSAR","Stramenopiles","Bigyra","Opalozoa","Opalozoa_X","MAST-12","MAST-12_X","MAST-12_X_sp."
"ASV_10600","Eukaryota","TSAR","Alveolata","Dinoflagellata","Syndiniales","Dino-Group-II","Dino-Group-II-Clade-3","Dino-Group-II-Clade-3_X","Dino-Group-II-Clade-3_X_sp."
"ASV_10602","Eukaryota","TSAR","Alveolata","Dinoflagellata","Dinophyceae","Gymnodiniales","Gymnodiniaceae","Gyrodinium","Gyrodinium_sp."
"ASV_10603","Eukaryota","TSAR","Alveolata","Dinoflagellata","Syndiniales","Dino-Group-II","Dino-Group-II-Clade-7","Dino-Group-II-Clade-7_X","Dino-Group-II-Clade-7_X_sp."
"ASV_10605","Eukaryota","TSAR","Stramenopiles","Bigyra","Opalozoa","Opalozoa_X","MAST-12","MAST-12D","MAST-12D_sp."
"ASV_10606","Eukaryota","TSAR","Rhizaria","Cercozoa","unassigned","unassigned","unassigned","unassigned","unassigned"
"ASV_10608","Eukaryota","TSAR","Stramenopiles","Gyrista","Coscinodiscophyceae","Asterolamprales","Asterolampraceae","Asteromphalus","Asteromphalus_sp."
"ASV_10609","Eukaryota","TSAR","Alveolata","Ciliophora","Spirotrichea","Oligotrichida","Strombidiidae","unassigned","unassigned"
"ASV_10613","Eukaryota","TSAR","Rhizaria","Cercozoa","Filosa-Thecofilosea","Ventricleftida","CCW10-lineage","CCW10-lineage_X","CCW10-lineage_X_sp."
"ASV_10614","Eukaryota","TSAR","Alveolata","Dinoflagellata","Syndiniales","Dino-Group-II","Dino-Group-II_X","Dino-Group-II-Clade-52_XX","Dino-Group-II-Clade-52_XX_sp."
"ASV_10615","Eukaryota","Haptista","Haptophyta","Haptophyta_X","Prymnesiophyceae","Prymnesiales","Chrysochromulinaceae","Chrysochromulina","Chrysochromulina_sp."
"ASV_10622","Eukaryota","TSAR","Stramenopiles","Bigyra","Opalozoa","Opalozoa_X","MAST-12","MAST-12B","MAST-12B_sp."
"ASV_10623","Eukaryota","Archaeplastida","Chlorophyta","Chlorophyta_X","Trebouxiophyceae","Chlorellales","Chlorellales_X","Picochlorum","Picochlorum_sp."
"ASV_10624","Eukaryota","TSAR","Rhizaria","Cercozoa","Filosa-Thecofilosea","Cryomonadida","Protaspa-lineage","Protaspa-lineage_X","Protaspa-lineage_X_sp."
"ASV_10627","Eukaryota","TSAR","Stramenopiles","Gyrista","Dictyochophyceae","Dictyochophyceae_X","Florenciellales","Florenciellales_X","Florenciellales_X_sp."
"ASV_10628","Eukaryota","TSAR","Stramenopiles","Gyrista","Bacillariophyceae","Licmophorales","Licmophoraceae","Licmophora","Licmophora_flabellata"
"ASV_10630","Eukaryota","TSAR","Rhizaria","Radiolaria","Acantharea","Acantharea_3","Acantharea_3b","Acantharea_3b_X","Acantharea_3b_X_sp."
"ASV_10631","Eukaryota","TSAR","Stramenopiles","Gyrista","Bacillariophyceae","Rhaponeidales","Rhaphoneidaceae","Delphineis","Delphineis_sp."
"ASV_10632","Eukaryota","TSAR","Alveolata","Dinoflagellata","Dinophyceae","Dinophyceae_X","Dinophyceae_XX","unassigned","unassigned"
"ASV_10633","Eukaryota","Haptista","Haptophyta","Haptophyta_X","Prymnesiophyceae","Prymnesiales","Chrysochromulinaceae","Chrysochromulina","Chrysochromulina_sp."
"ASV_10634","Eukaryota","TSAR","Stramenopiles","Gyrista","Chrysophyceae","Chrysophyceae_Clade-EC2H","Chrysophyceae_Clade-EC2H_X","Chrysophyceae_Clade-EC2H_XX","Chrysophyceae_Clade-EC2H_XX_sp."
"ASV_10635","Eukaryota","TSAR","Alveolata","Ciliophora","Spirotrichea","Oligotrichida","Oligotrichida_X","Oligotrichida_XX","Oligotrichida_XX_sp."
"ASV_10637","Eukaryota","TSAR","Alveolata","Dinoflagellata","Dinophyceae","unassigned","unassigned","unassigned","unassigned"
"ASV_10638","Eukaryota","Haptista","Haptophyta","Haptophyta_X","Prymnesiophyceae","Prymnesiophyceae_Clade_F","Prymnesiophyceae_Clade_F_X","Prymnesiophyceae_Clade_F_XX","Prymnesiophyceae_Clade_F_XX_sp."
"ASV_10642","Eukaryota","TSAR","Rhizaria","Cercozoa","Filosa-Thecofilosea","Cryomonadida","Cryothecomonas-lineage","Cryothecomonas","Cryothecomonas_aestivalis"
"ASV_10643","Eukaryota","TSAR","Stramenopiles","Bigyra","Sagenista","Sagenista_X","MAST-8","MAST-8B","MAST-8B_sp."
"ASV_10644","Eukaryota","TSAR","Stramenopiles","Bigyra","Sagenista","Labyrinthulomycetes","Thraustochytriaceae","Thraustochytriaceae_LAB17","Thraustochytriaceae_LAB17_sp."
"ASV_10646","Eukaryota","TSAR","Rhizaria","Cercozoa","Filosa-Thecofilosea","Cryomonadida","Protaspa-lineage","Protaspa-lineage_X","Protaspa-lineage_X_sp."
"ASV_10647","Eukaryota","TSAR","Rhizaria","Radiolaria","Polycystinea","Nassellaria","Sethophormidae","Protoscenium","Protoscenium_intricatum"
"ASV_10648","Eukaryota","Archaeplastida","Picozoa","Picozoa_subdivision_1","Picomonadea","Picomonadida","Picomonadidae","Picomonas","Picomonas_sp."
"ASV_10649","Eukaryota","Haptista","Haptophyta","Haptophyta_X","Prymnesiophyceae","Prymnesiales","Prymnesiaceae","Haptolina","Haptolina_sp."
"ASV_10650","Eukaryota","TSAR","Rhizaria","Cercozoa","Filosa-Thecofilosea","Cryomonadida","Protaspa-lineage","Protaspa-lineage_X","Protaspa-lineage_X_sp."
"ASV_10651","Eukaryota","TSAR","Stramenopiles","Gyrista","Mediophyceae","Thalassiosirales","Thalassiosiraceae","unassigned","unassigned"
"ASV_10653","Eukaryota","TSAR","Stramenopiles","Bigyra","Opalozoa","Nanomonadea","MAST-3","MAST-3E","MAST-3E_sp."
"ASV_10655","Eukaryota","TSAR","Alveolata","Dinoflagellata","Syndiniales","Dino-Group-II","Dino-Group-II-Clade-3","Dino-Group-II-Clade-3_X","Dino-Group-II-Clade-3_X_sp."
"ASV_10657","Eukaryota","TSAR","Alveolata","Dinoflagellata","Dinophyceae","Dinophyceae_X","Dinophyceae_XX","Dinophyceae_XXX","Dinophyceae_XXX_sp."
"ASV_10665","Eukaryota","TSAR","Rhizaria","Cercozoa","Filosa-Imbricatea","Filosa-Imbricatea_X","Novel-clade-2","Novel-clade-2_X","Novel-clade-2_X_sp."
"ASV_10666","Eukaryota","TSAR","Alveolata","Dinoflagellata","Syndiniales","Dino-Group-I","Dino-Group-I-Clade-5","Dino-Group-I-Clade-5_X","Dino-Group-I-Clade-5_X_sp."
"ASV_10669","Eukaryota","TSAR","Alveolata","Dinoflagellata","Dinophyceae","Gymnodiniales","Gymnodiniaceae","Gyrodinium","unassigned"
"ASV_10672","Eukaryota","TSAR","Alveolata","Dinoflagellata","Syndiniales","Dino-Group-II","Dino-Group-II-Clade-3","Dino-Group-II-Clade-3_X","Dino-Group-II-Clade-3_X_sp."
"ASV_10677","Eukaryota","TSAR","Alveolata","Dinoflagellata","Syndiniales","Dino-Group-II","Dino-Group-II-Clade-30","Dino-Group-II-Clade-30_X","Dino-Group-II-Clade-30_X_sp."
"ASV_10684","Eukaryota","TSAR","Alveolata","Dinoflagellata","Syndiniales","Dino-Group-I","Dino-Group-I-Clade-5","Dino-Group-I-Clade-5_X","Dino-Group-I-Clade-5_X_sp."
"ASV_10685","Eukaryota","TSAR","Stramenopiles","Stramenopiles_X","Stramenopiles_XX","Stramenopiles_XXX","MAST-25","MAST-25_X","MAST-25_X_sp."
"ASV_10687","Eukaryota","TSAR","Alveolata","Dinoflagellata","Syndiniales","Dino-Group-I","Dino-Group-I-Clade-5","Dino-Group-I-Clade-5_X","Dino-Group-I-Clade-5_X_sp."
"ASV_10698","Eukaryota","TSAR","Alveolata","Dinoflagellata","Dinophyceae","Gymnodiniales","Gymnodiniaceae","unassigned","unassigned"
"ASV_10699","Eukaryota","TSAR","Alveolata","Ciliophora","Spirotrichea","Choreotrichida-Tintinnina","unassigned","unassigned","unassigned"
"ASV_10703","Eukaryota","Obazoa","Opisthokonta","Choanoflagellata","Choanoflagellatea","Acanthoecida","Stephanoecidae_Group_E","Stephanoecidae_Group_E_X","Stephanoecidae_Group_E_X_sp."
"ASV_10704","Eukaryota","TSAR","Stramenopiles","Gyrista","Mediophyceae","Chaetocerotales","Chaetocerotaceae","Chaetoceros","Chaetoceros_peruvianus-1"
"ASV_10706","Eukaryota","TSAR","Alveolata","Dinoflagellata","Syndiniales","Dino-Group-II","Dino-Group-II-Clade-20","Dino-Group-II-Clade-20_X","Dino-Group-II-Clade-20_X_sp."
"ASV_10711","Eukaryota","TSAR","Stramenopiles","Gyrista","Chrysophyceae","Ochromonadales","Ochromonadaceae","Dinobryon","Dinobryon_faculiferum"
"ASV_10716","Eukaryota","TSAR","Alveolata","Ciliophora","Spirotrichea","Oligotrichida","Oligotrichida_X","Oligotrichida_XX","Oligotrichida_XX_sp."
"ASV_10717","Eukaryota","TSAR","Alveolata","Dinoflagellata","Syndiniales","Dino-Group-II","Dino-Group-II-Clade-6","Dino-Group-II-Clade-6_X","Dino-Group-II-Clade-6_X_sp."
"ASV_10720","Eukaryota","TSAR","Alveolata","Dinoflagellata","Dinophyceae","unassigned","unassigned","unassigned","unassigned"
"ASV_10721","Eukaryota","TSAR","Alveolata","Dinoflagellata","Syndiniales","Dino-Group-II","Dino-Group-II-Clade-8","Dino-Group-II-Clade-8_X","Dino-Group-II-Clade-8_X_sp."
"ASV_10727","Eukaryota","TSAR","Rhizaria","Cercozoa","Chlorarachniophyceae","Chlorarachniophyceae_X","NPK2-lineage","NPK2-lineage_X","NPK2-lineage_X_sp."
"ASV_10728","Eukaryota","TSAR","Rhizaria","Radiolaria","Acantharea","Acantharea_1","Acantharea_1_X","Acantharea_1_XX","Acantharea_1_XX_sp."
"ASV_10730","Eukaryota","TSAR","Alveolata","Dinoflagellata","Dinophyceae","Torodiniales","Torodiniaceae","Kapelodinium","Kapelodinium_vestifici"
"ASV_10733","Eukaryota","TSAR","Alveolata","Dinoflagellata","Dinophyceae","Peridiniales","unassigned","unassigned","unassigned"
"ASV_10740","Eukaryota","TSAR","Rhizaria","Cercozoa","Filosa-Thecofilosea","Ventricleftida","CCW10-lineage","CCW10-lineage_X","CCW10-lineage_X_sp."
"ASV_10742","Eukaryota","TSAR","Stramenopiles","Gyrista","Bacillariophyceae","Bacillariales","Bacillariaceae","Bacillaria","Bacillaria_sp."
"ASV_10743","Eukaryota","TSAR","Stramenopiles","Stramenopiles_X","Stramenopiles_XX","Stramenopiles_XXX","Stramenopiles_XXXX","Stramenopiles_XXXXX","Stramenopiles_XXXXX_sp."
"ASV_10750","Eukaryota","TSAR","Alveolata","Dinoflagellata","Dinophyceae","Gymnodiniales","Gymnodiniaceae","Gymnodinium","Gymnodinium_dorsalisulcum"
"ASV_10756","Eukaryota","TSAR","Alveolata","Dinoflagellata","Syndiniales","Dino-Group-II","Dino-Group-II-Clade-1","Dino-Group-II-Clade-1_X","Dino-Group-II-Clade-1_X_sp."
"ASV_10757","Eukaryota","TSAR","Alveolata","Dinoflagellata","Syndiniales","Dino-Group-II","Dino-Group-II-Clade-47","Dino-Group-II-Clade-47_X","Dino-Group-II-Clade-47_X_sp."
"ASV_10758","Eukaryota","TSAR","Stramenopiles","Gyrista","Chrysophyceae","Chrysophyceae_Clade-EC2I","Chrysophyceae_Clade-EC2I_X","Chrysophyceae_Clade-EC2I_XX","Chrysophyceae_Clade-EC2I_XX_sp."
"ASV_10759","Eukaryota","TSAR","Alveolata","Dinoflagellata","Syndiniales","Dino-Group-I","Dino-Group-I-Clade-5","Dino-Group-I-Clade-5_X","Dino-Group-I-Clade-5_X_sp."
"ASV_10760","Eukaryota","TSAR","Telonemia","Telonemia_X","Telonemia_XX","Telonemia_XXX","Telonemia-Group-2","Telonemia-Group-2_X","Telonemia-Group-2_X_sp."
"ASV_10761","Eukaryota","TSAR","Stramenopiles","Gyrista","Dictyochophyceae","Dictyochophyceae_X","Florenciellales","Florenciellales_X","Florenciellales_X_sp."
"ASV_10769","Eukaryota","TSAR","Alveolata","Dinoflagellata","Dinophyceae","unassigned","unassigned","unassigned","unassigned"
"ASV_10770","Eukaryota","TSAR","Stramenopiles","Gyrista","Coscinodiscophyceae","Rhizosoleniales","Rhizosoleniaceae","Guinardia","Guinardia_striata"
"ASV_10771","Eukaryota","Archaeplastida","Chlorophyta","Chlorophyta_X","Mamiellophyceae","Dolichomastigales","Dolichomastigaceae","Dolichomastigaceae-B","Dolichomastigaceae-B_sp."
"ASV_10773","Eukaryota","TSAR","Alveolata","Dinoflagellata","Dinophyceae","Dinophyceae_X","Dinophyceae_XX","Dinophyceae_XXX","Dinophyceae_XXX_sp."
"ASV_10774","Eukaryota","TSAR","Alveolata","Dinoflagellata","Syndiniales","Dino-Group-II","Dino-Group-II-Clade-4","Dino-Group-II-Clade-4_X","Dino-Group-II-Clade-4_X_sp."
"ASV_10779","Eukaryota","TSAR","Telonemia","Telonemia_X","Telonemia_XX","Telonemia_XXX","Telonemia-Group-2","Telonemia-Group-2_X","Telonemia-Group-2_X_sp."
"ASV_10780","Eukaryota","TSAR","Alveolata","Dinoflagellata","Syndiniales","Dino-Group-II","Dino-Group-II-Clade-23","Dino-Group-II-Clade-23_X","Dino-Group-II-Clade-23_X_sp."
"ASV_10781","Eukaryota","TSAR","Stramenopiles","Gyrista","Mediophyceae","Hemiaulales","Hemiaulaceae","Eucampia","Eucampia_zodiacus"
"ASV_10784","Eukaryota","TSAR","Stramenopiles","Bigyra","Opalozoa","Opalozoa_X","MAST-12","MAST-12E","MAST-12E_sp."
"ASV_10786","Eukaryota","TSAR","Stramenopiles","Gyrista","Chrysophyceae","Ochromonadales","Ochromonadales_X","Ochromonadales_XX","Ochromonadales_XX_sp."
"ASV_10789","Eukaryota","TSAR","Alveolata","Ciliophora","Phyllopharyngea","Cyrtophoria_7","Hartmannulidae","Hartmannula","Hartmannula_sinica"
"ASV_10791","Eukaryota","TSAR","Stramenopiles","Gyrista","Mediophyceae","Thalassiosirales","Skeletonemaceae","Skeletonema","Skeletonema_pseudocostatum"
"ASV_10794","Eukaryota","Cryptista","Cryptophyta","Cryptophyta_X","Cryptophyceae","Cryptomonadales","Cryptomonadales_X","Teleaulax","Teleaulax_amphioxeia"
"ASV_10796","Eukaryota","TSAR","Rhizaria","Cercozoa","Filosa-Thecofilosea","Cryomonadida","Protaspa-lineage","Protaspa-lineage_X","Protaspa-lineage_X_sp."
"ASV_10797","Eukaryota","TSAR","Alveolata","Dinoflagellata","Dinophyceae","unassigned","unassigned","unassigned","unassigned"
"ASV_10801","Eukaryota","TSAR","Stramenopiles","Gyrista","Pirsoniales","Pirsoniales_X","Pirsoniales_XX","unassigned","unassigned"
"ASV_10808","Eukaryota","TSAR","Rhizaria","Cercozoa","Filosa-Thecofilosea","Filosa-Thecofilosea_X","Filosa-Thecofilosea_XX","Filosa-Thecofilosea_XXX","Filosa-Thecofilosea_XXX_sp."
"ASV_10809","Eukaryota","Archaeplastida","Chlorophyta","Chlorophyta_X","Mamiellophyceae","Dolichomastigales","Dolichomastigaceae","Dolichomastigaceae-B","Dolichomastigaceae-B_sp."
"ASV_10813","Eukaryota","TSAR","Stramenopiles","Bigyra","Sagenista","Sagenista_X","MAST-4","MAST-4C","MAST-4C_sp."
"ASV_10814","Eukaryota","TSAR","Alveolata","Dinoflagellata","Dinophyceae","Gonyaulacales","Gonyaulacaceae","Gonyaulax","Gonyaulax_polygramma"
"ASV_10816","Eukaryota","TSAR","Stramenopiles","Gyrista","Peronosporomycetes","Peronosporomycetes_X","Peronosporomycetes_XX","Peronosporomycetes_XXX","Peronosporomycetes_XXX_sp."
"ASV_10819","Eukaryota","Obazoa","Opisthokonta","Rotosphaerida","Rotosphaerida_X","Rotosphaerida_XX","Rotosphaerida_XXX","Pompholyxophrys","Pompholyxophrys_punicea"
"ASV_10820","Eukaryota","TSAR","Stramenopiles","Gyrista","Chrysophyceae","Paraphysomonadales","Paraphysomonadaceae","Paraphysomonas","Paraphysomonas_sp."
"ASV_10823","Eukaryota","TSAR","Alveolata","Dinoflagellata","Syndiniales","Dino-Group-II","Dino-Group-II-Clade-38","Dino-Group-II-Clade-38_X","Dino-Group-II-Clade-38_X_sp."
"ASV_10827","Eukaryota","TSAR","Alveolata","Dinoflagellata","Dinophyceae","Suessiales","Suessiaceae","Biecheleria","Biecheleria_cincta"
"ASV_10832","Eukaryota","Haptista","Haptophyta","Haptophyta_X","Prymnesiophyceae","Prymnesiales","Chrysochromulinaceae","Chrysochromulina","unassigned"
"ASV_10833","Eukaryota","TSAR","Stramenopiles","Gyrista","Dictyochophyceae","Dictyochophyceae_X","Dictyochophyceae_XX","Dictyochophyceae_XXX","Dictyochophyceae_XXX_sp."
"ASV_10836","Eukaryota","TSAR","Rhizaria","Cercozoa","Filosa-Thecofilosea","Cryomonadida","Cryothecomonas-lineage","Cryothecomonas","Cryothecomonas_aestivalis"
"ASV_10837","Eukaryota","Haptista","Haptophyta","Haptophyta_X","Prymnesiophyceae","Phaeocystales","Phaeocystaceae","Phaeocystis","Phaeocystis_globosa"
"ASV_10838","Eukaryota","TSAR","Alveolata","Dinoflagellata","Dinophyceae","Peridiniales","Blastodiniaceae","Blastodinium","Blastodinium_contortum"
"ASV_10842","Eukaryota","TSAR","Stramenopiles","Gyrista","Mediophyceae","Thalassiosirales","Thalassiosiraceae","Thalassiosira","Thalassiosira_minuscula"
"ASV_10844","Eukaryota","TSAR","Stramenopiles","Gyrista","Bacillariophyceae","Fragilariales","Fragilariaceae","Synedra","Synedra_fragilarioides"
"ASV_10845","Eukaryota","TSAR","Alveolata","Dinoflagellata","Syndiniales","Dino-Group-II","Dino-Group-II-Clade-1","Dino-Group-II-Clade-1_X","Dino-Group-II-Clade-1_X_sp."
"ASV_10847","Eukaryota","TSAR","Rhizaria","Cercozoa","Filosa-Imbricatea","Imbricatea_X","Imbricatea_XX","Discomonas","Discomonas_retusa"
"ASV_10848","Eukaryota","TSAR","Alveolata","Dinoflagellata","Dinophyceae","unassigned","unassigned","unassigned","unassigned"
"ASV_10849","Eukaryota","TSAR","Rhizaria","Cercozoa","Cercozoa_X","Cercozoa_XX","Cercozoa_XXX","Cercozoa_XXXX","Cercozoa_XXXX_sp."
"ASV_10854","Eukaryota","Archaeplastida","Chlorophyta","Chlorophyta_X","Mamiellophyceae","Dolichomastigales","Dolichomastigaceae","Dolichomastigaceae-B","Dolichomastigaceae-B_sp."
"ASV_10859","Eukaryota","TSAR","Alveolata","Dinoflagellata","Dinophyceae","unassigned","unassigned","unassigned","unassigned"
"ASV_10864","Eukaryota","TSAR","Alveolata","Dinoflagellata","Syndiniales","Dino-Group-II","Dino-Group-II-Clade-14","Dino-Group-II-Clade-14_X","Dino-Group-II-Clade-14_X_sp."
"ASV_10865","Eukaryota","TSAR","Alveolata","Dinoflagellata","Syndiniales","Dino-Group-III","Dino-Group-III_X","Dino-Group-III_XX","Dino-Group-III_XX_sp."
"ASV_10869","Eukaryota","TSAR","Stramenopiles","Gyrista","Chrysophyceae","Hydrurales","Hydrurales_Clade-II","Hydrurales_Clade-II_X","Hydrurales_Clade-II_X_sp."
"ASV_10872","Eukaryota","TSAR","Alveolata","Dinoflagellata","Syndiniales","Dino-Group-II","Dino-Group-II-Clade-1","Dino-Group-II-Clade-1_X","Dino-Group-II-Clade-1_X_sp."
"ASV_10874","Eukaryota","TSAR","Stramenopiles","Gyrista","Dictyochophyceae","Dictyochophyceae_X","Pedinellales","Pedinellales_X","Pedinellales_X_sp."
"ASV_10883","Eukaryota","Obazoa","Opisthokonta","Ichthyosporea","Ichthyophonida","Abeoformidae","Abeoformidae_Group_MAIP_2","Abeoformidae_Group_MAIP_2_X","Abeoformidae_Group_MAIP_2_X_sp."
"ASV_10885","Eukaryota:nucl","Cryptista:nucl","Cryptophyta:nucl","Cryptophyta_X:nucl","Cryptophyceae:nucl","Cryptomonadales:nucl","Cryptomonadales_X:nucl","unassigned","unassigned"
"ASV_10887","Eukaryota","TSAR","Alveolata","Dinoflagellata","Syndiniales","Dino-Group-II","Dino-Group-II-Clade-13","Dino-Group-II-Clade-13_X","Dino-Group-II-Clade-13_X_sp."
"ASV_10888","Eukaryota","TSAR","Alveolata","Dinoflagellata","Syndiniales","Dino-Group-II","Dino-Group-II-Clade-10-and-11","Dino-Group-II-Clade-10-and-11_X","Dino-Group-II-Clade-10-and-11_X_sp."
"ASV_10889","Eukaryota","TSAR","Rhizaria","Cercozoa","Filosa-Imbricatea","Euglyphida","Paulinellidae","Paulinella","Paulinella_sp."
"ASV_10893","Eukaryota","Haptista","Haptophyta","Haptophyta_X","Prymnesiophyceae","Prymnesiales","Chrysochromulinaceae","Chrysochromulina","unassigned"
"ASV_10898","Eukaryota","TSAR","Telonemia","Telonemia_X","Telonemia_XX","Telonemia_XXX","Telonemia-Group-1","Telonemia-Group-1_X","Telonemia-Group-1_X_sp."
"ASV_10905","Eukaryota","TSAR","Stramenopiles","Gyrista","Chrysophyceae","Chrysophyceae_X","Chrysophyceae_XX","Chrysophyceae_XXX","Chrysophyceae_XXX_sp."
"ASV_10907","Eukaryota","TSAR","Alveolata","Ciliophora","Ciliophora_X","Ciliophora_XX","Ciliophora_XXX","Cyclotrichium","Cyclotrichium_cyclokaryon"
"ASV_10911","Eukaryota","TSAR","Stramenopiles","Gyrista","Mediophyceae","Chaetocerotales","Chaetocerotaceae","Chaetoceros","Chaetoceros_decipiens"
"ASV_10913","Eukaryota","TSAR","Alveolata","Dinoflagellata","Syndiniales","Dino-Group-I","Dino-Group-I-Clade-1","Dino-Group-I-Clade-1_X","Dino-Group-I-Clade-1_X_sp."
"ASV_10914","Eukaryota","Cryptista","Cryptophyta","Cryptophyta_X","Cryptophyceae","Cryptomonadales","Cryptomonadales_X","Teleaulax","Teleaulax_gracilis"
"ASV_10915","Eukaryota","TSAR","Rhizaria","Cercozoa","Filosa-Imbricatea","Thaumatomonadida","Thaumatomonadida_X","Thaumatomonadida_XX","Thaumatomonadida_XX_sp."
"ASV_10918","Eukaryota","TSAR","Alveolata","Dinoflagellata","Dinophyceae","Peridiniales","Amphidomataceae","Azadinium","unassigned"
"ASV_10920","Eukaryota","TSAR","Alveolata","Dinoflagellata","Dinophyceae","Dinophyceae_X","Dinophyceae_XX","Dinophyceae_XXX","Dinophyceae_XXX_sp."
"ASV_10922","Eukaryota","TSAR","Alveolata","Dinoflagellata","Syndiniales","Dino-Group-II","Dino-Group-II-Clade-23","Dino-Group-II-Clade-23_X","Dino-Group-II-Clade-23_X_sp."
"ASV_10926","Eukaryota","TSAR","Alveolata","Dinoflagellata","Syndiniales","Dino-Group-II","unassigned","unassigned","unassigned"
"ASV_10928","Eukaryota","TSAR","Alveolata","Dinoflagellata","Syndiniales","Dino-Group-II","Dino-Group-II-Clade-6","Dino-Group-II-Clade-6_X","Dino-Group-II-Clade-6_X_sp."
"ASV_10929","Eukaryota","TSAR","Rhizaria","Cercozoa","Filosa-Thecofilosea","Cryomonadida","Protaspa-lineage","Protaspa-lineage_X","Protaspa-lineage_X_sp."
"ASV_10935","Eukaryota","TSAR","Stramenopiles","Gyrista","Bolidophyceae","Parmales","Parmales_env_2","Parmales_env_2_X","Parmales_env_2_X_sp."
"ASV_10947","Eukaryota","TSAR","Stramenopiles","Gyrista","Pelagophyceae","Pelagomonadales","unassigned","unassigned","unassigned"
"ASV_10949","Eukaryota","TSAR","Alveolata","Dinoflagellata","Syndiniales","Dino-Group-II","Dino-Group-II-Clade-6","Dino-Group-II-Clade-6_X","Dino-Group-II-Clade-6_X_sp."
"ASV_10950","Eukaryota","TSAR","Alveolata","Dinoflagellata","Syndiniales","Dino-Group-II","Dino-Group-II-Clade-5","Dino-Group-II-Clade-5_X","Dino-Group-II-Clade-5_X_sp."
"ASV_10952","Eukaryota","TSAR","Rhizaria","Cercozoa","Filosa-Thecofilosea","Cryomonadida","Protaspa-lineage","Protaspa-lineage_X","Protaspa-lineage_X_sp."
"ASV_10954","Eukaryota","TSAR","Stramenopiles","Bigyra","Bicoecea","Bicoecales","Bicoecaceae","Bicosoeca","Bicosoeca_sp."
"ASV_10959","Eukaryota","TSAR","Alveolata","Dinoflagellata","Dinophyceae","Gymnodiniales","Gymnodiniaceae","Gymnodinium","Gymnodinium_sp."
"ASV_10962","Eukaryota","TSAR","Alveolata","Dinoflagellata","Syndiniales","Dino-Group-II","Dino-Group-II-Clade-4","Dino-Group-II-Clade-4_X","Dino-Group-II-Clade-4_X_sp."
"ASV_10963","Eukaryota","TSAR","Alveolata","Ciliophora","Spirotrichea","Choreotrichida-Tintinnina","unassigned","unassigned","unassigned"
"ASV_10968","Eukaryota","Archaeplastida","Picozoa","Picozoa_subdivision_1","Picozoa_subdivision_1B","Picozoa_subdivision_1B_X","Picozoa_subdivision_1B_XX","Picozoa_subdivision_1B_XXX","Picozoa_subdivision_1B_XXX_sp."
"ASV_10970","Eukaryota","TSAR","Stramenopiles","Gyrista","Bacillariophyceae","Bacillariales","Bacillariaceae","Fragilariopsis","Fragilariopsis_sp."
"ASV_10971","Eukaryota","TSAR","Stramenopiles","Gyrista","Chrysophyceae","Paraphysomonadales","Paraphysomonadales_Clade-EC1Ga","Paraphysomonadales_Clade-EC1Ga_X","Paraphysomonadales_Clade-EC1Ga_X_sp."
"ASV_10975","Eukaryota","TSAR","Stramenopiles","Bigyra","Opalozoa","Opalozoa_X","MAST-12","MAST-12D","MAST-12D_sp."
"ASV_10979","Eukaryota","TSAR","Alveolata","Dinoflagellata","Dinophyceae","unassigned","unassigned","unassigned","unassigned"
"ASV_10982","Eukaryota","TSAR","Stramenopiles","Bigyra","Sagenista","Sagenista_X","MAST-8","MAST-8D","MAST-8D_sp."
"ASV_10983","Eukaryota","TSAR","Stramenopiles","Bigyra","Sagenista","Labyrinthulomycetes","Thraustochytriaceae","Thraustochytriaceae_LAB17","Thraustochytriaceae_LAB17_sp."
"ASV_10985","Eukaryota","TSAR","Alveolata","Dinoflagellata","Syndiniales","Dino-Group-I","Dino-Group-I-Clade-1","Dino-Group-I-Clade-1_X","Dino-Group-I-Clade-1_X_sp."
"ASV_10986","Eukaryota","Haptista","Haptophyta","Haptophyta_X","Prymnesiophyceae","Phaeocystales","Phaeocystaceae","Phaeocystis","Phaeocystis_jahnii"
"ASV_10987","Eukaryota","TSAR","Alveolata","Ciliophora","Spirotrichea","Oligotrichida","Strombidiidae","Strombidiidae_X","Strombidiidae_X_sp."
"ASV_10988","Eukaryota","TSAR","Stramenopiles","Gyrista","Coscinodiscophyceae","Rhizosoleniales","Rhizosoleniaceae","Guinardia","Guinardia_striata"
"ASV_10989","Eukaryota","TSAR","Telonemia","Telonemia_X","Telonemia_XX","Telonemia_XXX","Telonemia-Group-2","Telonemia-Group-2_X","Telonemia-Group-2_X_sp."
"ASV_10991","Eukaryota","TSAR","Stramenopiles","Gyrista","Chrysophyceae","Chrysophyceae_Clade-EC2H","Chrysophyceae_Clade-EC2H_X","Chrysophyceae_Clade-EC2H_XX","Chrysophyceae_Clade-EC2H_XX_sp."
"ASV_10992","Eukaryota","TSAR","Alveolata","Dinoflagellata","Dinophyceae","unassigned","unassigned","unassigned","unassigned"
"ASV_10994","Eukaryota","TSAR","Alveolata","Dinoflagellata","Dinophyceae","Gymnodiniales","Gymnodiniaceae","Gyrodinium","unassigned"
"ASV_10996","Eukaryota","TSAR","Alveolata","Dinoflagellata","Dinophyceae","Gymnodiniales","Kareniaceae","Karlodinium","Karlodinium_veneficum"
"ASV_10999","Eukaryota","TSAR","Stramenopiles","Bigyra","Opalozoa","Nanomonadea","MAST-3","MAST-3A","MAST-3A_sp."
"ASV_11001","Eukaryota:nucl","Cryptista:nucl","Cryptophyta:nucl","Cryptophyta_X:nucl","Cryptophyceae:nucl","Cryptomonadales:nucl","Cryptomonadales_X:nucl","unassigned","unassigned"
"ASV_11003","Eukaryota","TSAR","Alveolata","Dinoflagellata","Syndiniales","Dino-Group-II","Dino-Group-II-Clade-12","Dino-Group-II-Clade-12_X","Dino-Group-II-Clade-12_X_sp."
"ASV_11004","Eukaryota","TSAR","Rhizaria","Cercozoa","unassigned","unassigned","unassigned","unassigned","unassigned"
"ASV_11006","Eukaryota","TSAR","Rhizaria","Cercozoa","Filosa-Thecofilosea","Cryomonadida","Cryothecomonas-lineage","Cryothecomonas-lineage_X","Cryothecomonas-lineage_X_sp."
"ASV_11008","Eukaryota:nucl","Cryptista:nucl","Cryptophyta:nucl","Cryptophyta_X:nucl","Cryptophyceae:nucl","Cryptomonadales:nucl","Cryptomonadales_X:nucl","unassigned","unassigned"
"ASV_11012","Eukaryota","TSAR","Alveolata","Ciliophora","Spirotrichea","Oligotrichida","Oligotrichida_X","Oligotrichida_XX","Oligotrichida_XX_sp."
"ASV_11013","Eukaryota","TSAR","Alveolata","Dinoflagellata","Syndiniales","Dino-Group-II","Dino-Group-II-Clade-6","Dino-Group-II-Clade-6_X","Dino-Group-II-Clade-6_X_sp."
"ASV_11014","Eukaryota","Haptista","Haptophyta","Haptophyta_X","Prymnesiophyceae","Prymnesiales","Chrysochromulinaceae","Chrysochromulina","Chrysochromulina_sp."
"ASV_11020","Eukaryota","TSAR","Rhizaria","Cercozoa","Filosa-Thecofilosea","Cryomonadida","Protaspa-lineage","Protaspa","unassigned"
"ASV_11022","Eukaryota","TSAR","Telonemia","Telonemia_X","Telonemia_XX","Telonemia_XXX","Telonemia-Group-2","Telonemia-Group-2_X","Telonemia-Group-2_X_sp."
"ASV_11024","Eukaryota","TSAR","Stramenopiles","Gyrista","Chrysophyceae","Ochromonadales","Ochromonadales_X","Ochromonadales_XX","Ochromonadales_XX_sp."
"ASV_11027","Eukaryota","TSAR","Alveolata","Dinoflagellata","Syndiniales","Dino-Group-II","Dino-Group-II-Clade-30","Dino-Group-II-Clade-30_X","Dino-Group-II-Clade-30_X_sp."
"ASV_11028","Eukaryota","TSAR","Rhizaria","Cercozoa","unassigned","unassigned","unassigned","unassigned","unassigned"
"ASV_11029","Eukaryota","TSAR","Alveolata","Dinoflagellata","Syndiniales","Dino-Group-II","Dino-Group-II-Clade-12","Dino-Group-II-Clade-12_X","Dino-Group-II-Clade-12_X_sp."
"ASV_11030","Eukaryota","TSAR","Rhizaria","Cercozoa","Filosa-Thecofilosea","Ebriacea","TAGIRI1-lineage","TAGIRI1-lineage_X","TAGIRI1-lineage_X_sp."
"ASV_11032","Eukaryota","TSAR","Alveolata","Dinoflagellata","Syndiniales","Dino-Group-II","Dino-Group-II-Clade-4","Dino-Group-II-Clade-4_X","Dino-Group-II-Clade-4_X_sp."
"ASV_11035","Eukaryota","TSAR","Rhizaria","Cercozoa","Filosa-Thecofilosea","Filosa-Thecofilosea_X","Filosa-Thecofilosea_XX","Filosa-Thecofilosea_XXX","Filosa-Thecofilosea_XXX_sp."
"ASV_11037","Eukaryota","TSAR","Alveolata","Dinoflagellata","Syndiniales","Dino-Group-II","Dino-Group-II-Clade-1","Dino-Group-II-Clade-1_X","Dino-Group-II-Clade-1_X_sp."
"ASV_11038","Eukaryota","TSAR","Stramenopiles","Gyrista","Peronosporomycetes","Peronosporomycetes_X","Peronosporomycetes_XX","Peronosporomycetes_XXX","Peronosporomycetes_XXX_sp."
"ASV_11039","Eukaryota","TSAR","Alveolata","Dinoflagellata","Syndiniales","Dino-Group-II","Dino-Group-II-Clade-14","Dino-Group-II-Clade-14_X","Dino-Group-II-Clade-14_X_sp."
"ASV_11040","Eukaryota","TSAR","Alveolata","Dinoflagellata","Dinophyceae","Gymnodiniales","Gymnodiniaceae","Balechina","Balechina_pachydermata"
"ASV_11041","Eukaryota","Cryptista","Cryptophyta","Cryptophyta_X","Cryptophyceae","Pyrenomonadales","Pyrenomonadaceae","Rhodomonas","Rhodomonas_sp."
"ASV_11046","Eukaryota","TSAR","Rhizaria","Cercozoa","Filosa-Thecofilosea","Cryomonadida","Protaspa-lineage","Protaspa-lineage_X","Protaspa-lineage_X_sp."
"ASV_11047","Eukaryota","Haptista","Centroplasthelida","Centroplasthelida_X","Pterocystida","Pterocystida_X","Pterocystida_XX","Pterocystida_XXX","Pterocystida_XXX_sp."
"ASV_11048","Eukaryota","TSAR","Alveolata","Dinoflagellata","Dinophyceae","Prorocentrales","Prorocentraceae","Prorocentrum","Prorocentrum_sp."
"ASV_11050","Eukaryota","TSAR","Alveolata","Dinoflagellata","Dinophyceae","Peridiniales","unassigned","unassigned","unassigned"
"ASV_11051","Eukaryota","Haptista","Haptophyta","Haptophyta_X","Prymnesiophyceae","Prymnesiales","Prymnesiophyceae_Clade_B4","Prymnesiophyceae_Clade_B4_X","Prymnesiophyceae_Clade_B4_X_sp."
"ASV_11054","Eukaryota","TSAR","Rhizaria","Cercozoa","Filosa-Thecofilosea","Cryomonadida","Protaspa-lineage","Protaspa-lineage_X","Protaspa-lineage_X_sp."
"ASV_11055","Eukaryota","TSAR","Alveolata","Ciliophora","Spirotrichea","Euplotia","Aspidiscidae","Aspidisca","unassigned"
"ASV_11057","Eukaryota","TSAR","Alveolata","Dinoflagellata","Dinophyceae","Gymnodiniales","unassigned","unassigned","unassigned"
"ASV_11058","Eukaryota","TSAR","Stramenopiles","Gyrista","Dictyochophyceae","Dictyochophyceae_X","Pedinellales","Pedinellales_X","Pedinellales_X_sp."
"ASV_11059","Eukaryota","TSAR","Stramenopiles","Bigyra","Sagenista","Labyrinthulomycetes","Thraustochytriaceae","Thraustochytriaceae_LAB17","Thraustochytriaceae_LAB17_sp."
"ASV_11062","Eukaryota","TSAR","Stramenopiles","Gyrista","Mediophyceae","Lithodesmiales","Lithodesmiaceae","Ditylum","Ditylum_brightwellii"
"ASV_11064","Eukaryota","TSAR","Stramenopiles","Bigyra","Opalozoa","Nanomonadea","MAST-3","MAST-3I","MAST-3I_sp."
"ASV_11065","Eukaryota","TSAR","Stramenopiles","Gyrista","Bolidophyceae","Parmales","Parmales_env_3","Parmales_env_3A","Parmales_env_3A_sp."
"ASV_11066","Eukaryota","TSAR","Alveolata","Dinoflagellata","Dinophyceae","unassigned","unassigned","unassigned","unassigned"
"ASV_11068","Eukaryota","Obazoa","Apusomonada","Apusomonada_X","Apusomonadidae","Apusomonadidae_Group-1","Apusomonadidae_Group-1_X","Apusomonadidae_Group-1_XX","Apusomonadidae_Group-1_XX_sp."
"ASV_11069","Eukaryota","TSAR","Alveolata","Dinoflagellata","Syndiniales","Dino-Group-II","Dino-Group-II-Clade-20","Dino-Group-II-Clade-20_X","Dino-Group-II-Clade-20_X_sp."
"ASV_11070","Eukaryota","TSAR","Alveolata","Ciliophora","Spirotrichea","Oligotrichida","Oligotrichida_X","Oligotrichida_XX","Oligotrichida_XX_sp."
"ASV_11075","Eukaryota","TSAR","Alveolata","Dinoflagellata","Dinophyceae","unassigned","unassigned","unassigned","unassigned"
"ASV_11076","Eukaryota","TSAR","Stramenopiles","Gyrista","Mediophyceae","Thalassiosirales","Thalassiosiraceae","Thalassiosira","unassigned"
"ASV_11078","Eukaryota","TSAR","Stramenopiles","Gyrista","Bacillariophyceae","Bacillariales","Bacillariaceae","Cylindrotheca","Cylindrotheca_sp."
"ASV_11079","Eukaryota","TSAR","Alveolata","Dinoflagellata","Dinophyceae","Gonyaulacales","Ceratiaceae","Tripos","Tripos_candelabrus"
"ASV_11080","Eukaryota","TSAR","Telonemia","Telonemia_X","Telonemia_XX","Telonemia_XXX","Telonemia-Group-2","Telonemia-Group-2_X","Telonemia-Group-2_X_sp."
"ASV_11081","Eukaryota","TSAR","Rhizaria","Cercozoa","Chlorarachniophyceae","Chlorarachniophyceae_X","LC104-lineage","LC104-lineage_X","LC104-lineage_X_sp."
"ASV_11084","Eukaryota","TSAR","Alveolata","Dinoflagellata","Syndiniales","Dino-Group-II","Dino-Group-II-Clade-1","Dino-Group-II-Clade-1_X","Dino-Group-II-Clade-1_X_sp."
"ASV_11086","Eukaryota","TSAR","Stramenopiles","Gyrista","Coscinodiscophyceae","Rhizosoleniales","Rhizosoleniaceae","Rhizosolenia","Rhizosolenia_delicatula"
"ASV_11089","Eukaryota","TSAR","Stramenopiles","Gyrista","Mediophyceae","Chaetocerotales","Chaetocerotaceae","Chaetoceros","Chaetoceros_danicus"
"ASV_11090","Eukaryota","TSAR","Alveolata","Ciliophora","Spirotrichea","Oligotrichida","Strombidiidae","Strombidiidae_X","Strombidiidae_X_sp."
"ASV_11091","Eukaryota","TSAR","Stramenopiles","Gyrista","Bolidophyceae","Parmales","Triparmaceae","Triparma","Triparma_eleuthera"
"ASV_11093","Eukaryota","TSAR","Alveolata","Ciliophora","CONThreeP","CONThreeP_X","CONThreeP_XX","Askenasia","Askenasia_sp."
"ASV_11094","Eukaryota","Haptista","Haptophyta","Haptophyta_X","Prymnesiophyceae","Prymnesiales","Chrysochromulinaceae","Chrysochromulina","Chrysochromulina_sp."
"ASV_11095","Eukaryota","TSAR","Alveolata","Dinoflagellata","Dinophyceae","Peridiniales","Amphidomataceae","Azadinium","unassigned"
"ASV_11096","Eukaryota","Obazoa","Opisthokonta","Ichthyosporea","Ichthyophonida","Abeoformidae","Abeoformidae_Group_MAIP_1","Abeoformidae_Group_MAIP_1_X","Abeoformidae_Group_MAIP_1_X_sp."
"ASV_11097","Eukaryota","Haptista","Haptophyta","Haptophyta_X","Prymnesiophyceae","Prymnesiales","Chrysochromulinaceae","Chrysochromulina","Chrysochromulina_sp."
"ASV_11100","Eukaryota:nucl","Cryptista:nucl","Cryptophyta:nucl","Cryptophyta_X:nucl","Cryptophyceae:nucl","Cryptomonadales:nucl","Cryptomonadales_X:nucl","Plagioselmis:nucl","Plagioselmis_lacustris:nucl"
"ASV_11101","Eukaryota","Archaeplastida","Chlorophyta","Chlorophyta_X","Ulvophyceae","Ulvales-relatives","Ulvales-relatives_X","Ulva","Ulva_laetevirens"
"ASV_11102","Eukaryota","TSAR","Stramenopiles","Bigyra","Opalozoa","Nanomonadea","MAST-3","MAST-3J","MAST-3J_sp."
"ASV_11103","Eukaryota","TSAR","Alveolata","Dinoflagellata","Dinophyceae","Gonyaulacales","Gonyaulacaceae","Gonyaulax","Gonyaulax_membranaceae"
"ASV_11105","Eukaryota","TSAR","Rhizaria","Cercozoa","Filosa-Thecofilosea","Cryomonadida","Protaspa-lineage","unassigned","unassigned"
"ASV_11108","Eukaryota","TSAR","Alveolata","Dinoflagellata","Dinophyceae","unassigned","unassigned","unassigned","unassigned"
"ASV_11110","Eukaryota","TSAR","Stramenopiles","Gyrista","Bacillariophyceae","unassigned","unassigned","unassigned","unassigned"
"ASV_11111","Eukaryota","TSAR","Rhizaria","Radiolaria","Acantharea","Acantharea_3","Acantharea_3b","Acantharea_3b_X","Acantharea_3b_X_sp."
"ASV_11112","Eukaryota","TSAR","Alveolata","Ciliophora","Spirotrichea","unassigned","unassigned","unassigned","unassigned"
"ASV_11115","Eukaryota","Haptista","Haptophyta","Haptophyta_X","Prymnesiophyceae","Prymnesiales","Prymnesiophyceae_Clade_B3","Prymnesiophyceae_Clade_B3_X","Prymnesiophyceae_Clade_B3_X_sp."
"ASV_11116","Eukaryota","Obazoa","Opisthokonta","Choanoflagellata","Choanoflagellatea","Choanoflagellatea_X","Choanoflagellatea_XX_Group_L","Choanoflagellatea_XXX_Group_L_X","Choanoflagellatea_XXX_Group_L_X_sp."
"ASV_11118","Eukaryota","TSAR","Alveolata","Ciliophora","CONThreeP","CONThreeP_X","Discotrichidae","NASSO_1","NASSO_1_sp."
"ASV_11120","Eukaryota","TSAR","Rhizaria","Cercozoa","Filosa-Thecofilosea","Cryomonadida","Protaspa-lineage","Protaspa-lineage_X","Protaspa-lineage_X_sp."
"ASV_11121","Eukaryota","Haptista","Haptophyta","Haptophyta_X","Prymnesiophyceae","Prymnesiales","Chrysochromulinaceae","Chrysochromulina","Chrysochromulina_sp."
"ASV_11128","Eukaryota","TSAR","Rhizaria","Cercozoa","Filosa-Imbricatea","Filosa-Imbricatea_X","Novel-clade-2","Novel-clade-2_X","Novel-clade-2_X_sp."
"ASV_11133","Eukaryota","TSAR","Stramenopiles","Gyrista","Bacillariophyceae","Bacillariales","Bacillariaceae","unassigned","unassigned"
"ASV_11134","Eukaryota","TSAR","Alveolata","Dinoflagellata","Syndiniales","Dino-Group-II","Dino-Group-II-Clade-1","Dino-Group-II-Clade-1_X","Dino-Group-II-Clade-1_X_sp."
"ASV_11135","Eukaryota","TSAR","Stramenopiles","Gyrista","Pelagophyceae","Pelagomonadales","Pelagomonadales_clade_B","Pelagomonadales_clade_B1","Pelagomonadales_clade_B1_sp."
"ASV_11136","Eukaryota","TSAR","Alveolata","Dinoflagellata","Syndiniales","Dino-Group-II","Dino-Group-II-Clade-26","Dino-Group-II-Clade-26_X","Dino-Group-II-Clade-26_X_sp."
"ASV_11137","Eukaryota","TSAR","Stramenopiles","Bigyra","Sagenista","Labyrinthulomycetes","Thraustochytriaceae","Thraustochytriaceae_X","Thraustochytriaceae_X_sp."
"ASV_11139","Eukaryota","TSAR","Alveolata","Dinoflagellata","Dinophyceae","Peridiniales","Blastodiniaceae","Blastodinium","Blastodinium_contortum"
"ASV_11142","Eukaryota","Haptista","Haptophyta","Haptophyta_X","Prymnesiophyceae","Prymnesiales","Chrysochromulinaceae","Chrysochromulina","Chrysochromulina_sp."
"ASV_11144","Eukaryota","TSAR","Alveolata","Dinoflagellata","Syndiniales","Dino-Group-I","Dino-Group-I-Clade-4","Dino-Group-I-Clade-4_X","Dino-Group-I-Clade-4_X_sp."
"ASV_11146","Eukaryota","TSAR","Stramenopiles","Bigyra","Opalozoa","Opalozoa_X","MAST-12","MAST-12A","MAST-12A_sp."
"ASV_11148","Eukaryota","Obazoa","Opisthokonta","Ichthyosporea","Ichthyophonida","Abeoformidae","Abeoformidae_Group_MAIP_2","Abeoformidae_Group_MAIP_2_X","Abeoformidae_Group_MAIP_2_X_sp."
"ASV_11149","Eukaryota","TSAR","Alveolata","Dinoflagellata","Syndiniales","Dino-Group-I","Dino-Group-I-Clade-3","Dino-Group-I-Clade-3_X","Dino-Group-I-Clade-3_X_sp."
"ASV_11152","Eukaryota","TSAR","Alveolata","Dinoflagellata","Syndiniales","Dino-Group-II","Dino-Group-II-Clade-17","Dino-Group-II-Clade-17_X","Dino-Group-II-Clade-17_X_sp."
"ASV_11156","Eukaryota","TSAR","Alveolata","Dinoflagellata","Syndiniales","Dino-Group-II","Dino-Group-II-Clade-1","Dino-Group-II-Clade-1_X","Dino-Group-II-Clade-1_X_sp."
"ASV_11157","Eukaryota","TSAR","Alveolata","Dinoflagellata","Syndiniales","Dino-Group-II","Dino-Group-II-Clade-6","Dino-Group-II-Clade-6_X","Dino-Group-II-Clade-6_X_sp."
"ASV_11160","Eukaryota","TSAR","Alveolata","Dinoflagellata","Dinophyceae","Peridiniales","unassigned","unassigned","unassigned"
"ASV_11162","Eukaryota","TSAR","Rhizaria","Cercozoa","Filosa-Imbricatea","Thaumatomonadida","Thaumatomonadidae","Thaumatomonas","Thaumatomonas_sp."
"ASV_11165","Eukaryota","TSAR","Rhizaria","Cercozoa","Filosa-Thecofilosea","Cryomonadida","Protaspa-lineage","Protaspa-lineage_X","Protaspa-lineage_X_sp."
"ASV_11167","Eukaryota","Obazoa","Opisthokonta","Choanoflagellata","Choanoflagellatea","Acanthoecida","Stephanoecidae","Pleurasiga","Pleurasiga_reynoldsii"
"ASV_11168","Eukaryota","Archaeplastida","Chlorophyta","Chlorophyta_X","Mamiellophyceae","Dolichomastigales","Crustomastigaceae","Crustomastigaceae_X","Crustomastigaceae_X_sp."
"ASV_11169","Eukaryota","TSAR","Alveolata","Dinoflagellata","Dinophyceae","unassigned","unassigned","unassigned","unassigned"
"ASV_11171","Eukaryota","TSAR","Alveolata","Ciliophora","Oligohymenophorea","OLIGO5","OLIGO5_X","OLIGO5_XX","OLIGO5_XX_sp."
"ASV_11172","Eukaryota","TSAR","Rhizaria","Cercozoa","Filosa-Imbricatea","Filosa-Imbricatea_X","Novel-clade-2","Novel-clade-2_X","Novel-clade-2_X_sp."
"ASV_11173","Eukaryota","TSAR","Rhizaria","Cercozoa","unassigned","unassigned","unassigned","unassigned","unassigned"
"ASV_11177","Eukaryota","TSAR","Alveolata","Dinoflagellata","Syndiniales","Dino-Group-II","Dino-Group-II-Clade-22","Dino-Group-II-Clade-22_X","Dino-Group-II-Clade-22_X_sp."
"ASV_11185","Eukaryota","TSAR","Stramenopiles","Bigyra","Opalozoa","Opalozoa_X","MAST-12","MAST-12E","MAST-12E_sp."
"ASV_11186","Eukaryota","Haptista","Haptophyta","Haptophyta_X","Prymnesiophyceae","Prymnesiales","Chrysochromulinaceae","Chrysochromulina","Chrysochromulina_leadbeateri"
"ASV_11187","Eukaryota","TSAR","Rhizaria","Cercozoa","Filosa-Thecofilosea","Filosa-Thecofilosea_X","Mataza-lineage","Mataza-lineage_X","Mataza-lineage_X_sp."
"ASV_11194","Eukaryota","TSAR","Alveolata","Dinoflagellata","Dinophyceae","unassigned","unassigned","unassigned","unassigned"
"ASV_11199","Eukaryota","Obazoa","Opisthokonta","Ichthyosporea","Ichthyophonida","Abeoformidae","Abeoformidae_Group_MAIP_1","Abeoformidae_Group_MAIP_1_X","Abeoformidae_Group_MAIP_1_X_sp."
"ASV_11202","Eukaryota","TSAR","Stramenopiles","Gyrista","Gyrista_X","Gyrista_XX","MAST-1","MAST-1C","MAST-1C_sp."
"ASV_11204","Eukaryota","TSAR","Stramenopiles","Gyrista","Dictyochophyceae","Dictyochophyceae_X","Pedinellales","Helicopedinella","Helicopedinella_sp."
"ASV_11205","Eukaryota","TSAR","Stramenopiles","Gyrista","Pelagophyceae","Pelagomonadales","Pelagomonadales_clade_B","Pelagomonadales_clade_B1","Pelagomonadales_clade_B1_sp."
"ASV_11207","Eukaryota","TSAR","Alveolata","Dinoflagellata","Dinophyceae","unassigned","unassigned","unassigned","unassigned"
"ASV_11210","Eukaryota","Cryptista","Kathablepharidacea","Kathablepharida","Kathablepharidea","Kathablepharidida","Kathablepharidida_X","Kathablepharidida_XX","Kathablepharidida_XX_sp."
"ASV_11213","Eukaryota","Haptista","Haptophyta","Haptophyta_X","Prymnesiophyceae","Phaeocystales","Phaeocystaceae","Phaeocystis","Phaeocystis_jahnii"
"ASV_11215","Eukaryota","TSAR","Stramenopiles","Gyrista","Bacillariophyceae","Naviculales","Naviculaceae","Naviculaceae_X","Naviculaceae_X_sp."
"ASV_11219","Eukaryota","TSAR","unassigned","unassigned","unassigned","unassigned","unassigned","unassigned","unassigned"
"ASV_11220","Eukaryota","Haptista","Haptophyta","Haptophyta_X","Prymnesiophyceae","unassigned","unassigned","unassigned","unassigned"
"ASV_11221","Eukaryota","Haptista","Haptophyta","Haptophyta_X","Prymnesiophyceae","Prymnesiales","Chrysochromulinaceae","Chrysochromulina","Chrysochromulina_sp."
"ASV_11222","Eukaryota","Archaeplastida","Picozoa","Picozoa_subdivision_1","Picozoa_subdivision_1A","Picozoa_subdivision_1A_X","Picozoa_subdivision_1A_XX","Picozoa_subdivision_1A_XXX","Picozoa_subdivision_1A_XXX_sp."
"ASV_11223","Eukaryota","Archaeplastida","Picozoa","Picozoa_subdivision_2","Picozoa_subdivision_2_X","Picozoa_subdivision_2_XX","Picozoa_subdivision_2_XXX","Picozoa_subdivision_2_XXXX","Picozoa_subdivision_2_XXXX_sp."
"ASV_11228","Eukaryota","TSAR","Stramenopiles","Bigyra","Sagenista","Sagenista_X","MAST-8","MAST-8B","MAST-8B_sp."
"ASV_11230","Eukaryota","TSAR","Rhizaria","Cercozoa","unassigned","unassigned","unassigned","unassigned","unassigned"
"ASV_11232","Eukaryota","TSAR","Alveolata","Dinoflagellata","Syndiniales","Dino-Group-II","Dino-Group-II-Clade-30","Dino-Group-II-Clade-30_X","Dino-Group-II-Clade-30_X_sp."
"ASV_11234","Eukaryota","Archaeplastida","Chlorophyta","Chlorophyta_X","Prasino-Clade-VIII","Prasino-Clade-VIII_X","Prasino-Clade-VIII_XX","Prasino-Clade-VIII_XXX","Prasino-Clade-VIII_XXX_sp."
"ASV_11235","Eukaryota","TSAR","Stramenopiles","Bigyra","Opalozoa","Opalozoa_X","MAST-12","MAST-12A","MAST-12A_sp."
"ASV_11236","Eukaryota","TSAR","Rhizaria","Cercozoa","Filosa-Thecofilosea","Filosa-Thecofilosea_X","Mataza-lineage","Mataza-lineage_X","Mataza-lineage_X_sp."
"ASV_11237","Eukaryota","TSAR","Alveolata","Dinoflagellata","Syndiniales","Dino-Group-II","Dino-Group-II-Clade-12","Dino-Group-II-Clade-12_X","Dino-Group-II-Clade-12_X_sp."
"ASV_11238","Eukaryota","TSAR","Alveolata","Dinoflagellata","Syndiniales","Dino-Group-IV","Dino-Group-IV-Syndinium-Group","Syndinium","Syndinium_sp."
"ASV_11245","Eukaryota","TSAR","Alveolata","Dinoflagellata","Dinophyceae","Gonyaulacales","Ceratiaceae","Tripos","unassigned"
"ASV_11250","Eukaryota","TSAR","Rhizaria","Cercozoa","Filosa-Sarcomonadea","unassigned","unassigned","unassigned","unassigned"
"ASV_11254","Eukaryota","TSAR","Alveolata","Dinoflagellata","Dinophyceae","Dinophyceae_X","Dinophyceae_XX","Dinophyceae_XXX","Dinophyceae_XXX_sp."
"ASV_11255","Eukaryota","TSAR","Rhizaria","Cercozoa","Filosa-Thecofilosea","Ebriacea","TAGIRI1-lineage","TAGIRI1-lineage_X","TAGIRI1-lineage_X_sp."
"ASV_11256","Eukaryota","TSAR","Alveolata","Dinoflagellata","Syndiniales","Dino-Group-I","Dino-Group-I-Clade-4","Dino-Group-I-Clade-4_X","Dino-Group-I-Clade-4_X_sp."
"ASV_11257","Eukaryota","TSAR","Alveolata","Dinoflagellata","unassigned","unassigned","unassigned","unassigned","unassigned"
"ASV_11259","Eukaryota","TSAR","Stramenopiles","Gyrista","Mediophyceae","Thalassiosirales","Thalassiosiraceae","Thalassiosira","unassigned"
"ASV_11261","Eukaryota","TSAR","Stramenopiles","Gyrista","Chrysophyceae","Ochromonadales","Ochromonadales_X","Ochromonadales_XX","Ochromonadales_XX_sp."
"ASV_11262","Eukaryota","Haptista","Haptophyta","Haptophyta_X","Prymnesiophyceae","Prymnesiales","Chrysochromulinaceae","Chrysochromulina","Chrysochromulina_sp."
"ASV_11263","Eukaryota","TSAR","Alveolata","Dinoflagellata","Dinophyceae","Dinophyceae_X","Dinophyceae_XX","Dinophyceae_XXX","Dinophyceae_XXX_sp."
"ASV_11266","Eukaryota","TSAR","Alveolata","Dinoflagellata","Dinophyceae","Peridiniales","Thoracosphaeraceae","unassigned","unassigned"
"ASV_11267","Eukaryota","TSAR","Alveolata","Ciliophora","Spirotrichea","Choreotrichida-Tintinnina","unassigned","unassigned","unassigned"
"ASV_11270","Eukaryota","TSAR","Alveolata","Dinoflagellata","Dinophyceae","unassigned","unassigned","unassigned","unassigned"
"ASV_11271","Eukaryota","TSAR","Alveolata","Dinoflagellata","Dinophyceae","unassigned","unassigned","unassigned","unassigned"
"ASV_11274","Eukaryota","Cryptista","Cryptophyta","Cryptophyta_X","Cryptophyceae","Cryptomonadales","Hemiselmidaceae","Hemiselmis","Hemiselmis_cryptochromatica"
"ASV_11275","Eukaryota","TSAR","Alveolata","Dinoflagellata","Syndiniales","Dino-Group-III","Dino-Group-III_X","Dino-Group-III_XX","Dino-Group-III_XX_sp."
"ASV_11277","Eukaryota","TSAR","Alveolata","Dinoflagellata","Syndiniales","Dino-Group-I","Dino-Group-I-Clade-1","Dino-Group-I-Clade-1_X","Dino-Group-I-Clade-1_X_sp."
"ASV_11278","Eukaryota","TSAR","Alveolata","Dinoflagellata","Dinophyceae","unassigned","unassigned","unassigned","unassigned"
"ASV_11279","Eukaryota","TSAR","Alveolata","Dinoflagellata","Syndiniales","Dino-Group-II","Dino-Group-II-Clade-7","Dino-Group-II-Clade-7_X","Dino-Group-II-Clade-7_X_sp."
"ASV_11280","Eukaryota","TSAR","Stramenopiles","Gyrista","Mediophyceae","Thalassiosirales","Thalassiosiraceae","Minidiscus","Minidiscus_variabilis"
"ASV_11281","Eukaryota","TSAR","Alveolata","Dinoflagellata","Dinophyceae","Dinophyceae_X","Dinophyceae_XX","Dinophyceae_XXX","Dinophyceae_XXX_sp."
"ASV_11282","Eukaryota","TSAR","Alveolata","Dinoflagellata","Dinophyceae","Prorocentrales","Prorocentraceae","Prorocentrum","unassigned"
"ASV_11283","Eukaryota","TSAR","Stramenopiles","Gyrista","Mediophyceae","Chaetocerotales","Chaetocerotaceae","Chaetoceros","unassigned"
"ASV_11284","Eukaryota","TSAR","Alveolata","Dinoflagellata","Dinophyceae","Gymnodiniales","Gymnodiniaceae","Gyrodinium","Gyrodinium_helveticum"
"ASV_11287","Eukaryota","TSAR","Alveolata","Dinoflagellata","Dinophyceae","Peridiniales","Protoperidiniaceae","Protoperidinium","Protoperidinium_monovelum"
"ASV_11289","Eukaryota","TSAR","Stramenopiles","Gyrista","Mediophyceae","Thalassiosirales","Thalassiosiraceae","Thalassiosira","Thalassiosira_oceanica"
"ASV_11290","Eukaryota","Archaeplastida","Picozoa","Picozoa_subdivision_1","Picomonadea","Picomonadida","Picomonadidae","Picomonas","Picomonas_sp."
"ASV_11291","Eukaryota","TSAR","Stramenopiles","Bigyra","Opalozoa","Opalozoa_X","MAST-12","MAST-12D","MAST-12D_sp."
"ASV_11292","Eukaryota","TSAR","Stramenopiles","Gyrista","Dictyochophyceae","Dictyochophyceae_X","Pedinellales","Apedinella","Apedinella_radians"
"ASV_11293","Eukaryota","Haptista","Haptophyta","Haptophyta_X","Prymnesiophyceae","Prymnesiales","Prymnesiaceae","Prymnesium","Prymnesium_sp."
"ASV_11294","Eukaryota","TSAR","Alveolata","Ciliophora","Spirotrichea","Oligotrichida","Strombidiidae","Strombidiidae_X","Strombidiidae_X_sp."
"ASV_11295","Eukaryota:nucl","Cryptista:nucl","Cryptophyta:nucl","Cryptophyta_X:nucl","Cryptophyceae:nucl","Cryptomonadales:nucl","Cryptomonadales_X:nucl","Plagioselmis:nucl","Plagioselmis_lacustris:nucl"
"ASV_11296","Eukaryota","TSAR","Alveolata","Dinoflagellata","Syndiniales","Dino-Group-I","Dino-Group-I-Clade-1","Dino-Group-I-Clade-1_X","Dino-Group-I-Clade-1_X_sp."
"ASV_11297","Eukaryota","TSAR","Alveolata","Dinoflagellata","Dinophyceae","Gonyaulacales","Lingulodiniaceae","Amylax","Amylax_buxus"
"ASV_11298","Eukaryota","TSAR","Alveolata","Dinoflagellata","Dinophyceae","Gymnodiniales","Gymnodiniaceae","Gyrodinium","Gyrodinium_fusiforme"
"ASV_11299","Eukaryota","TSAR","Alveolata","Dinoflagellata","Dinophyceae","Gymnodiniales","Gymnodiniaceae","Lepidodinium","Lepidodinium_chlorophorum"
"ASV_11303","Eukaryota","Archaeplastida","Chlorophyta","Chlorophyta_X","Mamiellophyceae","Mamiellales","Bathycoccaceae","Ostreococcus","Ostreococcus_lucimarinus"
"ASV_11304","Eukaryota","TSAR","Stramenopiles","Bigyra","Sagenista","Labyrinthulomycetes","Labyrinthulomycetes_LAB7","Labyrinthulomycetes_LAB7_X","Labyrinthulomycetes_LAB7_X_sp."
"ASV_11305","Eukaryota","TSAR","Stramenopiles","Bigyra","Sagenista","Sagenista_X","MAST-4","MAST-4D","MAST-4D_sp."
"ASV_11306","Eukaryota","TSAR","Alveolata","Dinoflagellata","Dinophyceae","Gymnodiniales","Warnowiaceae","Warnowia","Warnowia_sp."
"ASV_11307","Eukaryota","TSAR","Stramenopiles","Bigyra","Sagenista","Sagenista_X","MAST-8","MAST-8A","MAST-8A_sp."
"ASV_11308","Eukaryota","Archaeplastida","Chlorophyta","Chlorophyta_X","Pyramimonadophyceae","Pyramimonadales","Pyramimonadaceae","Pyramimonas","Pyramimonas_gelidicola"
"ASV_11309","Eukaryota","TSAR","Stramenopiles","Bigyra","Opalozoa","Nanomonadea","MAST-3","MAST-3E","MAST-3E_sp."
"ASV_11310","Eukaryota","TSAR","Stramenopiles","Gyrista","Coscinodiscophyceae","Coscinodiscales","Hemidiscaceae","Actinocyclus","Actinocyclus_sp."
"ASV_11311","Eukaryota","TSAR","Alveolata","Dinoflagellata","Dinophyceae","Gymnodiniales","unassigned","unassigned","unassigned"
"ASV_11312","Eukaryota","TSAR","Alveolata","Dinoflagellata","Syndiniales","Dino-Group-I","Dino-Group-I-Clade-1","Dino-Group-I-Clade-1_X","Dino-Group-I-Clade-1_X_sp."
"ASV_11313","Eukaryota","TSAR","Rhizaria","Cercozoa","Filosa-Thecofilosea","Cryomonadida","Protaspa-lineage","Protaspa-lineage_X","Protaspa-lineage_X_sp."
"ASV_11314","Eukaryota","TSAR","Stramenopiles","Bigyra","Sagenista","Sagenista_X","MAST-7","MAST-7A","MAST-7A_sp."
"ASV_11315","Eukaryota","TSAR","Alveolata","Dinoflagellata","Dinophyceae","Gymnodiniales","Gymnodiniaceae","Gyrodinium","Gyrodinium_spirale"
"ASV_11316","Eukaryota","TSAR","Alveolata","Dinoflagellata","Dinophyceae","Dinophyceae_X","Dinophyceae_XX","Dinophyceae_XXX","Dinophyceae_XXX_sp."
"ASV_11317","Eukaryota","TSAR","Alveolata","Dinoflagellata","Dinophyceae","Prorocentrales","Prorocentraceae","Prorocentrum","Prorocentrum_sp."
"ASV_11318","Eukaryota","TSAR","Stramenopiles","Gyrista","MOCH-2","MOCH-2_X","MOCH-2_XX","MOCH-2_XXX","MOCH-2_XXX_sp."
"ASV_11319","Eukaryota","Haptista","Haptophyta","Haptophyta_X","Prymnesiophyceae","Prymnesiales","Prymnesiaceae","Prymnesiaceae_X","Prymnesiaceae_X_sp."
"ASV_11320","Eukaryota:nucl","Cryptista:nucl","Cryptophyta:nucl","Cryptophyta_X:nucl","Cryptophyceae:nucl","Cryptomonadales:nucl","Cryptomonadales_X:nucl","Plagioselmis:nucl","Plagioselmis_lacustris:nucl"
"ASV_11321","Eukaryota","TSAR","Alveolata","Ciliophora","Spirotrichea","Choreotrichida-Tintinnina","TIN_05","Tintinnopsis_05","Tintinnopsis_05_sp."
"ASV_11322","Eukaryota","TSAR","Telonemia","Telonemia_X","Telonemia_XX","Telonemia_XXX","Telonemia-Group-1","Telonemia-Group-1_X","Telonemia-Group-1_X_sp."
"ASV_11323","Eukaryota","Haptista","Haptophyta","Haptophyta_X","Prymnesiophyceae","Prymnesiophyceae_X","Braarudosphaeraceae","Braarudosphaeraceae_X","Braarudosphaeraceae_X_sp."
"ASV_11324","Eukaryota","TSAR","Alveolata","Dinoflagellata","Dinophyceae","unassigned","unassigned","unassigned","unassigned"
"ASV_11325","Eukaryota","TSAR","Alveolata","Dinoflagellata","Dinophyceae","unassigned","unassigned","unassigned","unassigned"
"ASV_11326","Eukaryota","TSAR","Alveolata","Dinoflagellata","Dinophyceae","Gonyaulacales","Pyrocystaceae","Alexandrium","Alexandrium_hiranoi"
"ASV_11327","Eukaryota","TSAR","Alveolata","Ciliophora","Spirotrichea","Oligotrichida","Strombidiidae","Strombidium","Strombidium_paracapitatum"
"ASV_11328","Eukaryota","TSAR","Alveolata","Ciliophora","Spirotrichea","Choreotrichida-Tintinnina","Tintinnidae","Tintinnidae_X","Tintinnidae_X_sp."
"ASV_11329","Eukaryota","TSAR","Rhizaria","Cercozoa","Filosa-Thecofilosea","Cryomonadida","Cryothecomonas-lineage","Cryothecomonas","Cryothecomonas_sp."
"ASV_11330","Eukaryota","Cryptista","Kathablepharidacea","Kathablepharida","Kathablepharidea","Kathablepharidida","Kathablepharidida_X","Kathablepharidida_XX","Kathablepharidida_XX_sp."
"ASV_11332","Eukaryota","TSAR","Alveolata","Dinoflagellata","Dinophyceae","Gymnodiniales","Gymnodiniaceae","Gyrodinium","unassigned"
"ASV_11333","Eukaryota","TSAR","Alveolata","Ciliophora","Spirotrichea","Oligotrichida","Strombidiidae","Strombidiidae_X","Strombidiidae_X_sp."
"ASV_11335","Eukaryota","TSAR","Telonemia","Telonemia_X","Telonemia_XX","Telonemia_XXX","Telonemia-Group-2","Telonemia-Group-2_X","Telonemia-Group-2_X_sp."
"ASV_11336","Eukaryota","Archaeplastida","Chlorophyta","Chlorophyta_X","Mamiellophyceae","Mamiellales","Mamiellaceae","Micromonas","Micromonas_polaris"
"ASV_11338","Eukaryota","Obazoa","Opisthokonta","Ichthyosporea","Ichthyophonida","Abeoformidae","Abeoformidae_Group_MAIP_2","Abeoformidae_Group_MAIP_2_X","Abeoformidae_Group_MAIP_2_X_sp."
"ASV_11339","Eukaryota","TSAR","Stramenopiles","Gyrista","Pelagophyceae","Pelagomonadales","Pelagomonadaceae","Aureococcus","Aureococcus_anophagefferens"
"ASV_11340","Eukaryota","TSAR","Stramenopiles","Gyrista","Mediophyceae","Chaetocerotales","Chaetocerotaceae","Chaetoceros","unassigned"
"ASV_11341","Eukaryota","Haptista","Haptophyta","Haptophyta_X","Prymnesiophyceae","Prymnesiales","Prymnesiaceae","Prymnesium","unassigned"
"ASV_11343","Eukaryota","TSAR","Stramenopiles","Bigyra","Opalozoa","Opalozoa_X","MAST-12","MAST-12D","MAST-12D_sp."
"ASV_11344","Eukaryota","TSAR","Alveolata","Dinoflagellata","Dinophyceae","unassigned","unassigned","unassigned","unassigned"
"ASV_11345","Eukaryota","TSAR","Rhizaria","Cercozoa","Filosa-Imbricatea","Filosa-Imbricatea_X","Novel-clade-2","Novel-clade-2_X","Novel-clade-2_X_sp."
"ASV_11346","Eukaryota","TSAR","Alveolata","Dinoflagellata","Dinophyceae","unassigned","unassigned","unassigned","unassigned"
"ASV_11347","Eukaryota","TSAR","Stramenopiles","Bigyra","Opalozoa","Nanomonadea","MAST-3","MAST-3I","MAST-3I_sp."
"ASV_11349","Eukaryota","TSAR","Stramenopiles","Gyrista","Mediophyceae","Chaetocerotales","Chaetocerotaceae","Chaetoceros","unassigned"
"ASV_11350","Eukaryota","TSAR","Alveolata","Dinoflagellata","Syndiniales","Dino-Group-II","Dino-Group-II-Clade-10-and-11","Dino-Group-II-Clade-10-and-11_X","Dino-Group-II-Clade-10-and-11_X_sp."
"ASV_11351","Eukaryota","TSAR","Alveolata","Dinoflagellata","Dinophyceae","unassigned","unassigned","unassigned","unassigned"
"ASV_11352","Eukaryota","TSAR","Stramenopiles","Gyrista","Pelagophyceae","Pelagomonadales","Pelagomonadales_clade_B","Pelagomonadales_clade_B1","Pelagomonadales_clade_B1_sp."
"ASV_11353","Eukaryota","TSAR","Telonemia","Telonemia_X","Telonemia_XX","Telonemia_XXX","Telonemia-Group-2","Telonema-Group-2","Telonema_antarcticum"
"ASV_11354","Eukaryota","TSAR","Stramenopiles","Bigyra","Sagenista","Labyrinthulomycetes","Labyrinthulaceae","Aplanochytrium","Aplanochytrium_sp."
"ASV_11355","Eukaryota","TSAR","Alveolata","Dinoflagellata","Dinophyceae","Gonyaulacales","Ceratiaceae","Tripos","unassigned"
"ASV_11356","Eukaryota","TSAR","Stramenopiles","Bigyra","Sagenista","Pseudophyllomitidae","MAST-6","MAST-6_X","MAST-6_X_sp."
"ASV_11357","Eukaryota","TSAR","Alveolata","Dinoflagellata","Syndiniales","Dino-Group-I","Dino-Group-I-Clade-4","Dino-Group-I-Clade-4_X","Dino-Group-I-Clade-4_X_sp."
"ASV_11358","Eukaryota","TSAR","Rhizaria","Cercozoa","Filosa-Thecofilosea","Cryomonadida","Protaspa-lineage","Protaspa-lineage_X","Protaspa-lineage_X_sp."
"ASV_11359","Eukaryota","Archaeplastida","Chlorophyta","Chlorophyta_X","Pseudoscourfieldiophyceae","Pseudoscourfieldiales","Pseudoscourfieldiaceae","Pseudoscourfieldiaceae_X","Pseudoscourfieldiaceae_X_sp."
"ASV_11360","Eukaryota","TSAR","Stramenopiles","Gyrista","Mediophyceae","Thalassiosirales","Thalassiosiraceae","Thalassiosira","Thalassiosira_sp."
"ASV_11361","Eukaryota","TSAR","Stramenopiles","Bigyra","Opalozoa","Nanomonadea","MAST-3","MAST-3E","MAST-3E_sp."
"ASV_11362","Eukaryota","TSAR","Alveolata","Dinoflagellata","Dinophyceae","Dinophyceae_X","Dinophyceae_XX","Dinophyceae_XXX","Dinophyceae_XXX_sp."
"ASV_11365","Eukaryota","TSAR","Alveolata","Dinoflagellata","Syndiniales","Dino-Group-III","Dino-Group-III_X","Dino-Group-III_XX","Dino-Group-III_XX_sp."
"ASV_11366","Eukaryota","TSAR","Stramenopiles","Gyrista","Mediophyceae","Thalassiosirales","Thalassiosiraceae","Thalassiosira","unassigned"
"ASV_11368","Eukaryota","TSAR","Alveolata","Dinoflagellata","Dinophyceae","Gymnodiniales","Warnowiaceae","Warnowia","Warnowia_sp."
"ASV_11369","Eukaryota","TSAR","Alveolata","Dinoflagellata","Syndiniales","Dino-Group-II","Dino-Group-II-Clade-1","Dino-Group-II-Clade-1_X","Dino-Group-II-Clade-1_X_sp."
"ASV_11370","Eukaryota","TSAR","Alveolata","Dinoflagellata","Syndiniales","Dino-Group-II","Dino-Group-II-Clade-10-and-11","Dino-Group-II-Clade-10-and-11_X","Dino-Group-II-Clade-10-and-11_X_sp."
"ASV_11371","Eukaryota","TSAR","Alveolata","Dinoflagellata","Dinophyceae","Gymnodiniales","Gymnodiniaceae","Gyrodinium","Gyrodinium_helveticum"
"ASV_11373","Eukaryota","Archaeplastida","Chlorophyta","Chlorophyta_X","Chlorodendrophyceae","Chlorodendrales","Chlorodendraceae","Chlorodendrales_XX","Chlorodendrales_X_sp."
"ASV_11374","Eukaryota","TSAR","Alveolata","Dinoflagellata","Dinophyceae","Gymnodiniales","Gymnodiniaceae","Gymnodinium","Gymnodinium_sp."
"ASV_11376","Eukaryota","TSAR","Alveolata","Dinoflagellata","Dinophyceae","unassigned","unassigned","unassigned","unassigned"
"ASV_11377","Eukaryota","TSAR","Rhizaria","Cercozoa","Filosa-Thecofilosea","Cryomonadida","Cryothecomonas-lineage","Cryothecomonas-lineage_X","Cryothecomonas-lineage_X_sp."
"ASV_11378","Eukaryota","TSAR","Stramenopiles","Gyrista","Mediophyceae","Thalassiosirales","Thalassiosiraceae","Thalassiosira","unassigned"
"ASV_11379","Eukaryota","TSAR","Alveolata","Dinoflagellata","Syndiniales","Dino-Group-II","Dino-Group-II-Clade-13","Dino-Group-II-Clade-13_X","Dino-Group-II-Clade-13_X_sp."
"ASV_11380","Eukaryota","TSAR","Alveolata","Dinoflagellata","Dinophyceae","Gymnodiniales","Gymnodiniaceae","Gyrodinium","unassigned"
"ASV_11381","Eukaryota:nucl","Cryptista:nucl","Cryptophyta:nucl","Cryptophyta_X:nucl","Cryptophyceae:nucl","Cryptomonadales:nucl","Cryptomonadales_X:nucl","Plagioselmis:nucl","Plagioselmis_lacustris:nucl"
"ASV_11382","Eukaryota","TSAR","Alveolata","Dinoflagellata","Syndiniales","Dino-Group-I","Dino-Group-I-Clade-4","Dino-Group-I-Clade-4_X","Dino-Group-I-Clade-4_X_sp."
"ASV_11383","Eukaryota","TSAR","Alveolata","Dinoflagellata","Dinophyceae","Gymnodiniales","Gymnodiniaceae","Gyrodinium","Gyrodinium_helveticum"
"ASV_11384","Eukaryota","TSAR","Alveolata","Dinoflagellata","Dinophyceae","Gymnodiniales","Gymnodiniaceae","Gyrodinium","Gyrodinium_helveticum"
"ASV_11386","Eukaryota","TSAR","Alveolata","Ciliophora","Spirotrichea","Choreotrichida-Tintinnina","unassigned","unassigned","unassigned"
"ASV_11387","Eukaryota","TSAR","Alveolata","Ciliophora","Spirotrichea","Choreotrichida","Strobilidiidae","Pelagostrobilidium","Pelagostrobilidium_neptuni"
"ASV_11388","Eukaryota","TSAR","Alveolata","Dinoflagellata","Syndiniales","Dino-Group-I","Dino-Group-I-Clade-1","Dino-Group-I-Clade-1_X","Dino-Group-I-Clade-1_X_sp."
"ASV_11389","Eukaryota","TSAR","Stramenopiles","Gyrista","Mediophyceae","Thalassiosirales","Thalassiosiraceae","Thalassiosira","Thalassiosira_curviseriata"
"ASV_11390","Eukaryota","TSAR","Alveolata","Dinoflagellata","Syndiniales","Dino-Group-I","Dino-Group-I-Clade-1","Dino-Group-I-Clade-1_X","Dino-Group-I-Clade-1_X_sp."
"ASV_11391","Eukaryota","TSAR","Telonemia","Telonemia_X","Telonemia_XX","Telonemia_XXX","Telonemia-Group-2","Telonemia-Group-2_X","Telonemia-Group-2_X_sp."
"ASV_11392","Eukaryota","TSAR","Alveolata","Dinoflagellata","Dinophyceae","Gymnodiniales","Gymnodiniaceae","Gymnodinium","Gymnodinium_dorsalisulcum"
"ASV_11393","Eukaryota","TSAR","Rhizaria","Cercozoa","Filosa-Thecofilosea","Cryomonadida","Protaspa-lineage","Protaspa-lineage_X","Protaspa-lineage_X_sp."
"ASV_11394","Eukaryota","TSAR","Alveolata","Ciliophora","CONThreeP","CONThreeP_X","Discotrichidae","NASSO_1","NASSO_1_sp."
"ASV_11395","Eukaryota","TSAR","Alveolata","Dinoflagellata","Dinophyceae","Gonyaulacales","Ceratiaceae","Tripos","Tripos_furca"
"ASV_11396","Eukaryota","TSAR","Rhizaria","Cercozoa","Chlorarachniophyceae","Chlorarachniophyceae_X","NPK2-lineage","NPK2-lineage_X","NPK2-lineage_X_sp."
"ASV_11397","Eukaryota","Archaeplastida","Chlorophyta","Chlorophyta_X","Pyramimonadophyceae","Pyramimonadales","Pyramimonadaceae","Pyramimonas","Pyramimonas_australis"
"ASV_11398","Eukaryota","TSAR","Alveolata","Ciliophora","Spirotrichea","Choreotrichida","Choreotrichida_X","Choreotrichida_XX","Choreotrichida_XX_sp."
"ASV_11399","Eukaryota","Cryptista","Cryptophyta","Cryptophyta_X","Cryptophyceae","Pyrenomonadales","Pyrenomonadaceae","Rhodomonas","Rhodomonas_sp."
"ASV_11400","Eukaryota","TSAR","Alveolata","Dinoflagellata","Syndiniales","Dino-Group-II","Dino-Group-II-Clade-4","Dino-Group-II-Clade-4_X","Dino-Group-II-Clade-4_X_sp."
"ASV_11401","Eukaryota","TSAR","Alveolata","Dinoflagellata","Dinophyceae","Gymnodiniales","Kareniaceae","Karlodinium","Karlodinium_veneficum"
"ASV_11402","Eukaryota","TSAR","Stramenopiles","Gyrista","Mediophyceae","Thalassiosirales","Thalassiosiraceae","Thalassiosira","unassigned"
"ASV_11403","Eukaryota","Archaeplastida","Picozoa","Picozoa_subdivision_1","Picozoa_subdivision_1B","Picozoa_subdivision_1B_X","Picozoa_subdivision_1B_XX","Picozoa_subdivision_1B_XXX","Picozoa_subdivision_1B_XXX_sp."
"ASV_11404","Eukaryota","TSAR","Stramenopiles","Gyrista","Bacillariophyceae","Bacillariales","Bacillariaceae","Fragilariopsis","Fragilariopsis_sp."
"ASV_11405","Eukaryota","TSAR","Alveolata","Dinoflagellata","Dinophyceae","Gymnodiniales","Gymnodiniaceae","Gymnodinium","Gymnodinium_sp."
"ASV_11406","Eukaryota","TSAR","Alveolata","Dinoflagellata","Dinophyceae","Gymnodiniales","Gymnodiniaceae","Gyrodinium","Gyrodinium_dominans"
"ASV_11407","Eukaryota","Haptista","Haptophyta","Haptophyta_X","Prymnesiophyceae","Prymnesiales","Prymnesiophyceae_Clade_B4","Prymnesiophyceae_Clade_B4_X","Prymnesiophyceae_Clade_B4_X_sp."
"ASV_11408","Eukaryota","TSAR","Alveolata","Ciliophora","Prostomatea","Prorodontida","Urotrichidae","Urotricha","Urotricha_sp."
"ASV_11409","Eukaryota","Archaeplastida","Picozoa","Picozoa_subdivision_3","Picozoa_subdivision_3_X","Picozoa_subdivision_3_XX","Picozoa_subdivision_3_XXX","Picozoa_subdivision_3_XXXX","Picozoa_subdivision_3_XXXX_sp."
"ASV_11410","Eukaryota","TSAR","Rhizaria","Cercozoa","Filosa-Imbricatea","Filosa-Imbricatea_X","Novel-clade-2","Novel-clade-2_X","Novel-clade-2_X_sp."
"ASV_11411","Eukaryota","TSAR","Alveolata","Dinoflagellata","Syndiniales","Dino-Group-IV","Dino-Group-IV-Syndinium-Group","Syndinium","Syndinium_sp."
"ASV_11412","Eukaryota","TSAR","Alveolata","Dinoflagellata","Dinophyceae","Peridiniales","Amphidiniopsidaceae","Islandinium","Islandinium_tricingulatum"
"ASV_11414","Eukaryota","TSAR","Alveolata","Dinoflagellata","Syndiniales","Dino-Group-I","Dino-Group-I-Clade-5","Dino-Group-I-Clade-5_X","Dino-Group-I-Clade-5_X_sp."
"ASV_11415","Eukaryota","TSAR","Alveolata","Ciliophora","Spirotrichea","Choreotrichida","Choreotrichida_X","Choreotrichida_XX","Choreotrichida_XX_sp."
"ASV_11416","Eukaryota","Obazoa","Opisthokonta","Choanoflagellata","Choanoflagellatea","Craspedida","Monosigidae_Group_M","Monosigidae_Group_M_X","Monosigidae_Group_M_X_sp."
"ASV_11417","Eukaryota","TSAR","Alveolata","Dinoflagellata","Syndiniales","Dino-Group-II","Dino-Group-II-Clade-22","Dino-Group-II-Clade-22_X","Dino-Group-II-Clade-22_X_sp."
"ASV_11418","Eukaryota","TSAR","Alveolata","Dinoflagellata","Dinophyceae","Gymnodiniales","Gymnodiniaceae","Gyrodinium","Gyrodinium_helveticum"
"ASV_11419","Eukaryota","TSAR","Alveolata","Ciliophora","Spirotrichea","Oligotrichida","Oligotrichida_X","Oligotrichida_XX","Oligotrichida_XX_sp."
"ASV_11420","Eukaryota","TSAR","Alveolata","Dinoflagellata","Dinophyceae","Peridiniales","Blastodiniaceae","Blastodinium","Blastodinium_spinulosum"
"ASV_11421","Eukaryota","TSAR","Alveolata","Dinoflagellata","Dinophyceae","Dinophyceae_X","Dinophyceae_XX","Dinophyceae_XXX","Dinophyceae_XXX_sp."
"ASV_11423","Eukaryota","TSAR","Alveolata","Ciliophora","Spirotrichea","Oligotrichida","Oligotrichida_X","Oligotrichida_XX","Oligotrichida_XX_sp."
"ASV_11424","Eukaryota","TSAR","Alveolata","Dinoflagellata","Syndiniales","Dino-Group-II","Dino-Group-II-Clade-3","Dino-Group-II-Clade-3_X","Dino-Group-II-Clade-3_X_sp."
"ASV_11425","Eukaryota","TSAR","Alveolata","Dinoflagellata","Dinophyceae","Gonyaulacales","Ceratiaceae","Tripos","Tripos_contrarius"
"ASV_11426","Eukaryota","TSAR","Alveolata","Ciliophora","Spirotrichea","Choreotrichida","Strobilidiidae","Strobilidiidae_X","Strobilidiidae_X_sp."
"ASV_11427","Eukaryota","TSAR","Alveolata","Dinoflagellata","Syndiniales","Dino-Group-II","Dino-Group-II-Clade-16","Dino-Group-II-Clade-16_X","Dino-Group-II-Clade-16_X_sp."
"ASV_11428","Eukaryota","TSAR","Stramenopiles","Gyrista","Mediophyceae","Chaetocerotales","Chaetocerotaceae","Chaetoceros","Chaetoceros_eibenii"
"ASV_11429","Eukaryota","TSAR","Alveolata","Dinoflagellata","Syndiniales","Dino-Group-II","Dino-Group-II-Clade-1","Dino-Group-II-Clade-1_X","Dino-Group-II-Clade-1_X_sp."
"ASV_11430","Eukaryota","TSAR","Stramenopiles","Gyrista","Pelagophyceae","Pelagomonadales","Pelagomonadaceae","Pelagococcus","Pelagococcus_subviridis"
"ASV_11431","Eukaryota","TSAR","Rhizaria","Cercozoa","Filosa-Thecofilosea","Cryomonadida","Protaspa-lineage","Protaspa-lineage_X","Protaspa-lineage_X_sp."
"ASV_11432","Eukaryota","TSAR","Alveolata","Dinoflagellata","Syndiniales","Dino-Group-I","Dino-Group-I-Clade-4","Dino-Group-I-Clade-4_X","Dino-Group-I-Clade-4_X_sp."
"ASV_11433","Eukaryota","Haptista","Haptophyta","Haptophyta_X","Prymnesiophyceae","Prymnesiales","Chrysochromulinaceae","Chrysochromulina","Chrysochromulina_rotalis"
"ASV_11434","Eukaryota","TSAR","Alveolata","Ciliophora","Spirotrichea","Oligotrichida","Strombidiidae","Strombidiidae_X","Strombidiidae_X_sp."
"ASV_11435","Eukaryota","TSAR","Stramenopiles","Gyrista","Peronosporomycetes","Peronosporomycetes_X","unassigned","unassigned","unassigned"
"ASV_11436","Eukaryota","TSAR","Alveolata","Dinoflagellata","Dinophyceae","unassigned","unassigned","unassigned","unassigned"
"ASV_11437","Eukaryota","TSAR","Alveolata","Dinoflagellata","Syndiniales","Dino-Group-II","Dino-Group-II-Clade-17","Dino-Group-II-Clade-17_X","Dino-Group-II-Clade-17_X_sp."
"ASV_11438","Eukaryota","TSAR","Rhizaria","Cercozoa","Filosa-Thecofilosea","Cryomonadida","Protaspa-lineage","Protaspa-lineage_X","Protaspa-lineage_X_sp."
"ASV_11439","Eukaryota","TSAR","Stramenopiles","Gyrista","Mediophyceae","Thalassiosirales","Thalassiosiraceae","Thalassiosira","Thalassiosira_sp."
"ASV_11440","Eukaryota","TSAR","Alveolata","Dinoflagellata","Dinophyceae","Gymnodiniales","Gymnodiniaceae","Gyrodinium","Gyrodinium_sp."
"ASV_11442","Eukaryota:nucl","Cryptista:nucl","Cryptophyta:nucl","Cryptophyta_X:nucl","Cryptophyceae:nucl","Cryptomonadales:nucl","Cryptomonadales_X:nucl","unassigned","unassigned"
"ASV_11443","Eukaryota","Obazoa","Opisthokonta","Choanoflagellata","Choanoflagellatea","Acanthoecida","Stephanoecidae","Bicosta","Bicosta_minor"
"ASV_11444","Eukaryota","TSAR","Alveolata","Dinoflagellata","Dinophyceae","Suessiales","Suessiaceae","Pelagodinium","Pelagodinium_beii"
"ASV_11445","Eukaryota","TSAR","Alveolata","Dinoflagellata","Syndiniales","Dino-Group-II","Dino-Group-II-Clade-1","Dino-Group-II-Clade-1_X","Dino-Group-II-Clade-1_X_sp."
"ASV_11446","Eukaryota","TSAR","Stramenopiles","Bigyra","Sagenista","Sagenista_X","MAST-7","MAST-7C","MAST-7C_sp."
"ASV_11447","Eukaryota","TSAR","Stramenopiles","Bigyra","Sagenista","Labyrinthulomycetes","Labyrinthulaceae","Aplanochytrium","Aplanochytrium_sp."
"ASV_11448","Eukaryota","TSAR","Alveolata","Dinoflagellata","Dinophyceae","Gymnodiniales","Gymnodiniaceae","Gymnodinium","unassigned"
"ASV_11450","Eukaryota","TSAR","Stramenopiles","Gyrista","Bolidophyceae","Parmales","Parmales_env_3","Parmales_env_3B","Parmales_env_3B_sp."
"ASV_11451","Eukaryota","TSAR","Rhizaria","Cercozoa","Filosa-Imbricatea","Filosa-Imbricatea_X","Novel-clade-2","Novel-clade-2_X","Novel-clade-2_X_sp."
"ASV_11452","Eukaryota","TSAR","Stramenopiles","Gyrista","Mediophyceae","Thalassiosirales","Thalassiosiraceae","Thalassiosira","Thalassiosira_anguste-lineata"
"ASV_11453","Eukaryota","Haptista","Haptophyta","Haptophyta_X","Prymnesiophyceae","Prymnesiophyceae_X","Braarudosphaeraceae","Braarudosphaera","Braarudosphaera_bigelowii"
"ASV_11454","Eukaryota","TSAR","Stramenopiles","Gyrista","Mediophyceae","Thalassiosirales","Thalassiosiraceae","Minidiscus","Minidiscus_variabilis"
"ASV_11455","Eukaryota:nucl","Cryptista:nucl","Cryptophyta:nucl","Cryptophyta_X:nucl","Cryptophyceae:nucl","Cryptomonadales:nucl","Cryptomonadales_X:nucl","Plagioselmis:nucl","Plagioselmis_lacustris:nucl"
"ASV_11458","Eukaryota","TSAR","Alveolata","Dinoflagellata","Dinophyceae","Dinophyceae_X","Dinophyceae_XX","Dinophyceae_XXX","Dinophyceae_XXX_sp."
"ASV_11460","Eukaryota","TSAR","Rhizaria","Cercozoa","Chlorarachniophyceae","Chlorarachniophyceae_X","NPK2-lineage","NPK2-lineage_X","NPK2-lineage_X_sp."
"ASV_11461","Eukaryota","TSAR","Rhizaria","Cercozoa","Filosa-Thecofilosea","Cryomonadida","Cryothecomonas-lineage","Cryothecomonas","Cryothecomonas_aestivalis"
"ASV_11462","Eukaryota","TSAR","Stramenopiles","Gyrista","Mediophyceae","Thalassiosirales","Thalassiosiraceae","Thalassiosira","Thalassiosira_gravida"
"ASV_11463","Eukaryota:nucl","Cryptista:nucl","Cryptophyta:nucl","Cryptophyta_X:nucl","Cryptophyceae:nucl","Cryptomonadales:nucl","Cryptomonadales_X:nucl","unassigned","unassigned"
"ASV_11464","Eukaryota","TSAR","Alveolata","Dinoflagellata","Dinophyceae","Gymnodiniales","Warnowiaceae","Warnowia","Warnowia_sp."
"ASV_11465","Eukaryota","TSAR","Alveolata","Dinoflagellata","Syndiniales","Dino-Group-I","Dino-Group-I-Clade-4","Dino-Group-I-Clade-4_X","Dino-Group-I-Clade-4_X_sp."
"ASV_11466","Eukaryota","TSAR","Rhizaria","Cercozoa","Filosa-Thecofilosea","Cryomonadida","Cryothecomonas-lineage","Cryothecomonas-lineage_X","Cryothecomonas-lineage_X_sp."
"ASV_11467","Eukaryota","TSAR","Alveolata","Dinoflagellata","Dinophyceae","Dinophyceae_X","Dinophyceae_XX","Dinophyceae_XXX","Dinophyceae_XXX_sp."
"ASV_11469","Eukaryota","TSAR","Rhizaria","Cercozoa","Filosa-Imbricatea","Thaumatomonadida","Thaumatomonadidae","Reckertia","Reckertia_filosa"
"ASV_11471","Eukaryota","TSAR","Alveolata","Ciliophora","Spirotrichea","Choreotrichida","Strobilidiidae","Pelagostrobilidium","Pelagostrobilidium_sp."
"ASV_11472","Eukaryota","TSAR","Stramenopiles","Gyrista","Raphidophyceae","Raphidophyceae_X","Raphidophyceae_XX","Heterosigma","Heterosigma_akashiwo"
"ASV_11473","Eukaryota","TSAR","Alveolata","Ciliophora","Spirotrichea","Oligotrichida","Oligotrichida_X","Oligotrichida_XX","Oligotrichida_XX_sp."
"ASV_11474","Eukaryota","TSAR","Stramenopiles","Gyrista","Bacillariophyceae","Bacillariales","Bacillariaceae","Pseudo-nitzschia","Pseudo-nitzschia_delicatissima"
"ASV_11475","Eukaryota","Haptista","Haptophyta","Haptophyta_X","Prymnesiophyceae","Prymnesiales","Chrysochromulinaceae","Chrysochromulina","Chrysochromulina_sp."
"ASV_11476","Eukaryota","TSAR","Alveolata","Dinoflagellata","Dinophyceae","Gymnodiniales","Gymnodiniaceae","Gyrodinium","Gyrodinium_helveticum"
"ASV_11477","Eukaryota","TSAR","Rhizaria","Cercozoa","Filosa-Thecofilosea","Filosa-Thecofilosea_X","Mataza-lineage","Mataza-lineage_X","Mataza-lineage_X_sp."
"ASV_11478","Eukaryota","TSAR","Stramenopiles","Bigyra","Opalozoa","Nanomonadea","MAST-3","MAST-3L","MAST-3L_sp."
"ASV_11479","Eukaryota","TSAR","Alveolata","Dinoflagellata","Dinophyceae","Gymnodiniales","Gymnodiniaceae","Gyrodinium","Gyrodinium_fusiforme"
"ASV_11480","Eukaryota","TSAR","Alveolata","Dinoflagellata","Syndiniales","Dino-Group-II","Dino-Group-II-Clade-1","Dino-Group-II-Clade-1_X","Dino-Group-II-Clade-1_X_sp."
"ASV_11482","Eukaryota","TSAR","Alveolata","Dinoflagellata","Dinophyceae","Gymnodiniales","Gymnodiniaceae","Gymnodinium","Gymnodinium_sp."
"ASV_11483","Eukaryota","TSAR","Alveolata","Dinoflagellata","Syndiniales","Dino-Group-I","Dino-Group-I-Clade-5","Dino-Group-I-Clade-5_X","Dino-Group-I-Clade-5_X_sp."
"ASV_11484","Eukaryota","TSAR","Stramenopiles","Gyrista","Coscinodiscophyceae","Rhizosoleniales","Rhizosoleniaceae","Rhizosolenia","Rhizosolenia_similoides"
"ASV_11485","Eukaryota","TSAR","Alveolata","Ciliophora","Spirotrichea","Oligotrichida","Strombidiidae","Strombidium","Strombidium_paracapitatum"
"ASV_11486","Eukaryota","TSAR","Alveolata","Dinoflagellata","Dinophyceae","Gymnodiniales","Gymnodiniaceae","Lepidodinium","unassigned"
"ASV_11487","Eukaryota","TSAR","Alveolata","Dinoflagellata","Dinophyceae","unassigned","unassigned","unassigned","unassigned"
"ASV_11488","Eukaryota","TSAR","Stramenopiles","Bigyra","Sagenista","Sagenista_X","MAST-4","MAST-4D","MAST-4D_sp."
"ASV_11489","Eukaryota","Cryptista","Cryptophyta","Cryptophyta_X","Cryptophyceae","Cryptomonadales","Cryptomonadales_X","Teleaulax","Teleaulax_amphioxeia"
"ASV_11490","Eukaryota","TSAR","Alveolata","Dinoflagellata","Dinophyceae","Gymnodiniales","Gymnodiniaceae","Gyrodinium","Gyrodinium_rubrum"
"ASV_11492","Eukaryota","TSAR","Alveolata","Dinoflagellata","Syndiniales","Dino-Group-I","Dino-Group-I-Clade-5","Dino-Group-I-Clade-5_X","Dino-Group-I-Clade-5_X_sp."
"ASV_11493","Eukaryota","TSAR","Stramenopiles","Gyrista","Mediophyceae","Thalassiosirales","Thalassiosiraceae","Thalassiosira","unassigned"
"ASV_11494","Eukaryota","TSAR","Alveolata","Ciliophora","Spirotrichea","Oligotrichida","Oligotrichida_X","Oligotrichida_XX","Oligotrichida_XX_sp."
"ASV_11495","Eukaryota","TSAR","Alveolata","Dinoflagellata","Dinophyceae","unassigned","unassigned","unassigned","unassigned"
"ASV_11496","Eukaryota","TSAR","Alveolata","Dinoflagellata","Syndiniales","Dino-Group-II","Dino-Group-II-Clade-10-and-11","Dino-Group-II-Clade-10-and-11_X","Dino-Group-II-Clade-10-and-11_X_sp."
"ASV_11497","Eukaryota","TSAR","Rhizaria","Cercozoa","Filosa-Thecofilosea","Cryomonadida","Protaspa-lineage","Protaspa-lineage_X","Protaspa-lineage_X_sp."
"ASV_11498","Eukaryota","TSAR","Alveolata","Dinoflagellata","Dinophyceae","Gymnodiniales","Gymnodiniaceae","Gyrodinium","unassigned"
"ASV_11500","Eukaryota","TSAR","Alveolata","Dinoflagellata","Syndiniales","Dino-Group-II","Dino-Group-II-Clade-6","Dino-Group-II-Clade-6_X","Dino-Group-II-Clade-6_X_sp."
"ASV_11501","Eukaryota","TSAR","Rhizaria","Cercozoa","Filosa-Thecofilosea","Filosa-Thecofilosea_X","Mataza-lineage","Mataza-lineage_X","Mataza-lineage_X_sp."
"ASV_11502","Eukaryota","TSAR","Stramenopiles","Gyrista","Mediophyceae","Thalassiosirales","Skeletonemaceae","Skeletonema","Skeletonema_marinoi"
"ASV_11504","Eukaryota","TSAR","Alveolata","Dinoflagellata","Dinophyceae","Suessiales","Suessiaceae","Biecheleria","Biecheleria_cincta"
"ASV_11505","Eukaryota","TSAR","Rhizaria","Cercozoa","Filosa-Thecofilosea","Ventricleftida","Ventrifissuridae","Ventrifissuridae_X","Ventrifissuridae_X_sp."
"ASV_11506","Eukaryota","TSAR","Stramenopiles","Gyrista","Bacillariophyceae","Bacillariales","Bacillariaceae","Pseudo-nitzschia","Pseudo-nitzschia_sp."
"ASV_11507","Eukaryota","TSAR","Alveolata","Dinoflagellata","Dinophyceae","Peridiniales","Blastodiniaceae","Blastodinium","Blastodinium_contortum"
"ASV_11508","Eukaryota","TSAR","Alveolata","Ciliophora","Spirotrichea","Choreotrichida-Tintinnina","Tintinnidae","Amphorides","Amphorides_quadrilineata"
"ASV_11509","Eukaryota","TSAR","Stramenopiles","Gyrista","Coscinodiscophyceae","Coscinodiscales","Hemidiscaceae","Actinocyclus","Actinocyclus_sp."
"ASV_11510","Eukaryota","TSAR","Alveolata","Dinoflagellata","Syndiniales","Dino-Group-II","Dino-Group-II-Clade-6","Dino-Group-II-Clade-6_X","Dino-Group-II-Clade-6_X_sp."
"ASV_11511","Eukaryota","TSAR","Rhizaria","Cercozoa","Filosa-Thecofilosea","Filosa-Thecofilosea_X","Filosa-Thecofilosea_XX","Filosa-Thecofilosea_XXX","Filosa-Thecofilosea_XXX_sp."
"ASV_11512","Eukaryota","Cryptista","Cryptophyta","Cryptophyta_X","Cryptophyceae","Cryptomonadales","Cryptomonadales_X","unassigned","unassigned"
"ASV_11513","Eukaryota","TSAR","Stramenopiles","Gyrista","Mediophyceae","Chaetocerotales","Leptocylindraceae","Leptocylindrus","Leptocylindrus_convexus"
"ASV_11514","Eukaryota","TSAR","Alveolata","Dinoflagellata","Syndiniales","Dino-Group-II","Dino-Group-II-Clade-32","Dino-Group-II-Clade-32_X","Dino-Group-II-Clade-32_X_sp."
"ASV_11515","Eukaryota","TSAR","Alveolata","Dinoflagellata","Dinophyceae","unassigned","unassigned","unassigned","unassigned"
"ASV_11516","Eukaryota","TSAR","Alveolata","Dinoflagellata","Syndiniales","Dino-Group-II","unassigned","unassigned","unassigned"
"ASV_11517","Eukaryota","TSAR","Alveolata","Dinoflagellata","Dinophyceae","unassigned","unassigned","unassigned","unassigned"
"ASV_11518","Eukaryota","Haptista","Centroplasthelida","Centroplasthelida_X","Pterocystida","Pterocystida_X","Pterocystida_XX","Pterocystida_XXX","Pterocystida_XXX_sp."
"ASV_11519","Eukaryota","TSAR","Stramenopiles","Gyrista","Pelagophyceae","Pelagomonadales","Pelagomonadaceae","Pelagomonadaceae_clade_C","Pelagomonadaceae_clade_C_sp."
"ASV_11520","Eukaryota","TSAR","Alveolata","Dinoflagellata","Dinophyceae","Peridiniales","Heterocapsaceae","Heterocapsa","unassigned"
"ASV_11522","Eukaryota","TSAR","Stramenopiles","Bigyra","Opalozoa","Nanomonadea","MAST-3","MAST-3D","MAST-3D_sp."
"ASV_11523","Eukaryota","TSAR","Rhizaria","Cercozoa","Filosa-Thecofilosea","Cryomonadida","Protaspa-lineage","Protaspa-lineage_X","Protaspa-lineage_X_sp."
"ASV_11524","Eukaryota","TSAR","Alveolata","Dinoflagellata","Noctilucophyceae","Noctilucales","Noctilucaceae","Noctiluca","Noctiluca_scintillans"
"ASV_11525","Eukaryota","Haptista","Haptophyta","Haptophyta_X","Prymnesiophyceae","Prymnesiales","Prymnesiaceae","Dicrateria","Dicrateria_rotunda"
"ASV_11526","Eukaryota","TSAR","Rhizaria","Cercozoa","Chlorarachniophyceae","Chlorarachniophyceae_X","NPK2-lineage","NPK2-lineage_X","NPK2-lineage_X_sp."
"ASV_11527","Eukaryota","TSAR","Alveolata","Dinoflagellata","Dinophyceae","Peridiniales","Thoracosphaeraceae","Scrippsiella","Scrippsiella_acuminata"
"ASV_11528","Eukaryota","TSAR","Stramenopiles","Gyrista","Mediophyceae","Cymatosirales","Cymatosiraceae","Brockmanniella","Brockmanniella_brockmannii"
"ASV_11529","Eukaryota","TSAR","Stramenopiles","Gyrista","Dictyochophyceae","Dictyochophyceae_X","Florenciellales","Florenciellales_X","Florenciellales_X_sp."
"ASV_11530","Eukaryota","TSAR","Alveolata","Ciliophora","CONThreeP","CONThreeP_X","CONThreeP_XX","Askenasia","Askenasia_sp."
"ASV_11531","Eukaryota","TSAR","Alveolata","Dinoflagellata","Dinophyceae","Gymnodiniales","Gymnodiniaceae","Gyrodinium","Gyrodinium_helveticum"
"ASV_11532","Eukaryota","TSAR","Rhizaria","Cercozoa","Filosa-Thecofilosea","Ebriacea","TAGIRI1-lineage","TAGIRI1-lineage_X","TAGIRI1-lineage_X_sp."
"ASV_11533","Eukaryota","TSAR","Alveolata","Dinoflagellata","Syndiniales","Dino-Group-II","Dino-Group-II-Clade-6","Dino-Group-II-Clade-6_X","Dino-Group-II-Clade-6_X_sp."
"ASV_11534","Eukaryota","TSAR","Alveolata","Dinoflagellata","Dinophyceae","unassigned","unassigned","unassigned","unassigned"
"ASV_11537","Eukaryota","TSAR","Alveolata","Dinoflagellata","Syndiniales","Dino-Group-I","Dino-Group-I-Clade-1","Dino-Group-I-Clade-1_X","Dino-Group-I-Clade-1_X_sp."
"ASV_11538","Eukaryota","TSAR","Alveolata","Dinoflagellata","Syndiniales","Dino-Group-III","Dino-Group-III_X","Dino-Group-III_XX","Dino-Group-III_XX_sp."
"ASV_11539","Eukaryota","TSAR","Stramenopiles","Gyrista","Gyrista_X","Gyrista_XX","MAST-1","MAST-1C","MAST-1C_sp."
"ASV_11540","Eukaryota","TSAR","Rhizaria","Cercozoa","Filosa-Imbricatea","Filosa-Imbricatea_X","Novel-clade-2","Novel-clade-2_X","Novel-clade-2_X_sp."
"ASV_11541","Eukaryota","TSAR","Alveolata","Dinoflagellata","Dinophyceae","Dinophyceae_X","Dinophyceae_XX","Dinophyceae_XXX","Dinophyceae_XXX_sp."
"ASV_11542","Eukaryota","TSAR","Rhizaria","Cercozoa","Filosa-Thecofilosea","Ebriacea","TAGIRI1-lineage","TAGIRI1-lineage_X","TAGIRI1-lineage_X_sp."
"ASV_11543","Eukaryota","Haptista","Haptophyta","Haptophyta_X","Prymnesiophyceae","Prymnesiophyceae_Clade_D","Prymnesiophyceae_Clade_D_X","Prymnesiophyceae_Clade_D_XX","Prymnesiophyceae_Clade_D_XX_sp."
"ASV_11545","Eukaryota","TSAR","Alveolata","Dinoflagellata","Dinophyceae","Peridiniales","Heterocapsaceae","Heterocapsa","Heterocapsa_rotundata"
"ASV_11546","Eukaryota","Archaeplastida","Prasinodermophyta","Prasinodermophyta_X","Palmophyllophyceae","Prasinococcales","Prasinococcaceae","Prasinococcus","Prasinococcus_capsulatus"
"ASV_11547","Eukaryota","Archaeplastida","Chlorophyta","Chlorophyta_X","Mamiellophyceae","Mamiellales","Mamiellaceae","Micromonas","Micromonas_bravo_B1"
"ASV_11548","Eukaryota","TSAR","Stramenopiles","Gyrista","Mediophyceae","Thalassiosirales","Thalassiosiraceae","Thalassiosira","Thalassiosira_concaviuscula"
"ASV_11550","Eukaryota","TSAR","Alveolata","Ciliophora","Spirotrichea","Choreotrichida","Choreotrichida_X","Choreotrichida_XX","Choreotrichida_XX_sp."
"ASV_11551","Eukaryota","Archaeplastida","Chlorophyta","Chlorophyta_X","Pyramimonadophyceae","Pyramimonadales","Pyramimonadales_X","Pyramimonadales_XX","Pyramimonadales_XX_sp."
"ASV_11552","Eukaryota","TSAR","Alveolata","Dinoflagellata","Dinophyceae","Gymnodiniales","unassigned","unassigned","unassigned"
"ASV_11553","Eukaryota","TSAR","Alveolata","Dinoflagellata","Dinophyceae","Gymnodiniales","Warnowiaceae","Warnowia","Warnowia_sp."
"ASV_11554","Eukaryota","TSAR","Alveolata","Ciliophora","Spirotrichea","Oligotrichida","Oligotrichida_X","Oligotrichida_XX","Oligotrichida_XX_sp."
"ASV_11555","Eukaryota","TSAR","Alveolata","Dinoflagellata","Dinophyceae","Peridiniales","unassigned","unassigned","unassigned"
"ASV_11556","Eukaryota","TSAR","Alveolata","Dinoflagellata","Dinophyceae","Gymnodiniales","Gymnodiniaceae","Gyrodinium","Gyrodinium_helveticum"
"ASV_11557","Eukaryota","TSAR","Alveolata","Ciliophora","Spirotrichea","Oligotrichida","Oligotrichida_X","Oligotrichida_XX","Oligotrichida_XX_sp."
"ASV_11559","Eukaryota","TSAR","Alveolata","Dinoflagellata","Dinophyceae","Dinophyceae_X","Dinophyceae_XX","Dinophyceae_XXX","Dinophyceae_XXX_sp."
"ASV_11560","Eukaryota","TSAR","Alveolata","Dinoflagellata","Dinophyceae","Gymnodiniales","Gymnodiniaceae","Margalefidinium","Margalefidinium_fulvescens"
"ASV_11561","Eukaryota","TSAR","Stramenopiles","Gyrista","Gyrista_X","Gyrista_XX","MAST-2","MAST-2D","MAST-2D_sp."
"ASV_11562","Eukaryota","TSAR","Alveolata","Dinoflagellata","Dinophyceae","unassigned","unassigned","unassigned","unassigned"
"ASV_11563","Eukaryota","Archaeplastida","Chlorophyta","Chlorophyta_X","Mamiellophyceae","Mamiellales","Mamiellaceae","Micromonas","Micromonas_pusilla"
"ASV_11564","Eukaryota","Haptista","Haptophyta","Haptophyta_X","Prymnesiophyceae","Phaeocystales","Phaeocystaceae","Phaeocystis","Phaeocystis_pouchetii"
"ASV_11565","Eukaryota","TSAR","Stramenopiles","Gyrista","Chrysophyceae","Ochromonadales","Ochromonadales_X","Ochromonadales_XX","Ochromonadales_XX_sp."
"ASV_11566","Eukaryota","TSAR","Stramenopiles","Gyrista","Mediophyceae","Thalassiosirales","Thalassiosiraceae","Minidiscus","Minidiscus_spinulatus"
"ASV_11567","Eukaryota","TSAR","Alveolata","Dinoflagellata","Syndiniales","Dino-Group-II","Dino-Group-II-Clade-10-and-11","Dino-Group-II-Clade-10-and-11_X","Dino-Group-II-Clade-10-and-11_X_sp."
"ASV_11568","Eukaryota","TSAR","Alveolata","Dinoflagellata","Dinophyceae","Gymnodiniales","Gymnodiniaceae","Margalefidinium","Margalefidinium_fulvescens"
"ASV_11569","Eukaryota","TSAR","Alveolata","Dinoflagellata","Dinophyceae","Gymnodiniales","Gymnodiniaceae","Gyrodinium","Gyrodinium_helveticum"
"ASV_11570","Eukaryota","TSAR","Alveolata","Dinoflagellata","Dinophyceae","Gymnodiniales","Gymnodiniaceae","Gyrodinium","Gyrodinium_helveticum"
"ASV_11572","Eukaryota","TSAR","Alveolata","Ciliophora","Spirotrichea","Oligotrichida","Strombidiidae","Strombidium","Strombidium_paracapitatum"
"ASV_11573","Eukaryota","TSAR","Stramenopiles","Gyrista","Coscinodiscophyceae","Rhizosoleniales","Rhizosoleniaceae","Guinardia","Guinardia_delicatula"
"ASV_11575","Eukaryota","TSAR","Stramenopiles","Gyrista","Mediophyceae","Chaetocerotales","Chaetocerotaceae","Chaetoceros","Chaetoceros_neogracilis"
"ASV_11576","Eukaryota","TSAR","Stramenopiles","Bigyra","Sagenista","Sagenista_X","MAST-4","MAST-4A","MAST-4A_sp."
"ASV_11577","Eukaryota","TSAR","Alveolata","Dinoflagellata","Dinophyceae","Prorocentrales","Prorocentraceae","Prorocentrum","unassigned"
"ASV_11579","Eukaryota","TSAR","Stramenopiles","Bigyra","Sagenista","Sagenista_X","MAST-7","MAST-7B","MAST-7B_sp."
"ASV_11581","Eukaryota","Cryptista","Cryptophyta","Cryptophyta_X","Cryptophyceae","Cryptomonadales","Cryptomonadales_X","Teleaulax","Teleaulax_amphioxeia"
"ASV_11582","Eukaryota","TSAR","Alveolata","Dinoflagellata","Dinophyceae","unassigned","unassigned","unassigned","unassigned"
"ASV_11583","Eukaryota","TSAR","Alveolata","Dinoflagellata","Dinophyceae","Gonyaulacales","Gonyaulacaceae","Spiniferites","Spiniferites_ramosus"
"ASV_11584","Eukaryota","Cryptista","Cryptophyta","Cryptophyta_X","Cryptophyceae","Cryptomonadales","Cryptomonadales_X","Teleaulax","Teleaulax_acuta"
"ASV_11585","Eukaryota","TSAR","Alveolata","Dinoflagellata","Syndiniales","Dino-Group-I","Dino-Group-I-Clade-1","Dino-Group-I-Clade-1_X","Dino-Group-I-Clade-1_X_sp."
"ASV_11586","Eukaryota","TSAR","Stramenopiles","Gyrista","Bacillariophyceae","Bacillariales","Bacillariaceae","Fragilariopsis","Fragilariopsis_sp."
"ASV_11587","Eukaryota","TSAR","Stramenopiles","Gyrista","Mediophyceae","Thalassiosirales","Thalassiosiraceae","Thalassiosira","unassigned"
"ASV_11588","Eukaryota","Cryptista","Cryptophyta","Cryptophyta_X","Cryptophyceae","Cryptomonadales","Cryptomonadales_X","Teleaulax","Teleaulax_sp."
"ASV_11589","Eukaryota","Archaeplastida","Chlorophyta","Chlorophyta_X","Pyramimonadophyceae","Pyramimonadales","Pyramimonadaceae","Pyramimonas","Pyramimonas_gelidicola"
"ASV_11590","Eukaryota","TSAR","Alveolata","Dinoflagellata","Syndiniales","Dino-Group-II","Dino-Group-II-Clade-16","Dino-Group-II-Clade-16_X","Dino-Group-II-Clade-16_X_sp."
"ASV_11592","Eukaryota","TSAR","Alveolata","Ciliophora","Spirotrichea","Choreotrichida-Tintinnina","Tintinnidae","Amphorellopsis","Amphorellopsis_acuta"
"ASV_11593","Eukaryota","TSAR","Alveolata","Ciliophora","Spirotrichea","Oligotrichida","Tontoniidae","Pseudotontonia","Pseudotontonia_sp."
"ASV_11594","Eukaryota","TSAR","Stramenopiles","Gyrista","Mediophyceae","Cymatosirales","Cymatosiraceae","Minutocellus","Minutocellus_polymorphus"
"ASV_11596","Eukaryota","TSAR","Alveolata","Dinoflagellata","Dinophyceae","Peridiniales","Thoracosphaeraceae","Thoracosphaeraceae_X","Thoracosphaeraceae_X_sp."
"ASV_11597","Eukaryota","TSAR","Alveolata","Dinoflagellata","Dinophyceae","Gymnodiniales","Gymnodiniaceae","Gyrodinium","Gyrodinium_dominans"
"ASV_11598","Eukaryota","Archaeplastida","Chlorophyta","Chlorophyta_X","Pyramimonadophyceae","Pyramimonadales","Pyramimonadales_X","Pyramimonadales_XX","Pyramimonadales_XX_sp."
"ASV_11600","Eukaryota","TSAR","Alveolata","Dinoflagellata","Syndiniales","Dino-Group-I","Dino-Group-I-Clade-4","Dino-Group-I-Clade-4_X","Dino-Group-I-Clade-4_X_sp."
"ASV_11601","Eukaryota","TSAR","Alveolata","Dinoflagellata","Dinophyceae","Gymnodiniales","unassigned","unassigned","unassigned"
"ASV_11602","Eukaryota","TSAR","Stramenopiles","Gyrista","Mediophyceae","Thalassiosirales","Skeletonemaceae","Skeletonema","Skeletonema_menzelii"
"ASV_11603","Eukaryota","TSAR","Stramenopiles","Bigyra","Sagenista","Labyrinthulomycetes","Thraustochytriaceae","Thraustochytriaceae_X","Thraustochytriaceae_X_sp."
"ASV_11604","Eukaryota","Haptista","Haptophyta","Haptophyta_X","Prymnesiophyceae","Prymnesiales","Chrysochromulinaceae","Chrysochromulina","Chrysochromulina_sp."
"ASV_11605","Eukaryota","TSAR","Alveolata","Dinoflagellata","Dinophyceae","Gymnodiniales","Gymnodiniaceae","Gyrodinium","Gyrodinium_helveticum"
"ASV_11606","Eukaryota","Archaeplastida","Chlorophyta","Chlorophyta_X","Pyramimonadophyceae","Pyramimonadales","Pyramimonadaceae","Pyramimonas","Pyramimonas_parkeae"
"ASV_11607","Eukaryota","TSAR","Stramenopiles","Gyrista","Gyrista_X","Gyrista_XX","MAST-1","MAST-1A","MAST-1A_sp."
"ASV_11609","Eukaryota","Archaeplastida","Chlorophyta","Chlorophyta_X","Mamiellophyceae","Mamiellales","Mamiellaceae","Micromonas","Micromonas_commoda_A2"
"ASV_11610","Eukaryota","Haptista","Haptophyta","Haptophyta_X","Prymnesiophyceae","Prymnesiales","Prymnesiaceae","Prymnesium","Prymnesium_parvum"
"ASV_11611","Eukaryota","TSAR","Alveolata","Dinoflagellata","Dinophyceae","Gymnodiniales","Kareniaceae","Karlodinium","Karlodinium_veneficum"
"ASV_11612","Eukaryota","TSAR","Alveolata","Dinoflagellata","Dinophyceae","Gymnodiniales","Gymnodiniaceae","Gyrodinium","Gyrodinium_fusiforme"
"ASV_11617","Eukaryota","TSAR","Alveolata","Ciliophora","Spirotrichea","Oligotrichida","Strombidiidae","unassigned","unassigned"
"ASV_11619","Eukaryota","TSAR","Stramenopiles","Gyrista","Mediophyceae","Thalassiosirales","Thalassiosiraceae","unassigned","unassigned"
"ASV_11620","Eukaryota","TSAR","Alveolata","Dinoflagellata","Dinophyceae","Peridiniales","Heterocapsaceae","Heterocapsa","Heterocapsa_steinii"
"ASV_11621","Eukaryota","TSAR","Stramenopiles","Gyrista","Mediophyceae","Chaetocerotales","Chaetocerotaceae","Chaetoceros","Chaetoceros_socialis"
"ASV_11622","Eukaryota","TSAR","Stramenopiles","Gyrista","Mediophyceae","Thalassiosirales","Thalassiosiraceae","Thalassiosira","unassigned"
"ASV_11623","Eukaryota","Archaeplastida","Chlorophyta","Chlorophyta_X","Mamiellophyceae","Mamiellales","Bathycoccaceae","Ostreococcus","Ostreococcus_lucimarinus"
"ASV_11624","Eukaryota","Haptista","Haptophyta","Haptophyta_X","Prymnesiophyceae","Phaeocystales","Phaeocystaceae","Phaeocystis","Phaeocystis_globosa"
"ASV_11625","Eukaryota","TSAR","Stramenopiles","Gyrista","Mediophyceae","Thalassiosirales","Thalassiosiraceae","Conticribra","Conticribra_weissflogii"
"ASV_11626","Eukaryota","TSAR","Alveolata","Dinoflagellata","Dinophyceae","Gymnodiniales","Gymnodiniaceae","Gyrodinium","Gyrodinium_helveticum"
"ASV_11629","Eukaryota","TSAR","Stramenopiles","Gyrista","Mediophyceae","Eupodiscales","Odontellaceae","Odontella","Odontella_rostrata"
"ASV_11630","Eukaryota","Haptista","Haptophyta","Haptophyta_X","Prymnesiophyceae","Isochrysidales","Noelaerhabdaceae","Gephyrocapsa","Gephyrocapsa_oceanica"
"ASV_11631","Eukaryota","TSAR","Alveolata","Dinoflagellata","Dinophyceae","Gymnodiniales","Gymnodiniaceae","Gyrodinium","Gyrodinium_spirale"
"ASV_11632","Eukaryota","Haptista","Haptophyta","Haptophyta_X","Prymnesiophyceae","Isochrysidales","Isochrysidaceae","Isochrysis","Isochrysis_galbana"
"ASV_11633","Eukaryota","TSAR","Alveolata","Dinoflagellata","Dinophyceae","Prorocentrales","Prorocentraceae","Prorocentrum","Prorocentrum_rhathymum"
"ASV_11634","Eukaryota","TSAR","Alveolata","Dinoflagellata","Syndiniales","Dino-Group-I","Dino-Group-I-Clade-1","Dino-Group-I-Clade-1_X","Dino-Group-I-Clade-1_X_sp."
"ASV_11635","Eukaryota","TSAR","Stramenopiles","Gyrista","Coscinodiscophyceae","Melosirales","Melosiraceae","Melosira","Melosira_arctica"
"ASV_11636","Eukaryota","TSAR","Stramenopiles","Gyrista","Mediophyceae","Chaetocerotales","Chaetocerotaceae","Chaetoceros","unassigned"
"ASV_11637","Eukaryota","TSAR","Alveolata","Dinoflagellata","Dinophyceae","Gonyaulacales","Ceratiaceae","Tripos","Tripos_fusus"
"ASV_11638","Eukaryota","TSAR","Alveolata","Dinoflagellata","Dinophyceae","Gymnodiniales","Gymnodiniaceae","Gyrodinium","Gyrodinium_fusiforme"
"ASV_11639","Eukaryota","TSAR","Rhizaria","Cercozoa","Filosa-Thecofilosea","Ebriacea","Ebriidae","Ebria","Ebria_tripartita"
"ASV_11640","Eukaryota","TSAR","Stramenopiles","Gyrista","Bacillariophyceae","Bacillariales","Bacillariaceae","Pseudo-nitzschia","unassigned"
"ASV_11642","Eukaryota","TSAR","Alveolata","Dinoflagellata","Dinophyceae","Gymnodiniales","Gymnodiniaceae","Gymnodinium","Gymnodinium_sp."
"ASV_11643","Eukaryota","Cryptista","Cryptophyta","Cryptophyta_X","Cryptophyceae","Cryptomonadales","Cryptomonadales_X","Geminigera","Geminigera_cryophila"
"ASV_11644","Eukaryota","TSAR","Alveolata","Dinoflagellata","Dinophyceae","Gymnodiniales","Gymnodiniaceae","Gyrodinium","Gyrodinium_rubrum"
"ASV_11645","Eukaryota","Archaeplastida","Chlorophyta","Chlorophyta_X","Mamiellophyceae","Mamiellales","Mamiellaceae","Micromonas","Micromonas_bravo_B2"
"ASV_11646","Eukaryota","TSAR","Stramenopiles","Gyrista","Pelagophyceae","Pelagomonadales","Pelagomonadales_clade_A","Pelagomonadales_clade_A1","Pelagomonadales_clade_A1_sp."
"ASV_11647","Eukaryota","TSAR","Alveolata","Dinoflagellata","Dinophyceae","Gymnodiniales","Chytriodiniaceae","Dissodinium","Dissodinium_pseudolunula"
"ASV_11648","Eukaryota","TSAR","Alveolata","Ciliophora","Spirotrichea","Oligotrichida","Oligotrichida_X","Oligotrichida_XX","Oligotrichida_XX_sp."
"ASV_11649","Eukaryota","Cryptista","Cryptophyta","Cryptophyta_X","Cryptophyceae","Cryptomonadales","Cryptomonadales_X","Teleaulax","Teleaulax_gracilis"
"ASV_11650","Eukaryota","TSAR","Stramenopiles","Gyrista","Mediophyceae","Thalassiosirales","Thalassiosiraceae","Minidiscus","Minidiscus_variabilis"
"ASV_11651","Eukaryota","TSAR","Alveolata","Dinoflagellata","Dinophyceae","Gymnodiniales","Gymnodiniaceae","Gymnodinium","Gymnodinium_sp."
"ASV_11652","Eukaryota","TSAR","Alveolata","Dinoflagellata","Dinophyceae","Peridiniales","Heterocapsaceae","Heterocapsa","unassigned"
"ASV_11653","Eukaryota","TSAR","Alveolata","Dinoflagellata","Dinophyceae","Gymnodiniales","Gymnodiniaceae","Gyrodinium","Gyrodinium_helveticum"
"ASV_11654","Eukaryota","TSAR","Alveolata","Dinoflagellata","Dinophyceae","Gonyaulacales","Gonyaulacaceae","Spiniferites","Spiniferites_ramosus"
"ASV_11655","Eukaryota","TSAR","Stramenopiles","Gyrista","Bacillariophyceae","Fragilariales","Staurosiraceae","Plagiostriata","Plagiostriata_goreensis"
"ASV_11656","Eukaryota","TSAR","Stramenopiles","Gyrista","Mediophyceae","Thalassiosirales","Thalassiosiraceae","Thalassiosira","unassigned"
"ASV_11657","Eukaryota","Archaeplastida","Prasinodermophyta","Prasinodermophyta_X","Palmophyllophyceae","Prasinococcales","Prasinococcaceae","Prasinococcus","Prasinococcus_capsulatus"
"ASV_11658","Eukaryota","TSAR","Stramenopiles","Gyrista","Mediophyceae","Cymatosirales","Cymatosiraceae","unassigned","unassigned"
"ASV_11659","Eukaryota","TSAR","Alveolata","Dinoflagellata","Dinophyceae","Suessiales","Suessiaceae","Biecheleria","Biecheleria_cincta"
"ASV_11660","Eukaryota","TSAR","Alveolata","Dinoflagellata","Syndiniales","Dino-Group-I","Dino-Group-I-Clade-1","Dino-Group-I-Clade-1_X","Dino-Group-I-Clade-1_X_sp."
"ASV_11661","Eukaryota","TSAR","Alveolata","Dinoflagellata","Dinophyceae","Peridiniales","Heterocapsaceae","Heterocapsa","Heterocapsa_nei/rotundata"
"ASV_11662","Eukaryota","TSAR","Stramenopiles","Gyrista","Mediophyceae","Thalassiosirales","Thalassiosiraceae","Thalassiosira","Thalassiosira_hispida"
"ASV_11663","Eukaryota","TSAR","Alveolata","Dinoflagellata","Dinophyceae","Gymnodiniales","Gymnodiniaceae","Gyrodinium","unassigned"
"ASV_11664","Eukaryota","TSAR","Alveolata","Dinoflagellata","Dinophyceae","Gonyaulacales","Ceratiaceae","Tripos","Tripos_furca"
"ASV_11665","Eukaryota","Cryptista","Cryptophyta","Cryptophyta_X","Cryptophyceae","Cryptomonadales","Cryptomonadales_X","Plagioselmis","Plagioselmis_prolonga"
"ASV_11666","Eukaryota","TSAR","Alveolata","Dinoflagellata","Dinophyceae","Gymnodiniales","unassigned","unassigned","unassigned"
"ASV_11667","Eukaryota","TSAR","Alveolata","Dinoflagellata","Dinophyceae","Gonyaulacales","Pyrocystaceae","Alexandrium","Alexandrium_minutum"
"ASV_11668","Eukaryota","Archaeplastida","Chlorophyta","Chlorophyta_X","Mamiellophyceae","Mamiellales","Bathycoccaceae","Bathycoccus","Bathycoccus_prasinos"
"ASV_11669","Eukaryota","Archaeplastida","Chlorophyta","Chlorophyta_X","Pyramimonadophyceae","Pyramimonadales","Pyramimonadales_X","Pyramimonadales_XX","Pyramimonadales_XX_sp."
"ASV_11670","Eukaryota","TSAR","Alveolata","Dinoflagellata","Dinophyceae","Gymnodiniales","Gymnodiniaceae","Gyrodinium","Gyrodinium_rubrum"
"ASV_11671","Eukaryota","TSAR","Alveolata","Dinoflagellata","Syndiniales","Dino-Group-II","Dino-Group-II-Clade-10-and-11","Dino-Group-II-Clade-10-and-11_X","Dino-Group-II-Clade-10-and-11_X_sp."
"ASV_11672","Eukaryota","TSAR","Stramenopiles","Bigyra","Sagenista","Sagenista_X","MAST-7","MAST-7A","MAST-7A_sp."
"ASV_11673","Eukaryota","TSAR","Alveolata","Dinoflagellata","Dinophyceae","Gonyaulacales","Ceratiaceae","Tripos","Tripos_furca"
"ASV_11674","Eukaryota","TSAR","Alveolata","Dinoflagellata","Dinophyceae","Torodiniales","Torodiniaceae","Torodinium","Torodinium_robustum"
"ASV_11675","Eukaryota","TSAR","Stramenopiles","Gyrista","Bacillariophyceae","Bacillariophyceae_X","Bacillariophyceae_XX","Bacillariophyceae_XXX","Bacillariophyceae_XXX_sp."
"ASV_11676","Eukaryota","TSAR","Alveolata","Ciliophora","CONTH_7","CONTH_7_X","CONTH_7_XX","CONTH_7_XXX","CONTH_7_XXX_sp."
"ASV_11677","Eukaryota","TSAR","Alveolata","Dinoflagellata","Syndiniales","Dino-Group-II","Dino-Group-II-Clade-10-and-11","Dino-Group-II-Clade-10-and-11_X","Dino-Group-II-Clade-10-and-11_X_sp."
"ASV_11678","Eukaryota","TSAR","Alveolata","Ciliophora","Spirotrichea","Oligotrichida","Strombidiidae","Strombidiidae_X","Strombidiidae_X_sp."
"ASV_11679","Eukaryota","Haptista","Haptophyta","Haptophyta_X","Prymnesiophyceae","Prymnesiales","Chrysochromulinaceae","Chrysochromulina","Chrysochromulina_sp."
"ASV_11680","Eukaryota","TSAR","Telonemia","Telonemia_X","Telonemia_XX","Telonemia_XXX","Telonemia-Group-1","Telonemia-Group-1_X","Telonemia-Group-1_X_sp."
"ASV_11681","Eukaryota","TSAR","Stramenopiles","Gyrista","Mediophyceae","Chaetocerotales","Chaetocerotaceae","Chaetoceros","Chaetoceros_sporotruncatus"
"ASV_11682","Eukaryota","TSAR","Alveolata","Ciliophora","Spirotrichea","Oligotrichida","Strombidiidae","Strombidiidae_X","Strombidiidae_X_sp."
"ASV_11683","Eukaryota","TSAR","Rhizaria","Cercozoa","Filosa-Thecofilosea","Cryomonadida","Protaspa-lineage","Protaspa-lineage_X","Protaspa-lineage_X_sp."
"ASV_11684","Eukaryota","TSAR","Stramenopiles","Gyrista","Mediophyceae","Chaetocerotales","Chaetocerotaceae","Chaetoceros","Chaetoceros_gelidus"
"ASV_11686","Eukaryota","TSAR","Stramenopiles","Gyrista","Mediophyceae","Thalassiosirales","Thalassiosiraceae","Thalassiosira","Thalassiosira_eccentrica"
"ASV_11687","Eukaryota","TSAR","Alveolata","Dinoflagellata","Dinophyceae","unassigned","unassigned","unassigned","unassigned"
"ASV_11689","Eukaryota","TSAR","Stramenopiles","Gyrista","Mediophyceae","Thalassiosirales","Thalassiosiraceae","Thalassiosira","Thalassiosira_sp."
"ASV_11690","Eukaryota","TSAR","Rhizaria","Cercozoa","Filosa-Thecofilosea","Ebriacea","TAGIRI1-lineage","TAGIRI1-lineage_X","TAGIRI1-lineage_X_sp."
"ASV_11692","Eukaryota","TSAR","Alveolata","Dinoflagellata","Dinophyceae","Dinophysales","Dinophysaceae","Dinophysis","Dinophysis_acuminata"
"ASV_11693","Eukaryota","TSAR","Alveolata","Dinoflagellata","Dinophyceae","Torodiniales","Torodiniaceae","Torodinium","Torodinium_robustum"
"ASV_11694","Eukaryota","TSAR","Stramenopiles","Gyrista","Pelagophyceae","Pelagomonadales","Pelagomonadaceae","Pelagomonas","Pelagomonas_calceolata"
"ASV_11695","Eukaryota","TSAR","Stramenopiles","Gyrista","Pelagophyceae","Pelagomonadales","Pelagomonadales_clade_B","Pelagomonadales_clade_B1","Pelagomonadales_clade_B1_sp."
"ASV_11696","Eukaryota","TSAR","Alveolata","Dinoflagellata","Dinophyceae","Gymnodiniales","Gymnodiniaceae","Gyrodinium","Gyrodinium_fusiforme"
"ASV_11697","Eukaryota","TSAR","Alveolata","Dinoflagellata","Syndiniales","Dino-Group-I","Dino-Group-I-Clade-5","Dino-Group-I-Clade-5_X","Dino-Group-I-Clade-5_X_sp."
"ASV_11698","Eukaryota","TSAR","Stramenopiles","Bigyra","Sagenista","Sagenista_X","MAST-4","MAST-4E","MAST-4E_sp."
"ASV_11700","Eukaryota","TSAR","Alveolata","Dinoflagellata","Dinophyceae","unassigned","unassigned","unassigned","unassigned"
"ASV_11701","Eukaryota","TSAR","Alveolata","Dinoflagellata","Dinophyceae","unassigned","unassigned","unassigned","unassigned"
"ASV_11702","Eukaryota","TSAR","Rhizaria","Cercozoa","Filosa-Thecofilosea","Cryomonadida","Cryothecomonas-lineage","Cryothecomonas","Cryothecomonas_aestivalis"
"ASV_11703","Eukaryota","Haptista","Haptophyta","Haptophyta_X","Prymnesiophyceae","Prymnesiales","Chrysochromulinaceae","Chrysochromulina","Chrysochromulina_sp."
"ASV_11704","Eukaryota","Haptista","Haptophyta","Haptophyta_X","Prymnesiophyceae","Phaeocystales","Phaeocystaceae","Phaeocystis","Phaeocystis_cordata"
"ASV_11706","Eukaryota","TSAR","Alveolata","Dinoflagellata","Syndiniales","Dino-Group-I","Dino-Group-I-Clade-5","Dino-Group-I-Clade-5_X","Dino-Group-I-Clade-5_X_sp."
"ASV_11707","Eukaryota","TSAR","Rhizaria","Cercozoa","Filosa-Thecofilosea","Cryomonadida","Protaspa-lineage","Protaspa-lineage_X","Protaspa-lineage_X_sp."
"ASV_11708","Eukaryota","TSAR","Alveolata","Ciliophora","Spirotrichea","Choreotrichida","Choreotrichida_X","Choreotrichida_XX","Choreotrichida_XX_sp."
"ASV_11709","Eukaryota","TSAR","Stramenopiles","Gyrista","Mediophyceae","Thalassiosirales","Thalassiosiraceae","Thalassiosira","Thalassiosira_minima"
"ASV_11710","Eukaryota","TSAR","Alveolata","Ciliophora","Spirotrichea","Choreotrichida-Tintinnina","Xystonellidae","unassigned","unassigned"
"ASV_11711","Eukaryota","TSAR","Alveolata","Ciliophora","Spirotrichea","Choreotrichida-Tintinnina","Stenosemellidae","Stenosemella","Stenosemella_pacifica"
"ASV_11712","Eukaryota","TSAR","Alveolata","Dinoflagellata","Dinophyceae","Gymnodiniales","Gymnodiniaceae","Gymnodinium","Gymnodinium_dorsalisulcum"
"ASV_11714","Eukaryota","TSAR","Alveolata","Dinoflagellata","Syndiniales","Dino-Group-I","Dino-Group-I-Clade-4","Dino-Group-I-Clade-4_X","Dino-Group-I-Clade-4_X_sp."
"ASV_11715","Eukaryota","TSAR","Stramenopiles","Gyrista","Mediophyceae","Chaetocerotales","Chaetocerotaceae","Chaetoceros","Chaetoceros_decipiens"
"ASV_11716","Eukaryota","TSAR","Alveolata","Dinoflagellata","Dinophyceae","Gonyaulacales","Gonyaulacaceae","Spiniferites","Spiniferites_ramosus"
"ASV_11717","Eukaryota","TSAR","Rhizaria","Cercozoa","Filosa-Thecofilosea","Ebriacea","Ebriidae","Ebria","Ebria_tripartita"
"ASV_11718","Eukaryota","TSAR","Alveolata","Dinoflagellata","Dinophyceae","Peridiniales","Thoracosphaeraceae","Stoeckeria","Stoeckeria_algicida"
"ASV_11719","Eukaryota","TSAR","Alveolata","Ciliophora","Spirotrichea","Oligotrichida","Strombidiidae","unassigned","unassigned"
"ASV_11720","Eukaryota","Haptista","Haptophyta","Haptophyta_X","Prymnesiophyceae","Prymnesiophyceae_Clade_F","Prymnesiophyceae_Clade_F_X","Prymnesiophyceae_Clade_F_XX","Prymnesiophyceae_Clade_F_XX_sp."
"ASV_11721","Eukaryota","TSAR","Stramenopiles","Gyrista","Dictyochophyceae","Dictyochophyceae_X","Dictyochales","Dictyocha","Dictyocha_sp."
"ASV_11722","Eukaryota","Obazoa","Opisthokonta","Choanoflagellata","Choanoflagellatea","Craspedida","Monosigidae_Group_B","Monosigidae_Group_B_X","Monosigidae_Group_B_X_sp."
"ASV_11723","Eukaryota","TSAR","Alveolata","Ciliophora","Spirotrichea","Oligotrichida","Strombidiidae","Strombidiidae_X","Strombidiidae_X_sp."
"ASV_11724","Eukaryota","TSAR","Alveolata","Dinoflagellata","Syndiniales","Dino-Group-II","Dino-Group-II-Clade-7","Dino-Group-II-Clade-7_X","Dino-Group-II-Clade-7_X_sp."
"ASV_11725","Eukaryota","TSAR","Alveolata","Dinoflagellata","Dinophyceae","Gymnodiniales","Gymnodiniaceae","Gyrodinium","Gyrodinium_fusiforme"
"ASV_11726","Eukaryota","TSAR","Stramenopiles","Gyrista","Bacillariophyceae","Bacillariales","Bacillariaceae","Fragilariopsis","Fragilariopsis_cylindrus"
"ASV_11727","Eukaryota","TSAR","Rhizaria","Cercozoa","Chlorarachniophyceae","Chlorarachniophyceae_X","NPK2-lineage","NPK2-lineage_X","NPK2-lineage_X_sp."
"ASV_11728","Eukaryota","Obazoa","Opisthokonta","Choanoflagellata","Choanoflagellatea","Acanthoecida","unassigned","unassigned","unassigned"
"ASV_11730","Eukaryota","TSAR","Rhizaria","Cercozoa","Filosa-Thecofilosea","Filosa-Thecofilosea_X","Mataza-lineage","Mataza-lineage_X","Mataza-lineage_X_sp."
"ASV_11731","Eukaryota","Archaeplastida","Picozoa","Picozoa_subdivision_3","Picozoa_subdivision_3_X","Picozoa_subdivision_3_XX","Picozoa_subdivision_3_XXX","Picozoa_subdivision_3_XXXX","Picozoa_subdivision_3_XXXX_sp."
"ASV_11732","Eukaryota:nucl","Cryptista:nucl","Cryptophyta:nucl","Cryptophyta_X:nucl","Cryptophyceae:nucl","Cryptomonadales:nucl","Cryptomonadales_X:nucl","Plagioselmis:nucl","Plagioselmis_lacustris:nucl"
"ASV_11734","Eukaryota","TSAR","Stramenopiles","Gyrista","Peronosporomycetes","Peronosporomycetes_X","unassigned","unassigned","unassigned"
"ASV_11735","Eukaryota","Cryptista","Cryptophyta","Cryptophyta_X","Cryptophyceae","unassigned","unassigned","unassigned","unassigned"
"ASV_11736","Eukaryota","TSAR","Alveolata","Dinoflagellata","Syndiniales","Dino-Group-III","Dino-Group-III_X","Dino-Group-III_XX","Dino-Group-III_XX_sp."
"ASV_11737","Eukaryota","TSAR","Alveolata","Dinoflagellata","Dinophyceae","Gymnodiniales","Gymnodiniaceae","Gyrodinium","Gyrodinium_helveticum"
"ASV_11738","Eukaryota","TSAR","Stramenopiles","Gyrista","Gyrista_X","Gyrista_XX","MAST-1","MAST-1C","MAST-1C_sp."
"ASV_11739","Eukaryota","Haptista","Haptophyta","Haptophyta_X","Prymnesiophyceae","Prymnesiales","Chrysochromulinaceae","Chrysochromulina","Chrysochromulina_sp."
"ASV_11740","Eukaryota","TSAR","Alveolata","Ciliophora","Spirotrichea","Choreotrichida","Strobilidiidae","Pelagostrobilidium","Pelagostrobilidium_sp."
"ASV_11742","Eukaryota","Haptista","Haptophyta","Haptophyta_X","Prymnesiophyceae","Prymnesiales","Chrysochromulinaceae","Chrysochromulina","Chrysochromulina_sp."
"ASV_11743","Eukaryota","TSAR","Alveolata","Dinoflagellata","Dinophyceae","Gymnodiniales","Gymnodiniaceae","Balechina","Balechina_pachydermata"
"ASV_11745","Eukaryota","TSAR","Alveolata","Dinoflagellata","Dinophyceae","Prorocentrales","Prorocentraceae","Prorocentrum","Prorocentrum_sp."
"ASV_11746","Eukaryota","Haptista","Haptophyta","Haptophyta_X","Prymnesiophyceae","Prymnesiales","Chrysochromulinaceae","Chrysochromulina","Chrysochromulina_sp."
"ASV_11749","Eukaryota","TSAR","Alveolata","Dinoflagellata","Dinophyceae","Gymnodiniales","Gymnodiniaceae","Gyrodinium","Gyrodinium_helveticum"
"ASV_11750","Eukaryota","TSAR","Stramenopiles","Gyrista","Bacillariophyceae","unassigned","unassigned","unassigned","unassigned"
"ASV_11751","Eukaryota","TSAR","Alveolata","Dinoflagellata","Dinophyceae","Gonyaulacales","Gonyaulacaceae","Spiniferites","Spiniferites_ramosus"
"ASV_11752","Eukaryota","TSAR","Alveolata","Dinoflagellata","Dinophyceae","Gymnodiniales","Gymnodiniaceae","Gyrodinium","unassigned"
"ASV_11754","Eukaryota","TSAR","Stramenopiles","Bigyra","Sagenista","Sagenista_X","MAST-7","MAST-7A","MAST-7A_sp."
"ASV_11755","Eukaryota","TSAR","Stramenopiles","Gyrista","Pelagophyceae","Pelagomonadales","Pelagomonadales_clade_B","unassigned","unassigned"
"ASV_11756","Eukaryota","TSAR","Alveolata","Dinoflagellata","Syndiniales","Dino-Group-II","Dino-Group-II-Clade-4","Dino-Group-II-Clade-4_X","Dino-Group-II-Clade-4_X_sp."
"ASV_11757","Eukaryota","TSAR","Alveolata","Ciliophora","Spirotrichea","Choreotrichida","Choreotrichida_X","Choreotrichida_XX","Choreotrichida_XX_sp."
"ASV_11758","Eukaryota","Archaeplastida","Chlorophyta","Chlorophyta_X","Mamiellophyceae","Mamiellales","Bathycoccaceae","Ostreococcus","Ostreococcus_lucimarinus"
"ASV_11759","Eukaryota","Archaeplastida","Picozoa","Picozoa_subdivision_1","Picomonadea","Picomonadea_X","Picomonadea_XX","Picomonadea_XXX","Picomonadea_XXX_sp."
"ASV_11760","Eukaryota","TSAR","Alveolata","Dinoflagellata","Syndiniales","Dino-Group-II","Dino-Group-II-Clade-10-and-11","Dino-Group-II-Clade-10-and-11_X","Dino-Group-II-Clade-10-and-11_X_sp."
"ASV_11761","Eukaryota","TSAR","Alveolata","Dinoflagellata","Syndiniales","Dino-Group-I","Dino-Group-I-Clade-5","Dino-Group-I-Clade-5_X","Dino-Group-I-Clade-5_X_sp."
"ASV_11762","Eukaryota","TSAR","Alveolata","Dinoflagellata","Dinophyceae","Prorocentrales","Prorocentraceae","Prorocentrum","Prorocentrum_triestinum"
"ASV_11764","Eukaryota","TSAR","Telonemia","Telonemia_X","Telonemia_XX","Telonemia_XXX","Telonemia-Group-2","Telonemia-Group-2_X","Telonemia-Group-2_X_sp."
"ASV_11766","Eukaryota","Haptista","Haptophyta","Haptophyta_X","Prymnesiophyceae","Prymnesiales","Chrysochromulinaceae","Chrysochromulina","unassigned"
"ASV_11767","Eukaryota","TSAR","Stramenopiles","Gyrista","Mediophyceae","Thalassiosirales","Thalassiosiraceae","Mediolabrus","Mediolabrus_comicus"
"ASV_11768","Eukaryota","TSAR","Alveolata","Dinoflagellata","Syndiniales","Dino-Group-II","Dino-Group-II-Clade-10-and-11","Dino-Group-II-Clade-10-and-11_X","Dino-Group-II-Clade-10-and-11_X_sp."
"ASV_11769","Eukaryota","TSAR","Alveolata","Dinoflagellata","Dinophyceae","Gymnodiniales","Gymnodiniaceae","Gyrodinium","Gyrodinium_rubrum"
"ASV_11770","Eukaryota","TSAR","Stramenopiles","Gyrista","Dictyochophyceae","Dictyochophyceae_X","Florenciellales","Florenciella","Florenciella_parvula"
"ASV_11771","Eukaryota","Archaeplastida","Chlorophyta","Chlorophyta_X","Trebouxiophyceae","Chlorellales","Chlorellales_X","Picochlorum","Picochlorum_sp."
"ASV_11772","Eukaryota","Archaeplastida","Picozoa","Picozoa_subdivision_1","Picomonadea","Picomonadida","Picomonadidae","Picomonas","Picomonas_sp."
"ASV_11773","Eukaryota","Haptista","Haptophyta","Haptophyta_X","Prymnesiophyceae","Prymnesiophyceae_Clade_E","Prymnesiophyceae_Clade_E_X","Prymnesiophyceae_Clade_E_XX","Prymnesiophyceae_Clade_E_XX_sp."
"ASV_11774","Eukaryota","TSAR","Alveolata","Dinoflagellata","Dinophyceae","unassigned","unassigned","unassigned","unassigned"
"ASV_11775","Eukaryota","TSAR","Alveolata","Dinoflagellata","Syndiniales","Dino-Group-I","Dino-Group-I-Clade-1","Dino-Group-I-Clade-1_X","Dino-Group-I-Clade-1_X_sp."
"ASV_11776","Eukaryota","TSAR","Alveolata","Dinoflagellata","Syndiniales","Dino-Group-I","Dino-Group-I-Clade-3","Dino-Group-I-Clade-3_X","Dino-Group-I-Clade-3_X_sp."
"ASV_11777","Eukaryota","TSAR","Alveolata","Dinoflagellata","Dinophyceae","Gymnodiniales","Gymnodiniaceae","Gyrodinium","Gyrodinium_helveticum"
"ASV_11778","Eukaryota","TSAR","Alveolata","Dinoflagellata","Dinophyceae","Gonyaulacales","Gonyaulacaceae","Gonyaulax","Gonyaulax_membranaceae"
"ASV_11779","Eukaryota","TSAR","Telonemia","Telonemia_X","Telonemia_XX","Telonemia_XXX","Telonemia-Group-2","Telonemia-Group-2_X","Telonemia-Group-2_X_sp."
"ASV_11780","Eukaryota","TSAR","Alveolata","Dinoflagellata","Syndiniales","Dino-Group-II","Dino-Group-II-Clade-4","Dino-Group-II-Clade-4_X","Dino-Group-II-Clade-4_X_sp."
"ASV_11781","Eukaryota","TSAR","Rhizaria","Cercozoa","unassigned","unassigned","unassigned","unassigned","unassigned"
"ASV_11782","Eukaryota","TSAR","Alveolata","Dinoflagellata","Dinophyceae","unassigned","unassigned","unassigned","unassigned"
"ASV_11783","Eukaryota","TSAR","Stramenopiles","Bigyra","Opalozoa","Opalozoa_X","MAST-12","MAST-12_X","MAST-12_X_sp."
"ASV_11784","Eukaryota","Archaeplastida","Picozoa","Picozoa_subdivision_1","Picomonadea","Picomonadida","Picomonadidae","Picomonas","Picomonas_sp."
"ASV_11785","Eukaryota","TSAR","Alveolata","Ciliophora","Spirotrichea","Oligotrichida","Strombidiidae","Strombidium","Strombidium_capitatum"
"ASV_11786","Eukaryota","TSAR","Alveolata","Dinoflagellata","Syndiniales","Dino-Group-II","Dino-Group-II-Clade-6","Dino-Group-II-Clade-6_X","Dino-Group-II-Clade-6_X_sp."
"ASV_11787","Eukaryota","TSAR","Stramenopiles","Gyrista","Mediophyceae","Thalassiosirales","Skeletonemaceae","Skeletonema","Skeletonema_costatum"
"ASV_11788","Eukaryota","TSAR","Alveolata","Dinoflagellata","Dinophyceae","Gymnodiniales","Gymnodiniaceae","Gymnodinium","Gymnodinium_sp."
"ASV_11789","Eukaryota","TSAR","Stramenopiles","Gyrista","Mediophyceae","Cymatosirales","Cymatosiraceae","Brockmanniella","Brockmanniella_brockmannii"
"ASV_11790","Eukaryota","Haptista","Haptophyta","Haptophyta_X","Prymnesiophyceae","Prymnesiales","Prymnesiophyceae_Clade_B3","Prymnesiophyceae_Clade_B3_X","Prymnesiophyceae_Clade_B3_X_sp."
"ASV_11791","Eukaryota","TSAR","Alveolata","Dinoflagellata","Dinophyceae","unassigned","unassigned","unassigned","unassigned"
"ASV_11792","Eukaryota","TSAR","Stramenopiles","Gyrista","Gyrista_X","Gyrista_XX","MAST-2","MAST-2D","MAST-2D_sp."
"ASV_11793","Eukaryota","TSAR","Alveolata","Dinoflagellata","Dinophyceae","Peridiniales","Thoracosphaeraceae","Thoracosphaeraceae_X","Thoracosphaeraceae_X_sp."
"ASV_11794","Eukaryota","TSAR","Stramenopiles","Gyrista","Dictyochophyceae","Dictyochophyceae_X","Dictyochales","Dictyocha","Dictyocha_speculum"
"ASV_11795","Eukaryota","TSAR","Rhizaria","Cercozoa","Filosa-Thecofilosea","Cryomonadida","Protaspa-lineage","Protaspa-lineage_X","Protaspa-lineage_X_sp."
"ASV_11796","Eukaryota","TSAR","Alveolata","Dinoflagellata","Syndiniales","Dino-Group-III","Dino-Group-III_X","Dino-Group-III_XX","Dino-Group-III_XX_sp."
"ASV_11797","Eukaryota","TSAR","Stramenopiles","Gyrista","Gyrista_X","Gyrista_XX","MAST-1","MAST-1B","MAST-1B_sp."
"ASV_11798","Eukaryota","TSAR","Alveolata","Dinoflagellata","Syndiniales","Dino-Group-III","Dino-Group-III_X","Dino-Group-III_XX","Dino-Group-III_XX_sp."
"ASV_11799","Eukaryota","TSAR","Alveolata","Dinoflagellata","Dinophyceae","Gonyaulacales","Ceratiaceae","Tripos","unassigned"
"ASV_11800","Eukaryota","TSAR","Rhizaria","Cercozoa","Filosa-Thecofilosea","Filosa-Thecofilosea_X","Novel-Clade-4","Novel-Clade-4_X","Novel-Clade-4_X_sp."
"ASV_11801","Eukaryota","TSAR","Alveolata","Dinoflagellata","Dinophyceae","Gonyaulacales","Gonyaulacaceae","Spiniferites","Spiniferites_ramosus"
"ASV_11803","Eukaryota","TSAR","Stramenopiles","Gyrista","Bacillariophyceae","Bacillariales","Bacillariaceae","Cylindrotheca","Cylindrotheca_sp."
"ASV_11804","Eukaryota","Haptista","Haptophyta","Haptophyta_X","Prymnesiophyceae","Phaeocystales","Phaeocystaceae","Phaeocystis","Phaeocystis_sp."
"ASV_11805","Eukaryota","TSAR","Stramenopiles","Gyrista","Coscinodiscophyceae","Corethrales","Corethraceae","Corethron","Corethron_hystrix"
"ASV_11807","Eukaryota","TSAR","Alveolata","Dinoflagellata","Dinophyceae","Gonyaulacales","Gonyaulacaceae","Spiniferites","Spiniferites_ramosus"
"ASV_11808","Eukaryota","TSAR","Alveolata","Dinoflagellata","Syndiniales","Dino-Group-II","Dino-Group-II-Clade-24","Dino-Group-II-Clade-24_X","Dino-Group-II-Clade-24_X_sp."
"ASV_11809","Eukaryota","TSAR","Stramenopiles","Gyrista","Mediophyceae","Thalassiosirales","Thalassiosiraceae","Thalassiosira","Thalassiosira_concaviuscula"
"ASV_11810","Eukaryota","TSAR","Rhizaria","Cercozoa","Filosa-Imbricatea","Filosa-Imbricatea_X","Novel-clade-2","Novel-clade-2_X","Novel-clade-2_X_sp."
"ASV_11811","Eukaryota","TSAR","Alveolata","Dinoflagellata","Dinophyceae","Gonyaulacales","Gonyaulacaceae","Spiniferites","Spiniferites_ramosus"
"ASV_11812","Eukaryota","TSAR","Stramenopiles","Gyrista","Mediophyceae","Chaetocerotales","Chaetocerotaceae","Chaetoceros","Chaetoceros_anastomosans"
"ASV_11813","Eukaryota","TSAR","Stramenopiles","Gyrista","Dictyochophyceae","Dictyochophyceae_X","Dictyochales","Dictyocha","Dictyocha_speculum"
"ASV_11814","Eukaryota","TSAR","Stramenopiles","Gyrista","Chrysophyceae","Chrysophyceae_Clade-EC2H","Chrysophyceae_Clade-EC2H_X","Chrysophyceae_Clade-EC2H_XX","Chrysophyceae_Clade-EC2H_XX_sp."
"ASV_11816","Eukaryota","TSAR","Alveolata","Dinoflagellata","Syndiniales","Dino-Group-II","Dino-Group-II-Clade-22","Dino-Group-II-Clade-22_X","Dino-Group-II-Clade-22_X_sp."
"ASV_11817","Eukaryota","TSAR","Stramenopiles","Gyrista","Dictyochophyceae","Dictyochophyceae_X","Pedinellales","Helicopedinella","Helicopedinella_sp."
"ASV_11818","Eukaryota","TSAR","Alveolata","Dinoflagellata","Dinophyceae","Gonyaulacales","Ceratiaceae","Tripos","Tripos_fusus"
"ASV_11819","Eukaryota","Haptista","Haptophyta","Haptophyta_X","Haptophyta_Clade_HAP5","Haptophyta_Clade_HAP5_X","Haptophyta_Clade_HAP5_XX","Haptophyta_Clade_HAP5_XXX","Haptophyta_Clade_HAP5_XXX_sp."
"ASV_11820","Eukaryota","TSAR","Stramenopiles","Gyrista","Gyrista_X","Gyrista_XX","MAST-1","MAST-1A","MAST-1A_sp."
"ASV_11821","Eukaryota","TSAR","Stramenopiles","Gyrista","Dictyochophyceae","Dictyochophyceae_X","Pedinellales","Apedinella","Apedinella_radians"
"ASV_11822","Eukaryota","TSAR","Alveolata","Dinoflagellata","Dinophyceae","Prorocentrales","Prorocentraceae","Prorocentrum","Prorocentrum_sp."
"ASV_11823","Eukaryota","Obazoa","Opisthokonta","Choanoflagellata","Choanoflagellatea","Acanthoecida","Acanthoecidae_Group_G","Calliacantha","Calliacantha_longicaudata"
"ASV_11824","Eukaryota","TSAR","Stramenopiles","Bigyra","Opalozoa","Opalozoa_X","MAST-12","MAST-12D","MAST-12D_sp."
"ASV_11825","Eukaryota","TSAR","Alveolata","Dinoflagellata","Dinophyceae","unassigned","unassigned","unassigned","unassigned"
"ASV_11827","Eukaryota","TSAR","Stramenopiles","Gyrista","Mediophyceae","Chaetocerotales","Chaetocerotaceae","Chaetoceros","Chaetoceros_contortus"
"ASV_11828","Eukaryota","TSAR","Alveolata","Dinoflagellata","Dinophyceae","Gonyaulacales","Ceratiaceae","Tripos","Tripos_fusus"
"ASV_11829","Eukaryota","Haptista","Haptophyta","Haptophyta_X","Prymnesiophyceae","Prymnesiales","Prymnesiaceae","Prymnesium","Prymnesium_sp."
"ASV_11830","Eukaryota","TSAR","Alveolata","Ciliophora","Litostomatea","Litostomatea_X","Litostomatea_XX","Litostomatea_XXX","Litostomatea_XXX_sp."
"ASV_11831","Eukaryota","TSAR","Alveolata","Dinoflagellata","Dinophyceae","unassigned","unassigned","unassigned","unassigned"
"ASV_11832","Eukaryota","TSAR","Alveolata","Dinoflagellata","Dinophyceae","Dinophyceae_X","Dinophyceae_XX","Dinophyceae_XXX","Dinophyceae_XXX_sp."
"ASV_11833","Eukaryota","TSAR","Alveolata","Dinoflagellata","Dinophyceae","Gonyaulacales","Gonyaulacaceae","Gonyaulax","Gonyaulax_polygramma"
"ASV_11834","Eukaryota","TSAR","Alveolata","Dinoflagellata","Syndiniales","Dino-Group-I","Dino-Group-I-Clade-1","Dino-Group-I-Clade-1_X","Dino-Group-I-Clade-1_X_sp."
"ASV_11835","Eukaryota","TSAR","Alveolata","Dinoflagellata","Dinophyceae","Gymnodiniales","Gymnodiniaceae","Gyrodinium","Gyrodinium_dominans"
"ASV_11837","Eukaryota","TSAR","Alveolata","Ciliophora","Spirotrichea","Oligotrichida","Tontoniidae","Pseudotontonia","Pseudotontonia_sp."
"ASV_11840","Eukaryota","Archaeplastida","Chlorophyta","Chlorophyta_X","Nephroselmidophyceae","Nephroselmidales","Nephroselmidales_X","Nephroselmis","Nephroselmis_pyriformis"
"ASV_11841","Eukaryota","TSAR","Alveolata","Dinoflagellata","Syndiniales","Dino-Group-I","Dino-Group-I-Clade-5","Dino-Group-I-Clade-5_X","Dino-Group-I-Clade-5_X_sp."
"ASV_11843","Eukaryota","TSAR","Alveolata","Ciliophora","Spirotrichea","Oligotrichida","Strombidiidae","unassigned","unassigned"
"ASV_11844","Eukaryota","TSAR","Rhizaria","Cercozoa","Filosa-Thecofilosea","Cryomonadida","Cryothecomonas-lineage","Cryothecomonas","Cryothecomonas_sp."
"ASV_11845","Eukaryota","TSAR","Stramenopiles","Bigyra","Sagenista","Sagenista_X","MAST-4","MAST-4C","MAST-4C_sp."
"ASV_11846","Eukaryota","TSAR","Stramenopiles","Gyrista","Bacillariophyceae","Bacillariales","Bacillariaceae","Pseudo-nitzschia","unassigned"
"ASV_11847","Eukaryota","TSAR","Stramenopiles","Bigyra","Opalozoa","Nanomonadea","MAST-3","MAST-3C","MAST-3C_sp."
"ASV_11848","Eukaryota","TSAR","Alveolata","Ciliophora","Spirotrichea","Choreotrichida","Choreotrichida_X","Choreotrichida_XX","Choreotrichida_XX_sp."
"ASV_11849","Eukaryota","Archaeplastida","Chlorophyta","Chlorophyta_X","Pseudoscourfieldiophyceae","Pseudoscourfieldiales","Pseudoscourfieldiaceae","Pseudoscourfieldiaceae_X","Pseudoscourfieldiaceae_X_sp."
"ASV_11850","Eukaryota","TSAR","Stramenopiles","Gyrista","Peronosporomycetes","Peronosporomycetes_X","unassigned","unassigned","unassigned"
"ASV_11852","Eukaryota","Archaeplastida","Chlorophyta","Chlorophyta_X","Mamiellophyceae","Mamiellales","Mamiellaceae","Mantoniella","Mantoniella_sp."
"ASV_11853","Eukaryota","TSAR","Alveolata","Dinoflagellata","Syndiniales","Dino-Group-II","Dino-Group-II-Clade-6","Dino-Group-II-Clade-6_X","Dino-Group-II-Clade-6_X_sp."
"ASV_11854","Eukaryota","TSAR","Alveolata","Ciliophora","Spirotrichea","Oligotrichida","Strombidiidae","Strombidiidae_X","Strombidiidae_X_sp."
"ASV_11855","Eukaryota","TSAR","Alveolata","Dinoflagellata","Dinophyceae","Dinophyceae_X","Dinophyceae_XX","Dinophyceae_XXX","Dinophyceae_XXX_sp."
"ASV_11856","Eukaryota","TSAR","Alveolata","Dinoflagellata","Dinophyceae","Dinophyceae_X","Dinophyceae_XX","Dinophyceae_XXX","Dinophyceae_XXX_sp."
"ASV_11857","Eukaryota","TSAR","Telonemia","Telonemia_X","Telonemia_XX","Telonemia_XXX","Telonemia-Group-2","Telonemia-Group-2_X","Telonemia-Group-2_X_sp."
"ASV_11859","Eukaryota","TSAR","Alveolata","Dinoflagellata","Dinophyceae","Gonyaulacales","Gonyaulacaceae","Gonyaulax","Gonyaulax_membranaceae"
"ASV_11861","Eukaryota","TSAR","Alveolata","Ciliophora","Spirotrichea","Choreotrichida","Choreotrichida_X","Choreotrichida_XX","Choreotrichida_XX_sp."
"ASV_11862","Eukaryota","TSAR","Alveolata","Dinoflagellata","Dinophyceae","Gonyaulacales","Gonyaulacaceae","Spiniferites","Spiniferites_ramosus"
"ASV_11863","Eukaryota","TSAR","Alveolata","Dinoflagellata","Dinophyceae","Dinophyceae_X","Dinophyceae_XX","Dinophyceae_XXX","Dinophyceae_XXX_sp."
"ASV_11864","Eukaryota","TSAR","Stramenopiles","Gyrista","Bacillariophyceae","Bacillariales","Bacillariaceae","Pseudo-nitzschia","Pseudo-nitzschia_cuspidata"
"ASV_11865","Eukaryota","TSAR","Alveolata","Ciliophora","CONThreeP","CONThreeP_X","CONThreeP_XX","Askenasia","Askenasia_sp."
"ASV_11867","Eukaryota","TSAR","Alveolata","Dinoflagellata","Syndiniales","Dino-Group-II","Dino-Group-II-Clade-1","Dino-Group-II-Clade-1_X","Dino-Group-II-Clade-1_X_sp."
"ASV_11868","Eukaryota","TSAR","Alveolata","Dinoflagellata","Syndiniales","Dino-Group-I","Dino-Group-I-Clade-1","Dino-Group-I-Clade-1_X","Dino-Group-I-Clade-1_X_sp."
"ASV_11869","Eukaryota","TSAR","Alveolata","Dinoflagellata","Syndiniales","Dino-Group-I","Dino-Group-I-Clade-4","Dino-Group-I-Clade-4_X","Dino-Group-I-Clade-4_X_sp."
"ASV_11870","Eukaryota","Obazoa","Opisthokonta","Choanoflagellata","Choanoflagellatea","Choanoflagellatea_X","Choanoflagellatea_XX_Group_L","Choanoflagellatea_XXX_Group_L_X","Choanoflagellatea_XXX_Group_L_X_sp."
"ASV_11871","Eukaryota","TSAR","Alveolata","Dinoflagellata","Dinophyceae","Prorocentrales","Prorocentraceae","Prorocentrum","Prorocentrum_sp."
"ASV_11872","Eukaryota","Cryptista","Kathablepharidacea","Kathablepharida","Kathablepharidea","Kathablepharidida","Kathablepharidida_X","Kathablepharidida_XX","Kathablepharidida_XX_sp."
"ASV_11873","Eukaryota","TSAR","Stramenopiles","Gyrista","MOCH-2","MOCH-2_X","MOCH-2_XX","MOCH-2_XXX","MOCH-2_XXX_sp."
"ASV_11876","Eukaryota","TSAR","Stramenopiles","Gyrista","Mediophyceae","Thalassiosirales","Stephanodiscaceae","Cyclotella","unassigned"
"ASV_11877","Eukaryota","Cryptista","Cryptophyta","Cryptophyta_X","Cryptophyceae","Cryptomonadales","Cryptomonadales_X","Plagioselmis","Plagioselmis_prolonga"
"ASV_11880","Eukaryota","TSAR","Stramenopiles","Gyrista","Dictyochophyceae","Dictyochophyceae_X","Dictyochophyceae_XX","Dictyochophyceae_XXX","Dictyochophyceae_XXX_sp."
"ASV_11881","Eukaryota","TSAR","Rhizaria","Cercozoa","Filosa-Thecofilosea","Cryomonadida","Protaspa-lineage","Protaspa-lineage_X","Protaspa-lineage_X_sp."
"ASV_11883","Eukaryota","TSAR","Alveolata","Dinoflagellata","Syndiniales","Dino-Group-II","Dino-Group-II-Clade-3","Dino-Group-II-Clade-3_X","Dino-Group-II-Clade-3_X_sp."
"ASV_11884","Eukaryota","TSAR","Alveolata","Dinoflagellata","Dinophyceae","Gonyaulacales","Ceratiaceae","Tripos","Tripos_macroceros"
"ASV_11885","Eukaryota","TSAR","Stramenopiles","Gyrista","Mediophyceae","Thalassiosirales","Thalassiosiraceae","Thalassiosira","Thalassiosira_sp."
"ASV_11886","Eukaryota","TSAR","Alveolata","Dinoflagellata","Dinophyceae","Gymnodiniales","Gymnodiniaceae","Gyrodinium","Gyrodinium_jinhaense"
"ASV_11887","Eukaryota","TSAR","Rhizaria","Cercozoa","Filosa-Thecofilosea","Filosa-Thecofilosea_X","Mataza-lineage","Mataza-lineage_X","Mataza-lineage_X_sp."
"ASV_11888","Eukaryota","TSAR","Stramenopiles","Gyrista","Chrysophyceae","Ochromonadales","Ochromonadales_X","Ochromonadales_XX","Ochromonadales_XX_sp."
"ASV_11889","Eukaryota","TSAR","Alveolata","Dinoflagellata","Dinophyceae","Gymnodiniales","Gymnodiniaceae","Gyrodinium","unassigned"
"ASV_11890","Eukaryota:nucl","Cryptista:nucl","Cryptophyta:nucl","Cryptophyta_X:nucl","Cryptophyceae:nucl","Cryptomonadales:nucl","Cryptomonadales_X:nucl","unassigned","unassigned"
"ASV_11891","Eukaryota","TSAR","Alveolata","Ciliophora","Spirotrichea","Choreotrichida-Tintinnina","Tintinnidae","Tintinnidae_X","Tintinnidae_X_sp."
"ASV_11892","Eukaryota","TSAR","Stramenopiles","Gyrista","Chrysophyceae","Paraphysomonadales","Paraphysomonadaceae","Paraphysomonas","Paraphysomonas_sp."
"ASV_11893","Eukaryota","TSAR","Alveolata","Dinoflagellata","Syndiniales","Dino-Group-II","Dino-Group-II-Clade-12","Dino-Group-II-Clade-12_X","Dino-Group-II-Clade-12_X_sp."
"ASV_11894","Eukaryota","TSAR","Stramenopiles","Bigyra","Opalozoa","Opalozoa_X","MAST-12","MAST-12B","MAST-12B_sp."
"ASV_11895","Eukaryota","TSAR","Rhizaria","Cercozoa","Filosa-Thecofilosea","Filosa-Thecofilosea_X","Mataza-lineage","Mataza-lineage_X","Mataza-lineage_X_sp."
"ASV_11896","Eukaryota","Archaeplastida","Chlorophyta","Chlorophyta_X","Mamiellophyceae","Mamiellales","Mamiellaceae","Mamiella","Mamiella_gilva"
"ASV_11897","Eukaryota","TSAR","Alveolata","Dinoflagellata","Dinophyceae","Prorocentrales","Prorocentraceae","Prorocentrum","Prorocentrum_sp."
"ASV_11898","Eukaryota","TSAR","Rhizaria","Cercozoa","Filosa-Imbricatea","Filosa-Imbricatea_X","Novel-clade-2","Novel-clade-2_X","Novel-clade-2_X_sp."
"ASV_11901","Eukaryota","TSAR","Stramenopiles","Gyrista","Mediophyceae","Chaetocerotales","Chaetocerotaceae","Chaetoceros","Chaetoceros_constrictus"
"ASV_11902","Eukaryota","TSAR","Stramenopiles","Gyrista","MOCH-3","MOCH-3_X","MOCH-3_XX","MOCH-3_XXX","MOCH-3_XXX_sp."
"ASV_11903","Eukaryota","Archaeplastida","Chlorophyta","Chlorophyta_X","Mamiellophyceae","Dolichomastigales","Crustomastigaceae","Crustomastigaceae-AB","Crustomastigaceae-AB_sp."
"ASV_11905","Eukaryota","Haptista","Haptophyta","Haptophyta_X","Prymnesiophyceae","Prymnesiales","Prymnesiales_X","Chrysocampanula","Chrysocampanula_spinifera"
"ASV_11906","Eukaryota","Haptista","Haptophyta","Haptophyta_X","Prymnesiophyceae","Isochrysidales","Noelaerhabdaceae","Gephyrocapsa","Gephyrocapsa_oceanica"
"ASV_11907","Eukaryota","TSAR","Stramenopiles","Bigyra","Opalozoa","Opalozoa_X","MAST-12","MAST-12A","MAST-12A_sp."
"ASV_11908","Eukaryota","TSAR","Alveolata","Dinoflagellata","Syndiniales","Dino-Group-II","Dino-Group-II-Clade-22","Dino-Group-II-Clade-22_X","Dino-Group-II-Clade-22_X_sp."
"ASV_11909","Eukaryota","TSAR","Alveolata","Ciliophora","Spirotrichea","Choreotrichida","Strobilidiidae","Pelagostrobilidium","Pelagostrobilidium_sp."
"ASV_11910","Eukaryota","TSAR","Stramenopiles","Bigyra","Opalozoa","Nanomonadea","MAST-3","MAST-3E","MAST-3E_sp."
"ASV_11911","Eukaryota","TSAR","Alveolata","Dinoflagellata","Syndiniales","Dino-Group-II","Dino-Group-II-Clade-1","Dino-Group-II-Clade-1_X","Dino-Group-II-Clade-1_X_sp."
"ASV_11915","Eukaryota","Obazoa","Opisthokonta","Choanoflagellata","Choanoflagellatea","Acanthoecida","Stephanoecidae_Group_D","Stephanoecidae_Group_D_X","Stephanoecidae_Group_D_X_sp."
"ASV_11917","Eukaryota","TSAR","Stramenopiles","Gyrista","Mediophyceae","Thalassiosirales","Skeletonemaceae","Skeletonema","Skeletonema_japonicum"
"ASV_11919","Eukaryota","TSAR","Alveolata","Dinoflagellata","Dinophyceae","Prorocentrales","Prorocentraceae","Prorocentrum","Prorocentrum_sp."
"ASV_11920","Eukaryota","TSAR","Stramenopiles","Gyrista","Dictyochophyceae","Dictyochophyceae_X","Pedinellales","Pedinellales_X","Pedinellales_X_sp."
"ASV_11921","Eukaryota","TSAR","Alveolata","Dinoflagellata","Dinophyceae","unassigned","unassigned","unassigned","unassigned"
"ASV_11922","Eukaryota","Archaeplastida","Chlorophyta","Chlorophyta_X","Pyramimonadophyceae","Pyramimonadales","Pyramimonadaceae","Pyramimonas","Pyramimonas_sp."
"ASV_11924","Eukaryota","TSAR","Alveolata","Dinoflagellata","Syndiniales","Dino-Group-I","Dino-Group-I-Clade-4","Dino-Group-I-Clade-4_X","Dino-Group-I-Clade-4_X_sp."
"ASV_11926","Eukaryota","TSAR","Alveolata","Dinoflagellata","Dinophyceae","Gonyaulacales","Gonyaulacaceae","Spiniferites","Spiniferites_ramosus"
"ASV_11927","Eukaryota","TSAR","Alveolata","Dinoflagellata","Dinophyceae","Gonyaulacales","Gonyaulacaceae","Spiniferites","Spiniferites_ramosus"
"ASV_11928","Eukaryota","Archaeplastida","Picozoa","Picozoa_subdivision_2","Picozoa_subdivision_2_X","Picozoa_subdivision_2_XX","Picozoa_subdivision_2_XXX","Picozoa_subdivision_2_XXXX","Picozoa_subdivision_2_XXXX_sp."
"ASV_11929","Eukaryota","TSAR","Rhizaria","Cercozoa","Filosa-Thecofilosea","Ebriacea","Botuliformidae","Botuliformidae_X","Botuliformidae_X_sp."
"ASV_11933","Eukaryota","TSAR","Stramenopiles","Gyrista","Chrysophyceae","Paraphysomonadales","Paraphysomonadaceae","Paraphysomonas","Paraphysomonas_sp."
"ASV_11934","Eukaryota","TSAR","Alveolata","Dinoflagellata","Dinophyceae","Gymnodiniales","Warnowiaceae","Warnowia","Warnowia_sp."
"ASV_11935","Eukaryota","Archaeplastida","unassigned","unassigned","unassigned","unassigned","unassigned","unassigned","unassigned"
"ASV_11936","Eukaryota","Archaeplastida","Chlorophyta","Chlorophyta_X","Chlorodendrophyceae","Chlorodendrales","Chlorodendraceae","Tetraselmis","Tetraselmis_convolutae"
"ASV_11937","Eukaryota","Archaeplastida","Chlorophyta","Chlorophyta_X","Pyramimonadophyceae","Pyramimonadales","Pyramimonadaceae","Pyramimonas","Pyramimonas_sp."
"ASV_11938","Eukaryota","TSAR","Alveolata","Dinoflagellata","Syndiniales","Dino-Group-II","Dino-Group-II-Clade-3","Dino-Group-II-Clade-3_X","Dino-Group-II-Clade-3_X_sp."
"ASV_11940","Eukaryota","TSAR","Stramenopiles","Gyrista","Chrysophyceae","Chrysophyceae_Clade-EC2H","Chrysophyceae_Clade-EC2H_X","Chrysophyceae_Clade-EC2H_XX","Chrysophyceae_Clade-EC2H_XX_sp."
"ASV_11941","Eukaryota","TSAR","Alveolata","Dinoflagellata","Dinophyceae","Gymnodiniales","Gymnodiniaceae","Gyrodinium","unassigned"
"ASV_11942","Eukaryota","TSAR","Stramenopiles","Gyrista","Peronosporomycetes","Peronosporomycetes_X","Peronosporomycetes_XX","Peronosporomycetes_XXX","Peronosporomycetes_XXX_sp."
"ASV_11943","Eukaryota","TSAR","Stramenopiles","Gyrista","Mediophyceae","Thalassiosirales","Stephanodiscaceae","Cyclotella","Cyclotella_striata"
"ASV_11944","Eukaryota","TSAR","Rhizaria","Cercozoa","Filosa-Thecofilosea","Cryomonadida","Protaspa-lineage","Protaspa","unassigned"
"ASV_11945","Eukaryota","TSAR","Alveolata","Ciliophora","Spirotrichea","Oligotrichida","Tontoniidae","Pseudotontonia","Pseudotontonia_sp."
"ASV_11949","Eukaryota","TSAR","Alveolata","Dinoflagellata","Syndiniales","Dino-Group-I","Dino-Group-I-Clade-1","Dino-Group-I-Clade-1_X","Dino-Group-I-Clade-1_X_sp."
"ASV_11950","Eukaryota","TSAR","Rhizaria","Cercozoa","Chlorarachniophyceae","Chlorarachnida","Minorisa-lineage","Minorisa","Minorisa_sp."
"ASV_11952","Eukaryota","TSAR","Alveolata","Dinoflagellata","Syndiniales","Dino-Group-I","Dino-Group-I-Clade-4","Dino-Group-I-Clade-4_X","Dino-Group-I-Clade-4_X_sp."
"ASV_11953","Eukaryota","Archaeplastida","Chlorophyta","Chlorophyta_X","Pyramimonadophyceae","Pyramimonadales","Pterospermaceae","Pterosperma","Pterosperma_sp."
"ASV_11954","Eukaryota","TSAR","Alveolata","Ciliophora","Spirotrichea","Choreotrichida","Strobilidiidae","Pelagostrobilidium","Pelagostrobilidium_sp."
"ASV_11955","Eukaryota","TSAR","Stramenopiles","Bigyra","Opalozoa","Nanomonadea","MAST-3","MAST-3E","MAST-3E_sp."
"ASV_11958","Eukaryota","TSAR","Rhizaria","Cercozoa","Filosa-Thecofilosea","Cryomonadida","Cryothecomonas-lineage","Cryothecomonas","unassigned"
"ASV_11962","Eukaryota","TSAR","Stramenopiles","Gyrista","Mediophyceae","Chaetocerotales","Chaetocerotaceae","Chaetoceros","Chaetoceros_muelleri"
"ASV_11963","Eukaryota","TSAR","Rhizaria","Cercozoa","Filosa-Thecofilosea","Cryomonadida","Protaspa-lineage","Protaspa-lineage_X","Protaspa-lineage_X_sp."
"ASV_11965","Eukaryota","TSAR","Telonemia","Telonemia_X","Telonemia_XX","Telonemia_XXX","Telonemia-Group-2","Telonemia-Group-2_X","Telonemia-Group-2_X_sp."
"ASV_11966","Eukaryota","TSAR","Alveolata","Ciliophora","CONThreeP","CONThreeP_X","CONThreeP_XX","Askenasia","Askenasia_sp."
"ASV_11967","Eukaryota","TSAR","Stramenopiles","Gyrista","Coscinodiscophyceae","Rhizosoleniales","Rhizosoleniaceae","Rhizosolenia","Rhizosolenia_shrubsolei"
"ASV_11968","Eukaryota","TSAR","Alveolata","Dinoflagellata","Syndiniales","Dino-Group-I","Dino-Group-I-Clade-1","Dino-Group-I-Clade-1_X","Dino-Group-I-Clade-1_X_sp."
"ASV_11969","Eukaryota","TSAR","Alveolata","Dinoflagellata","Dinophyceae","Gymnodiniales","Gymnodiniaceae","Gyrodinium","Gyrodinium_sp."
"ASV_11972","Eukaryota","TSAR","Alveolata","Dinoflagellata","Dinophyceae","Gymnodiniales","Gymnodiniaceae","Gyrodinium","Gyrodinium_fusiforme"
"ASV_11973","Eukaryota","TSAR","Stramenopiles","Gyrista","Mediophyceae","Hemiaulales","Hemiaulaceae","Cerataulina","Cerataulina_pelagica"
"ASV_11974","Eukaryota","TSAR","Rhizaria","Cercozoa","Filosa-Thecofilosea","Cryomonadida","Protaspa-lineage","Protaspa-lineage_X","Protaspa-lineage_X_sp."
"ASV_11975","Eukaryota","Archaeplastida","Chlorophyta","Chlorophyta_X","Chlorophyceae","Chlamydomonadales","Chlamydomonadales_X","Chlamydomonas","Chlamydomonas_parkeae"
"ASV_11976","Eukaryota","Haptista","Haptophyta","Haptophyta_X","Prymnesiophyceae","Prymnesiales","Chrysochromulinaceae","Chrysochromulina","Chrysochromulina_simplex"
"ASV_11977","Eukaryota","TSAR","Stramenopiles","Bigyra","Opalozoa","Nanomonadea","MAST-3","MAST-3A","MAST-3A_sp."
"ASV_11979","Eukaryota","TSAR","Alveolata","Dinoflagellata","Dinophyceae","Prorocentrales","Prorocentraceae","Prorocentrum","Prorocentrum_sp."
"ASV_11980","Eukaryota","TSAR","Rhizaria","Cercozoa","Filosa-Thecofilosea","Cryomonadida","Protaspa-lineage","Protaspa-lineage_X","Protaspa-lineage_X_sp."
"ASV_11981","Eukaryota","TSAR","Alveolata","Dinoflagellata","Dinophyceae","Dinophyceae_X","Dinophyceae_XX","Dinophyceae_XXX","Dinophyceae_XXX_sp."
"ASV_11982","Eukaryota","TSAR","Alveolata","Ciliophora","Spirotrichea","Oligotrichida","Oligotrichida_X","Oligotrichida_XX","Oligotrichida_XX_sp."
"ASV_11983","Eukaryota","TSAR","Alveolata","Dinoflagellata","Dinophyceae","unassigned","unassigned","unassigned","unassigned"
"ASV_11984","Eukaryota","TSAR","Alveolata","Dinoflagellata","Syndiniales","Dino-Group-II","Dino-Group-II-Clade-20","Dino-Group-II-Clade-20_X","Dino-Group-II-Clade-20_X_sp."
"ASV_11985","Eukaryota","TSAR","Alveolata","Dinoflagellata","Syndiniales","Dino-Group-II","Dino-Group-II-Clade-5","Dino-Group-II-Clade-5_X","Dino-Group-II-Clade-5_X_sp."
"ASV_11988","Eukaryota","TSAR","Alveolata","Dinoflagellata","Syndiniales","Dino-Group-II","Dino-Group-II-Clade-6","Dino-Group-II-Clade-6_X","Dino-Group-II-Clade-6_X_sp."
"ASV_11989","Eukaryota","Archaeplastida","Chlorophyta","Chlorophyta_X","Pyramimonadophyceae","Pyramimonadales","Pyramimonadaceae","Pyramimonas","Pyramimonas_formosa"
"ASV_11990","Eukaryota","TSAR","Stramenopiles","Gyrista","Mediophyceae","Thalassiosirales","Thalassiosiraceae","Thalassiosira","Thalassiosira_anguste-lineata"
"ASV_11991","Eukaryota","TSAR","Alveolata","Dinoflagellata","Dinophyceae","Gymnodiniales","Gymnodiniaceae","Akashiwo","Akashiwo_sanguinea"
"ASV_11992","Eukaryota","TSAR","Stramenopiles","Gyrista","Bacillariophyceae","Naviculales","Naviculaceae","Haslea","Haslea_howeana"
"ASV_11993","Eukaryota","TSAR","Stramenopiles","Bigyra","Sagenista","Labyrinthulomycetes","Thraustochytriaceae","Thraustochytriaceae_LAB17","Thraustochytriaceae_LAB17_sp."
"ASV_11996","Eukaryota","TSAR","Rhizaria","Cercozoa","Filosa-Thecofilosea","Cryomonadida","Protaspa-lineage","Protaspa-lineage_X","Protaspa-lineage_X_sp."
"ASV_11997","Eukaryota","TSAR","Stramenopiles","Gyrista","Mediophyceae","Chaetocerotales","Chaetocerotaceae","Bacteriastrum","Bacteriastrum_parallelum"
"ASV_11998","Eukaryota","Archaeplastida","Chlorophyta","Chlorophyta_X","Trebouxiophyceae","Chlorellales","Chlorellales_X","Picochlorum","Picochlorum_sp."
"ASV_11999","Eukaryota","TSAR","Alveolata","Dinoflagellata","Syndiniales","Dino-Group-II","Dino-Group-II-Clade-19","Dino-Group-II-Clade-19_X","Dino-Group-II-Clade-19_X_sp."
"ASV_12001","Eukaryota","TSAR","Alveolata","unassigned","unassigned","unassigned","unassigned","unassigned","unassigned"
"ASV_12002","Eukaryota","TSAR","Alveolata","Dinoflagellata","Dinophyceae","Prorocentrales","Prorocentraceae","Prorocentrum","Prorocentrum_sp."
"ASV_12003","Eukaryota","TSAR","Stramenopiles","Bigyra","Sagenista","Sagenista_X","MAST-8","MAST-8A","MAST-8A_sp."
"ASV_12004","Eukaryota","TSAR","Alveolata","Ciliophora","CONThreeP","CONThreeP_X","Discotrichidae","NASSO_1","NASSO_1_sp."
"ASV_12005","Eukaryota","TSAR","Alveolata","Ciliophora","CONThreeP","CONThreeP_X","Discotrichidae","NASSO_1","NASSO_1_sp."
"ASV_12007","Eukaryota:nucl","Cryptista:nucl","Cryptophyta:nucl","Cryptophyta_X:nucl","Cryptophyceae:nucl","Cryptomonadales:nucl","Cryptomonadales_X:nucl","unassigned","unassigned"
"ASV_12009","Eukaryota","TSAR","Alveolata","Dinoflagellata","Syndiniales","Dino-Group-II","Dino-Group-II-Clade-5","Dino-Group-II-Clade-5_X","Dino-Group-II-Clade-5_X_sp."
"ASV_12010","Eukaryota","TSAR","Alveolata","Dinoflagellata","Syndiniales","Dino-Group-II","Dino-Group-II-Clade-6","Dino-Group-II-Clade-6_X","Dino-Group-II-Clade-6_X_sp."
"ASV_12011","Eukaryota","TSAR","Alveolata","Dinoflagellata","Syndiniales","Dino-Group-I","Dino-Group-I-Clade-5","Dino-Group-I-Clade-5_X","Dino-Group-I-Clade-5_X_sp."
"ASV_12012","Eukaryota","TSAR","Alveolata","Dinoflagellata","Dinophyceae","Dinophysales","Oxyphysiaceae","Phalachroma","Phalacroma_rotundatum"
"ASV_12013","Eukaryota","TSAR","Alveolata","Dinoflagellata","Syndiniales","Dino-Group-II","Dino-Group-II-Clade-5","Dino-Group-II-Clade-5_X","Dino-Group-II-Clade-5_X_sp."
"ASV_12014","Eukaryota","Haptista","Haptophyta","Haptophyta_X","Prymnesiophyceae","Prymnesiales","Prymnesiophyceae_Clade_B4","Prymnesiophyceae_Clade_B4_X","Prymnesiophyceae_Clade_B4_X_sp."
"ASV_12018","Eukaryota","TSAR","Alveolata","Dinoflagellata","Syndiniales","Dino-Group-II","Dino-Group-II-Clade-6","Dino-Group-II-Clade-6_X","Dino-Group-II-Clade-6_X_sp."
"ASV_12019","Eukaryota","TSAR","Stramenopiles","Bigyra","Sagenista","Sagenista_X","MAST-4","MAST-4B","MAST-4B_sp."
"ASV_12021","Eukaryota","TSAR","Alveolata","Dinoflagellata","Dinophyceae","Gonyaulacales","Gonyaulacaceae","Spiniferites","Spiniferites_ramosus"
"ASV_12022","Eukaryota","TSAR","Alveolata","Dinoflagellata","Dinophyceae","Gymnodiniales","Gymnodiniaceae","Gyrodinium","Gyrodinium_fusiforme"
"ASV_12023","Eukaryota","TSAR","Alveolata","Dinoflagellata","Syndiniales","Dino-Group-II","Dino-Group-II-Clade-14","Dino-Group-II-Clade-14_X","Dino-Group-II-Clade-14_X_sp."
"ASV_12026","Eukaryota","Haptista","Haptophyta","Haptophyta_X","Prymnesiophyceae","Prymnesiophyceae_X","Prymnesiophyceae_XX","Prymnesiophyceae_XXX","Prymnesiophyceae_XXX_sp."
"ASV_12027","Eukaryota","TSAR","Alveolata","Dinoflagellata","Syndiniales","Dino-Group-II","Dino-Group-II-Clade-23","Dino-Group-II-Clade-23_X","Dino-Group-II-Clade-23_X_sp."
"ASV_12028","Eukaryota","TSAR","Rhizaria","Cercozoa","Filosa-Thecofilosea","Cryomonadida","Protaspa-lineage","Protaspa-lineage_X","Protaspa-lineage_X_sp."
"ASV_12029","Eukaryota","TSAR","Stramenopiles","Gyrista","Chrysophyceae","Chrysophyceae_Clade-EC2H","Chrysophyceae_Clade-EC2H_X","Chrysophyceae_Clade-EC2H_XX","Chrysophyceae_Clade-EC2H_XX_sp."
"ASV_12030","Eukaryota","TSAR","Alveolata","Dinoflagellata","Dinophyceae","Suessiales","Suessiaceae","Yihiella","Yihiella_yeosuensis"
"ASV_12031","Eukaryota","TSAR","Alveolata","Dinoflagellata","Dinophyceae","Suessiales","Suessiaceae","Pelagodinium","Pelagodinium_beii"
"ASV_12032","Eukaryota","TSAR","Alveolata","Dinoflagellata","Dinophyceae","Prorocentrales","Prorocentraceae","Prorocentrum","Prorocentrum_sp."
"ASV_12033","Eukaryota","Archaeplastida","Picozoa","Picozoa_subdivision_1","Picomonadea","Picomonadea_X","Picomonadea_XX","Picomonadea_XXX","Picomonadea_XXX_sp."
"ASV_12034","Eukaryota","TSAR","Alveolata","Dinoflagellata","Dinophyceae","unassigned","unassigned","unassigned","unassigned"
"ASV_12035","Eukaryota","TSAR","Alveolata","Dinoflagellata","Dinophyceae","unassigned","unassigned","unassigned","unassigned"
"ASV_12036","Eukaryota","TSAR","Stramenopiles","Bigyra","Sagenista","Labyrinthulomycetes","Thraustochytriaceae","Thraustochytriaceae_LAB17","Thraustochytriaceae_LAB17_sp."
"ASV_12038","Eukaryota","TSAR","Telonemia","Telonemia_X","Telonemia_XX","Telonemia_XXX","Telonemia-Group-2","Telonemia-Group-2_X","Telonemia-Group-2_X_sp."
"ASV_12041","Eukaryota","TSAR","Alveolata","Dinoflagellata","Syndiniales","Dino-Group-II","Dino-Group-II-Clade-3","Dino-Group-II-Clade-3_X","Dino-Group-II-Clade-3_X_sp."
"ASV_12042","Eukaryota","TSAR","Alveolata","Dinoflagellata","Syndiniales","Dino-Group-I","Dino-Group-I-Clade-5","Dino-Group-I-Clade-5_X","Dino-Group-I-Clade-5_X_sp."
"ASV_12043","Eukaryota","TSAR","Rhizaria","Cercozoa","Filosa-Imbricatea","Marimonadida","Marimonadida_X","Marimonadida_XX","Marimonadida_XX_sp."
"ASV_12044","Eukaryota","TSAR","Alveolata","Dinoflagellata","Dinophyceae","Gymnodiniales","Gymnodiniaceae","Gyrodinium","Gyrodinium_helveticum"
"ASV_12045","Eukaryota","Haptista","Haptophyta","Haptophyta_X","Prymnesiophyceae","Phaeocystales","Phaeocystaceae","Phaeocystis","Phaeocystis_sp."
"ASV_12048","Eukaryota","Archaeplastida","Chlorophyta","Chlorophyta_X","Mamiellophyceae","Mamiellales","Bathycoccaceae","Ostreococcus","Ostreococcus_tauri"
"ASV_12049","Eukaryota","Haptista","Haptophyta","Haptophyta_X","Prymnesiophyceae","Prymnesiales","Chrysochromulinaceae","Chrysochromulina","Chrysochromulina_sp."
"ASV_12050","Eukaryota","TSAR","Rhizaria","Cercozoa","Filosa-Thecofilosea","Cryomonadida","Protaspa-lineage","Protaspa-lineage_X","Protaspa-lineage_X_sp."
"ASV_12051","Eukaryota","Haptista","Haptophyta","Haptophyta_X","Prymnesiophyceae","Prymnesiales","Chrysochromulinaceae","Chrysochromulina","Chrysochromulina_sp."
"ASV_12053","Eukaryota","TSAR","Alveolata","Dinoflagellata","Syndiniales","Dino-Group-II","Dino-Group-II-Clade-10-and-11","Dino-Group-II-Clade-10-and-11_X","Dino-Group-II-Clade-10-and-11_X_sp."
"ASV_12054","Eukaryota","TSAR","Alveolata","Dinoflagellata","Syndiniales","Dino-Group-I","Dino-Group-I-Clade-4","Dino-Group-I-Clade-4_X","Dino-Group-I-Clade-4_X_sp."
"ASV_12055","Eukaryota","TSAR","Alveolata","Dinoflagellata","Dinophyceae","Gonyaulacales","Gonyaulacaceae","Spiniferites","Spiniferites_ramosus"
"ASV_12056","Eukaryota","Archaeplastida","Chlorophyta","Chlorophyta_X","Nephroselmidophyceae","Nephroselmidales","Nephroselmidales_X","Nephroselmis","Nephroselmis_pyriformis"
"ASV_12057","Eukaryota","TSAR","Stramenopiles","Gyrista","Coscinodiscophyceae","Rhizosoleniales","Rhizosoleniaceae","Rhizosolenia","Rhizosolenia_delicatula"
"ASV_12058","Eukaryota","Archaeplastida","Chlorophyta","Chlorophyta_X","Pyramimonadophyceae","Pyramimonadales","Pterospermaceae","Pterosperma","Pterosperma_sp."
"ASV_12061","Eukaryota","Haptista","Haptophyta","Haptophyta_X","Prymnesiophyceae","Prymnesiales","Chrysochromulinaceae","Chrysochromulina","Chrysochromulina_sp."
"ASV_12062","Eukaryota","Archaeplastida","Chlorophyta","Chlorophyta_X","Chlorophyceae","Chlamydomonadales","Chlamydomonadales_X","Chlamydomonas","Chlamydomonas_parkeae"
"ASV_12065","Eukaryota","TSAR","Alveolata","Dinoflagellata","Dinophyceae","Gymnodiniales","Gymnodiniaceae","Gymnodinium","Gymnodinium_dorsalisulcum"
"ASV_12066","Eukaryota","TSAR","Alveolata","Dinoflagellata","Syndiniales","Dino-Group-I","Dino-Group-I-Clade-1","Dino-Group-I-Clade-1_X","Dino-Group-I-Clade-1_X_sp."
"ASV_12067","Eukaryota","TSAR","Alveolata","Dinoflagellata","Syndiniales","Dino-Group-I","Dino-Group-I-Clade-5","Dino-Group-I-Clade-5_X","Dino-Group-I-Clade-5_X_sp."
"ASV_12068","Eukaryota","Haptista","Haptophyta","Haptophyta_X","Prymnesiophyceae","Phaeocystales","Phaeocystaceae","Phaeocystis","Phaeocystis_sp."
"ASV_12069","Eukaryota","TSAR","Alveolata","Dinoflagellata","Dinophyceae","Gymnodiniales","Gymnodiniaceae","Gyrodinium","Gyrodinium_helveticum"
"ASV_12070","Eukaryota","TSAR","Stramenopiles","Gyrista","Pelagophyceae","Pelagomonadales","Pelagomonadales_clade_B","Pelagomonadales_clade_B2","Pelagomonadales_clade_B2_sp."
"ASV_12071","Eukaryota","TSAR","Stramenopiles","Gyrista","Bacillariophyceae","Bacillariales","Bacillariaceae","Cylindrotheca","Cylindrotheca_closterium"
"ASV_12072","Eukaryota","TSAR","Stramenopiles","Bigyra","Sagenista","Labyrinthulomycetes","Thraustochytriaceae","Thraustochytriaceae_LAB17","Thraustochytriaceae_LAB17_sp."
"ASV_12075","Eukaryota","Haptista","Haptophyta","Haptophyta_X","Prymnesiophyceae","Prymnesiales","Chrysochromulinaceae","Chrysochromulina","Chrysochromulina_leadbeateri"
"ASV_12076","Eukaryota","TSAR","Stramenopiles","Gyrista","Peronosporomycetes","Peronosporomycetes_X","unassigned","unassigned","unassigned"
"ASV_12077","Eukaryota","TSAR","Rhizaria","Cercozoa","Filosa-Thecofilosea","Cryomonadida","Protaspa-lineage","Protaspa-lineage_X","Protaspa-lineage_X_sp."
"ASV_12079","Eukaryota","TSAR","Alveolata","Dinoflagellata","Syndiniales","Dino-Group-III","Dino-Group-III_X","Dino-Group-III_XX","Dino-Group-III_XX_sp."
"ASV_12080","Eukaryota:nucl","Cryptista:nucl","Cryptophyta:nucl","Cryptophyta_X:nucl","Cryptophyceae:nucl","Cryptomonadales:nucl","Cryptomonadales_X:nucl","unassigned","unassigned"
"ASV_12081","Eukaryota","TSAR","Stramenopiles","Gyrista","Dictyochophyceae","Dictyochophyceae_X","Florenciellales","Pseudochattonella","Pseudochattonella_verruculosa"
"ASV_12082","Eukaryota","Archaeplastida","Picozoa","Picozoa_subdivision_1","Picozoa_subdivision_1B","Picozoa_subdivision_1B_X","Picozoa_subdivision_1B_XX","Picozoa_subdivision_1B_XXX","Picozoa_subdivision_1B_XXX_sp."
"ASV_12083","Eukaryota","TSAR","Alveolata","Ciliophora","Spirotrichea","Choreotrichida","Choreotrichida_X","Choreotrichida_XX","Choreotrichida_XX_sp."
"ASV_12084","Eukaryota","Haptista","Haptophyta","Haptophyta_X","Prymnesiophyceae","Prymnesiales","Chrysochromulinaceae","Chrysochromulina","Chrysochromulina_sp."
"ASV_12086","Eukaryota","TSAR","Stramenopiles","Gyrista","Mediophyceae","Thalassiosirales","Thalassiosiraceae","Thalassiosira","Thalassiosira_guillardii"
"ASV_12087","Eukaryota","TSAR","Alveolata","Dinoflagellata","Dinophyceae","Peridiniales","Thoracosphaeraceae","Scrippsiella","unassigned"
"ASV_12088","Eukaryota","TSAR","Alveolata","Dinoflagellata","Syndiniales","Dino-Group-I","Dino-Group-I-Clade-5","Dino-Group-I-Clade-5_X","Dino-Group-I-Clade-5_X_sp."
"ASV_12091","Eukaryota","Haptista","Haptophyta","Haptophyta_X","Prymnesiophyceae","Syracosphaerales","Syracosphaerales_X","Syracosphaerales_XX","Syracosphaerales_XX_sp."
"ASV_12092","Eukaryota","TSAR","Alveolata","Dinoflagellata","Dinophyceae","Dinophyceae_X","Dinophyceae_XX","Dinophyceae_XXX","Dinophyceae_XXX_sp."
"ASV_12093","Eukaryota","Haptista","Haptophyta","Haptophyta_X","Haptophyta_Clade_HAP3","Haptophyta_Clade_HAP3_X","Haptophyta_Clade_HAP3_XX","Haptophyta_Clade_HAP3_XXX","Haptophyta_Clade_HAP3_XXX_sp."
"ASV_12094","Eukaryota","TSAR","Stramenopiles","Bigyra","Opalozoa","Nanomonadea","MAST-3","MAST-3F","MAST-3F_sp."
"ASV_12095","Eukaryota","TSAR","Alveolata","Ciliophora","Spirotrichea","Choreotrichida","Choreotrichida_X","Choreotrichida_XX","Choreotrichida_XX_sp."
"ASV_12096","Eukaryota","Cryptista","Kathablepharidacea","Kathablepharida","Kathablepharidea","Kathablepharidida","Kathablepharidida_X","Kathablepharidida_XX","Kathablepharidida_XX_sp."
"ASV_12097","Eukaryota","TSAR","Alveolata","Dinoflagellata","Syndiniales","Dino-Group-II","Dino-Group-II-Clade-7","Dino-Group-II-Clade-7_X","Dino-Group-II-Clade-7_X_sp."
"ASV_12098","Eukaryota","TSAR","Rhizaria","Cercozoa","unassigned","unassigned","unassigned","unassigned","unassigned"
"ASV_12099","Eukaryota","Haptista","Haptophyta","Haptophyta_X","Prymnesiophyceae","Prymnesiales","Prymnesiaceae","Haptolina","Haptolina_sp."
"ASV_12100","Eukaryota","Haptista","Haptophyta","Haptophyta_X","Prymnesiophyceae","Prymnesiales","Prymnesiaceae","Haptolina","Haptolina_sp."
"ASV_12101","Eukaryota","TSAR","Alveolata","Ciliophora","Spirotrichea","Oligotrichida","Oligotrichida_X","Oligotrichida_XX","Oligotrichida_XX_sp."
"ASV_12102","Eukaryota","TSAR","Alveolata","Dinoflagellata","Syndiniales","Dino-Group-II","Dino-Group-II-Clade-16","Dino-Group-II-Clade-16_X","Dino-Group-II-Clade-16_X_sp."
"ASV_12103","Eukaryota","Archaeplastida","Chlorophyta","Chlorophyta_X","Chloropicophyceae","Chloropicales","Chloropicaceae","Chloropicon","Chloropicon_laureae"
"ASV_12105","Eukaryota","Obazoa","Opisthokonta","Ichthyosporea","Ichthyophonida","Abeoformidae","Abeoformidae_Group_MAIP_1","Abeoformidae_Group_MAIP_1_X","Abeoformidae_Group_MAIP_1_X_sp."
"ASV_12106","Eukaryota","TSAR","Stramenopiles","Bigyra","Opalozoa","Opalozoa_X","MAST-12","MAST-12A","MAST-12A_sp."
"ASV_12107","Eukaryota","Archaeplastida","Picozoa","Picozoa_subdivision_2","Picozoa_subdivision_2_X","Picozoa_subdivision_2_XX","Picozoa_subdivision_2_XXX","Picozoa_subdivision_2_XXXX","Picozoa_subdivision_2_XXXX_sp."
"ASV_12108","Eukaryota","Cryptista","Kathablepharidacea","Kathablepharida","Kathablepharidea","Kathablepharidida","Kathablepharidida_X","Kathablepharidida_XX","Kathablepharidida_XX_sp."
"ASV_12109","Eukaryota","TSAR","Alveolata","Dinoflagellata","Syndiniales","Dino-Group-II","Dino-Group-II-Clade-16","Dino-Group-II-Clade-16_X","Dino-Group-II-Clade-16_X_sp."
"ASV_12111","Eukaryota","TSAR","Alveolata","Dinoflagellata","Dinophyceae","Peridiniales","Thoracosphaeraceae","Thoracosphaeraceae_X","Thoracosphaeraceae_X_sp."
"ASV_12112","Eukaryota","TSAR","Alveolata","Dinoflagellata","Dinophyceae","Gymnodiniales","Gymnodiniaceae","Gymnodinium","Gymnodinium_sp."
"ASV_12113","Eukaryota","TSAR","Stramenopiles","Gyrista","Bolidophyceae","Parmales","Parmales_env_3","Parmales_env_3_X","Parmales_env_3_X_sp."
"ASV_12114","Eukaryota","TSAR","Alveolata","Dinoflagellata","Dinophyceae","unassigned","unassigned","unassigned","unassigned"
"ASV_12115","Eukaryota","TSAR","Stramenopiles","Gyrista","Mediophyceae","Thalassiosirales","Thalassiosiraceae","Thalassiosira","unassigned"
"ASV_12116","Eukaryota","Archaeplastida","Chlorophyta","Chlorophyta_X","Pyramimonadophyceae","Pyramimonadales","Pyramimonadaceae","Pyramimonas","Pyramimonas_sp."
"ASV_12117","Eukaryota","TSAR","Alveolata","Dinoflagellata","Dinophyceae","Gymnodiniales","Gymnodiniaceae","Gyrodinium","unassigned"
"ASV_12118","Eukaryota","TSAR","Rhizaria","Cercozoa","Filosa-Imbricatea","Filosa-Imbricatea_X","Novel-clade-2","Novel-clade-2_X","Novel-clade-2_X_sp."
"ASV_12119","Eukaryota","TSAR","Stramenopiles","Gyrista","Dictyochophyceae","Dictyochophyceae_X","Pedinellales","Pedinellales_X","Pedinellales_X_sp."
"ASV_12120","Eukaryota","TSAR","Alveolata","Dinoflagellata","Dinophyceae","Dinophyceae_X","Dinophyceae_XX","Dinophyceae_XXX","Dinophyceae_XXX_sp."
"ASV_12121","Eukaryota","TSAR","Alveolata","Dinoflagellata","Syndiniales","Dino-Group-II","Dino-Group-II-Clade-1","Dino-Group-II-Clade-1_X","Dino-Group-II-Clade-1_X_sp."
"ASV_12122","Eukaryota","TSAR","Stramenopiles","Gyrista","MOCH-3","MOCH-3_X","MOCH-3_XX","MOCH-3_XXX","MOCH-3_XXX_sp."
"ASV_12124","Eukaryota","TSAR","Alveolata","Dinoflagellata","Syndiniales","Dino-Group-I","Dino-Group-I-Clade-4","Dino-Group-I-Clade-4_X","Dino-Group-I-Clade-4_X_sp."
"ASV_12125","Eukaryota","TSAR","Stramenopiles","Gyrista","Bacillariophyceae","Bacillariales","Bacillariaceae","Pseudo-nitzschia","Pseudo-nitzschia_cuspidata"
"ASV_12126","Eukaryota","TSAR","Alveolata","Dinoflagellata","Syndiniales","Dino-Group-II","Dino-Group-II-Clade-10-and-11","Dino-Group-II-Clade-10-and-11_X","Dino-Group-II-Clade-10-and-11_X_sp."
"ASV_12127","Eukaryota:nucl","Cryptista:nucl","Cryptophyta:nucl","Cryptophyta_X:nucl","Cryptophyceae:nucl","unassigned","unassigned","unassigned","unassigned"
"ASV_12128","Eukaryota","TSAR","Alveolata","Ciliophora","Spirotrichea","Choreotrichida","Choreotrichida_X","Choreotrichida_XX","Choreotrichida_XX_sp."
"ASV_12129","Eukaryota","TSAR","Stramenopiles","Gyrista","Gyrista_X","Gyrista_XX","MAST-1","MAST-1C","MAST-1C_sp."
"ASV_12130","Eukaryota","TSAR","Alveolata","Ciliophora","Spirotrichea","Choreotrichida","Choreotrichida_X","Choreotrichida_XX","Choreotrichida_XX_sp."
"ASV_12131","Eukaryota","TSAR","Alveolata","Dinoflagellata","Dinophyceae","Suessiales","Borghiellaceae","Dactylodinium","Dactylodinium_arachnoides"
"ASV_12132","Eukaryota","TSAR","Stramenopiles","Gyrista","Bacillariophyceae","Bacillariales","Bacillariaceae","Pseudo-nitzschia","Pseudo-nitzschia_galaxiae"
"ASV_12134","Eukaryota","TSAR","Alveolata","Dinoflagellata","Dinophyceae","Gymnodiniales","Kareniaceae","Karlodinium","Karlodinium_sp."
"ASV_12135","Eukaryota","TSAR","Alveolata","Dinoflagellata","Syndiniales","Dino-Group-II","Dino-Group-II-Clade-6","Dino-Group-II-Clade-6_X","Dino-Group-II-Clade-6_X_sp."
"ASV_12136","Eukaryota","TSAR","Alveolata","Dinoflagellata","Syndiniales","Dino-Group-II","Dino-Group-II-Clade-8","Dino-Group-II-Clade-8_X","Dino-Group-II-Clade-8_X_sp."
"ASV_12138","Eukaryota","TSAR","Alveolata","Dinoflagellata","Dinophyceae","unassigned","unassigned","unassigned","unassigned"
"ASV_12140","Eukaryota","Haptista","Haptophyta","Haptophyta_X","Prymnesiophyceae","Prymnesiophyceae_Clade_F","Prymnesiophyceae_Clade_F_X","Prymnesiophyceae_Clade_F_XX","Prymnesiophyceae_Clade_F_XX_sp."
"ASV_12141","Eukaryota","TSAR","Alveolata","Dinoflagellata","Syndiniales","Dino-Group-I","Dino-Group-I-Clade-1","Dino-Group-I-Clade-1_X","Dino-Group-I-Clade-1_X_sp."
"ASV_12142","Eukaryota","TSAR","Alveolata","Dinoflagellata","Syndiniales","Dino-Group-II","Dino-Group-II-Clade-10-and-11","Dino-Group-II-Clade-10-and-11_X","Dino-Group-II-Clade-10-and-11_X_sp."
"ASV_12143","Eukaryota","TSAR","Stramenopiles","Bigyra","Opalozoa","Opalozoa_X","MAST-12","MAST-12B","MAST-12B_sp."
"ASV_12144","Eukaryota","Cryptista","Kathablepharidacea","Kathablepharida","Kathablepharidea","Kathablepharidida","Kathablepharidida_X","Kathablepharis","Kathablepharis_japonica"
"ASV_12145","Eukaryota","TSAR","Alveolata","Dinoflagellata","Syndiniales","Dino-Group-II","Dino-Group-II_X","Dino-Group-II_XX","Dino-Group-II_XX_sp."
"ASV_12146","Eukaryota","TSAR","Stramenopiles","Gyrista","Mediophyceae","Chaetocerotales","Leptocylindraceae","Leptocylindrus","Leptocylindrus_danicus"
"ASV_12147","Eukaryota","Archaeplastida","Chlorophyta","Chlorophyta_X","Chlorophyceae","Chlamydomonadales","Chlamydomonadales_X","Carteria","Carteria_sp."
"ASV_12149","Eukaryota","TSAR","Alveolata","Ciliophora","Spirotrichea","Choreotrichida-Tintinnina","Tintinnidiidae","Antetintinnidium","Antetintinnidium_mucicola"
"ASV_12150","Eukaryota","TSAR","Alveolata","Dinoflagellata","Syndiniales","Dino-Group-II","Dino-Group-II-Clade-4","Dino-Group-II-Clade-4_X","Dino-Group-II-Clade-4_X_sp."
"ASV_12151","Eukaryota","Haptista","Haptophyta","Haptophyta_X","Prymnesiophyceae","Prymnesiales","Chrysochromulinaceae","Chrysochromulina","Chrysochromulina_sp."
"ASV_12152","Eukaryota","TSAR","Alveolata","Dinoflagellata","Dinophyceae","Dinophyceae_X","Dinophyceae_XX","Dinophyceae_XXX","Dinophyceae_XXX_sp."
"ASV_12153","Eukaryota","TSAR","Stramenopiles","Gyrista","Dictyochophyceae","Dictyochophyceae_X","Pedinellales","Pedinellales_X","Pedinellales_X_sp."
"ASV_12154","Eukaryota","TSAR","Alveolata","Ciliophora","Spirotrichea","Oligotrichida","Tontoniidae","Laboea","Laboea_sp."
"ASV_12155","Eukaryota","TSAR","Alveolata","Dinoflagellata","Dinophyceae","Peridiniales","Amphidiniopsidaceae","Islandinium","Islandinium_tricingulatum"
"ASV_12156","Eukaryota","TSAR","Stramenopiles","Gyrista","Mediophyceae","Thalassiosirales","Thalassiosiraceae","Thalassiosira","unassigned"
"ASV_12157","Eukaryota","TSAR","Rhizaria","Cercozoa","Filosa-Thecofilosea","Cryomonadida","Cryothecomonas-lineage","Cryothecomonas-lineage_X","Cryothecomonas-lineage_X_sp."
"ASV_12158","Eukaryota","TSAR","Rhizaria","Cercozoa","Filosa-Thecofilosea","Filosa-Thecofilosea_X","Mataza-lineage","Mataza-lineage_X","Mataza-lineage_X_sp."
"ASV_12159","Eukaryota","TSAR","Alveolata","Dinoflagellata","Dinophyceae","unassigned","unassigned","unassigned","unassigned"
"ASV_12160","Eukaryota","TSAR","Stramenopiles","Gyrista","Bolidophyceae","Parmales","Parmales_env_3","Parmales_env_3A","Parmales_env_3A_sp."
"ASV_12162","Eukaryota","TSAR","Alveolata","Dinoflagellata","Syndiniales","Dino-Group-III","Dino-Group-III_X","Dino-Group-III_XX","Dino-Group-III_XX_sp."
"ASV_12164","Eukaryota","Archaeplastida","Picozoa","Picozoa_subdivision_1","Picozoa_subdivision_1B","Picozoa_subdivision_1B_X","Picozoa_subdivision_1B_XX","Picozoa_subdivision_1B_XXX","Picozoa_subdivision_1B_XXX_sp."
"ASV_12165","Eukaryota","Haptista","Haptophyta","Haptophyta_X","Prymnesiophyceae","Prymnesiales","Chrysochromulinaceae","Chrysochromulina","unassigned"
"ASV_12166","Eukaryota","Cryptista","Cryptophyta","Cryptophyta_X","Cryptophyceae","Cryptomonadales","Cryptomonadales_X","Teleaulax","Teleaulax_amphioxeia"
"ASV_12167","Eukaryota","TSAR","Telonemia","Telonemia_X","Telonemia_XX","Telonemia_XXX","Telonemia-Group-1","Telonema-Group-1","Telonema_subtile"
"ASV_12168","Eukaryota","TSAR","Stramenopiles","Gyrista","Mediophyceae","Thalassiosirales","Thalassiosiraceae","Minidiscus","Minidiscus_trioculatus"
"ASV_12169","Eukaryota","TSAR","Alveolata","Dinoflagellata","Syndiniales","Dino-Group-II","Dino-Group-II-Clade-10-and-11","Dino-Group-II-Clade-10-and-11_X","Dino-Group-II-Clade-10-and-11_X_sp."
"ASV_12171","Eukaryota","TSAR","Alveolata","Dinoflagellata","Syndiniales","Dino-Group-II","Dino-Group-II-Clade-4","Dino-Group-II-Clade-4_X","Dino-Group-II-Clade-4_X_sp."
"ASV_12173","Eukaryota","TSAR","Alveolata","Dinoflagellata","Dinophyceae","Gonyaulacales","Ceratiaceae","Tripos","Tripos_fusus"
"ASV_12174","Eukaryota","TSAR","Telonemia","Telonemia_X","Telonemia_XX","Telonemia_XXX","Telonemia-Group-2","Telonemia-Group-2_X","Telonemia-Group-2_X_sp."
"ASV_12175","Eukaryota","TSAR","Stramenopiles","Bigyra","Sagenista","Pseudophyllomitidae","MAST-6","MAST-6_X","MAST-6_X_sp."
"ASV_12176","Eukaryota","TSAR","Alveolata","Dinoflagellata","Dinophyceae","unassigned","unassigned","unassigned","unassigned"
"ASV_12177","Eukaryota","Haptista","Centroplasthelida","Centroplasthelida_X","Pterocystida","Pterocystida_X","Pterocystida_XX","Pterocystida_XXX","Pterocystida_XXX_sp."
"ASV_12178","Eukaryota","TSAR","Stramenopiles","Bigyra","Sagenista","Labyrinthulomycetes","Thraustochytriaceae","Thraustochytriaceae_LAB17","Thraustochytriaceae_LAB17_sp."
"ASV_12179","Eukaryota","TSAR","Stramenopiles","Gyrista","Mediophyceae","Eupodiscales","Odontellaceae","Odontella","Odontella_regia"
"ASV_12180","Eukaryota","TSAR","Alveolata","Dinoflagellata","Noctilucophyceae","Noctilucales","Noctilucaceae","Noctiluca","Noctiluca_scintillans"
"ASV_12181","Eukaryota","TSAR","Stramenopiles","Gyrista","Mediophyceae","Thalassiosirales","Thalassiosiraceae","Thalassiosira","Thalassiosira_punctigera"
"ASV_12182","Eukaryota","TSAR","Stramenopiles","Gyrista","MOCH-2","MOCH-2_X","MOCH-2_XX","MOCH-2_XXX","MOCH-2_XXX_sp."
"ASV_12183","Eukaryota","TSAR","Alveolata","Dinoflagellata","Syndiniales","Dino-Group-II","Dino-Group-II-Clade-1","Dino-Group-II-Clade-1_X","Dino-Group-II-Clade-1_X_sp."
"ASV_12184","Eukaryota","TSAR","Rhizaria","Cercozoa","Filosa-Thecofilosea","Cryomonadida","Cryothecomonas-lineage","Cryothecomonas","Cryothecomonas_aestivalis"
"ASV_12185","Eukaryota","TSAR","Rhizaria","Cercozoa","Filosa-Thecofilosea","Cryomonadida","Protaspa-lineage","Protaspa-lineage_X","Protaspa-lineage_X_sp."
"ASV_12186","Eukaryota","Archaeplastida","Prasinodermophyta","Prasinodermophyta_X","Prasinodermophyceae","Prasinodermales","Prasinodermaceae","Prasinoderma","Prasinoderma_sp."
"ASV_12187","Eukaryota","TSAR","Rhizaria","Cercozoa","Filosa-Imbricatea","Filosa-Imbricatea_X","Novel-clade-2","Novel-clade-2_X","Novel-clade-2_X_sp."
"ASV_12188","Eukaryota","Haptista","Haptophyta","Haptophyta_X","Prymnesiophyceae","Prymnesiales","Chrysochromulinaceae","Chrysochromulina","Chrysochromulina_sp."
"ASV_12189","Eukaryota","TSAR","Stramenopiles","Bigyra","Opalozoa","Nanomonadea","MAST-3","MAST-3I","MAST-3I_sp."
"ASV_12190","Eukaryota","TSAR","Stramenopiles","Gyrista","Mediophyceae","Eupodiscales","Odontellaceae","Odontella","Odontella_aurita"
"ASV_12191","Eukaryota","TSAR","Stramenopiles","Gyrista","Bolidophyceae","Parmales","Triparmaceae","Triparma","Triparma_laevis"
"ASV_12192","Eukaryota","TSAR","Stramenopiles","Bigyra","Sagenista","Sagenista_X","MAST-7","MAST-7B","MAST-7B_sp."
"ASV_12195","Eukaryota","TSAR","Stramenopiles","Bigyra","Sagenista","Labyrinthulomycetes","Thraustochytriaceae","Thraustochytriaceae_LAB17","Thraustochytriaceae_LAB17_sp."
"ASV_12197","Eukaryota","TSAR","Alveolata","Dinoflagellata","Dinophyceae","Prorocentrales","Prorocentraceae","Prorocentrum","Prorocentrum_sp."
"ASV_12199","Eukaryota","TSAR","Alveolata","Ciliophora","Spirotrichea","Choreotrichida","Choreotrichida_X","Choreotrichida_XX","Choreotrichida_XX_sp."
"ASV_12201","Eukaryota","TSAR","Stramenopiles","Gyrista","Mediophyceae","Chaetocerotales","Chaetocerotaceae","Chaetoceros","Chaetoceros_diadema-1"
"ASV_12202","Eukaryota","TSAR","Alveolata","Ciliophora","Litostomatea","Haptoria_4","Didiniidae","Didiniidae_X","Didiniidae_X_sp."
"ASV_12205","Eukaryota","TSAR","Stramenopiles","Gyrista","Mediophyceae","Chaetocerotales","Chaetocerotaceae","Chaetoceros","Chaetoceros_debilis"
"ASV_12206","Eukaryota","TSAR","Rhizaria","Cercozoa","Filosa-Imbricatea","Marimonadida","Marimonadida_X","Marimonadida_XX","Marimonadida_XX_sp."
"ASV_12207","Eukaryota","TSAR","Alveolata","Dinoflagellata","Syndiniales","Dino-Group-II","Dino-Group-II-Clade-4","Dino-Group-II-Clade-4_X","Dino-Group-II-Clade-4_X_sp."
"ASV_12209","Eukaryota","Obazoa","Opisthokonta","Choanoflagellata","Choanoflagellatea","Acanthoecida","Stephanoecidae_Group_D","Stephanoecidae_Group_D_X","Stephanoecidae_Group_D_X_sp."
"ASV_12210","Eukaryota:nucl","Cryptista:nucl","Cryptophyta:nucl","Cryptophyta_X:nucl","Cryptophyceae:nucl","Cryptomonadales:nucl","Cryptomonadales_X:nucl","Falcomonas:nucl","Falcomonas_daucoides:nucl"
"ASV_12211","Eukaryota","Haptista","Haptophyta","Haptophyta_X","Prymnesiophyceae","Prymnesiales","Chrysochromulinaceae","Chrysochromulina","Chrysochromulina_sp."
"ASV_12213","Eukaryota","TSAR","Alveolata","Dinoflagellata","Syndiniales","Dino-Group-II","Dino-Group-II-Clade-10-and-11","Dino-Group-II-Clade-10-and-11_X","Dino-Group-II-Clade-10-and-11_X_sp."
"ASV_12214","Eukaryota","Archaeplastida","Chlorophyta","Chlorophyta_X","Mamiellophyceae","Mamiellales","Bathycoccaceae","Ostreococcus","Ostreococcus_lucimarinus"
"ASV_12215","Eukaryota","TSAR","Alveolata","Dinoflagellata","Dinophyceae","Gymnodiniales","Kareniaceae","Karenia","Karenia_brevis"
"ASV_12216","Eukaryota","Archaeplastida","Chlorophyta","Chlorophyta_X","Chlorophyceae","Chlamydomonadales","Chlamydomonadales_X","Chlamydomonas","unassigned"
"ASV_12217","Eukaryota","TSAR","Stramenopiles","Gyrista","Bolidophyceae","Parmales","Triparmaceae","Triparma","Triparma_pacifica"
"ASV_12218","Eukaryota","TSAR","Rhizaria","Cercozoa","Filosa-Thecofilosea","Ebriacea","TAGIRI1-lineage","TAGIRI1-lineage_X","TAGIRI1-lineage_X_sp."
"ASV_12219","Eukaryota","TSAR","Alveolata","Dinoflagellata","Syndiniales","Dino-Group-II","Dino-Group-II-Clade-7","Dino-Group-II-Clade-7_X","Dino-Group-II-Clade-7_X_sp."
"ASV_12220","Eukaryota","TSAR","Alveolata","Dinoflagellata","Dinophyceae","Gonyaulacales","Gonyaulacaceae","Spiniferites","Spiniferites_ramosus"
"ASV_12222","Eukaryota","TSAR","Alveolata","Dinoflagellata","Syndiniales","Dino-Group-I","Dino-Group-I-Clade-5","Dino-Group-I-Clade-5_X","Dino-Group-I-Clade-5_X_sp."
"ASV_12223","Eukaryota","TSAR","Stramenopiles","Bigyra","Opalozoa","Opalozoa_X","MAST-12","MAST-12A","MAST-12A_sp."
"ASV_12224","Eukaryota","TSAR","Stramenopiles","Gyrista","Gyrista_X","Gyrista_XX","MAST-1","MAST-1C","MAST-1C_sp."
"ASV_12225","Eukaryota","Obazoa","Opisthokonta","Choanoflagellata","Choanoflagellatea","Acanthoecida","Acanthoecida_X","Acanthoecida_XX","Acanthoecida_XX_sp."
"ASV_12226","Eukaryota","TSAR","Alveolata","Dinoflagellata","Dinophyceae","Gymnodiniales","Gymnodiniaceae","Gymnodinium","unassigned"
"ASV_12227","Eukaryota","Haptista","Haptophyta","Haptophyta_X","Prymnesiophyceae","Isochrysidales","Noelaerhabdaceae","Gephyrocapsa","Gephyrocapsa_oceanica"
"ASV_12228","Eukaryota","TSAR","Alveolata","Dinoflagellata","Syndiniales","Dino-Group-II","Dino-Group-II-Clade-1","Dino-Group-II-Clade-1_X","Dino-Group-II-Clade-1_X_sp."
"ASV_12231","Eukaryota","TSAR","Stramenopiles","Bigyra","Opalozoa","Nanomonadea","MAST-3","MAST-3D","MAST-3D_sp."
"ASV_12232","Eukaryota","TSAR","Alveolata","Dinoflagellata","Dinophyceae","unassigned","unassigned","unassigned","unassigned"
"ASV_12234","Eukaryota","TSAR","Rhizaria","Cercozoa","Filosa-Thecofilosea","Filosa-Thecofilosea_X","Mataza-lineage","Mataza-lineage_X","Mataza-lineage_X_sp."
"ASV_12235","Eukaryota","TSAR","Stramenopiles","Gyrista","Mediophyceae","Thalassiosirales","Thalassiosiraceae","Thalassiosira","unassigned"
"ASV_12236","Eukaryota","TSAR","Alveolata","Dinoflagellata","Dinophyceae","Gymnodiniales","Kareniaceae","Karlodinium","unassigned"
"ASV_12237","Eukaryota","TSAR","Stramenopiles","Gyrista","Mediophyceae","Thalassiosirales","Skeletonemaceae","Skeletonema","Skeletonema_costatum"
"ASV_12239","Eukaryota","Archaeplastida","Chlorophyta","Chlorophyta_X","Pyramimonadophyceae","Pyramimonadales","Pyramimonadaceae","Pyramimonas","Pyramimonas_sp."
"ASV_12241","Eukaryota","TSAR","Alveolata","Dinoflagellata","Dinophyceae","Prorocentrales","Prorocentraceae","Prorocentrum","Prorocentrum_sp."
"ASV_12242","Eukaryota","TSAR","Alveolata","Dinoflagellata","Dinophyceae","Suessiales","Suessiaceae","Pelagodinium","Pelagodinium_beii"
"ASV_12243","Eukaryota","Archaeplastida","Chlorophyta","Chlorophyta_X","Chloropicophyceae","Chloropicales","Chloropicaceae","Chloroparvula","Chloroparvula_pacifica"
"ASV_12244","Eukaryota","TSAR","Alveolata","Dinoflagellata","Dinophyceae","Prorocentrales","Prorocentraceae","Prorocentrum","Prorocentrum_sp."
"ASV_12246","Eukaryota","TSAR","Alveolata","Ciliophora","Spirotrichea","Oligotrichida","Tontoniidae","Spirotontonia","Spirotontonia_sp."
"ASV_12247","Eukaryota","TSAR","Stramenopiles","Gyrista","Pelagophyceae","Pelagomonadales","Pelagomonadales_clade_B","Pelagomonadales_clade_B1","Pelagomonadales_clade_B1_sp."
"ASV_12248","Eukaryota","TSAR","Alveolata","Dinoflagellata","Dinophyceae","Peridiniales","unassigned","unassigned","unassigned"
"ASV_12249","Eukaryota","TSAR","Alveolata","Dinoflagellata","Syndiniales","Dino-Group-I","Dino-Group-I-Clade-8","Dino-Group-I-Clade-8_X","Dino-Group-I-Clade-8_X_sp."
"ASV_12250","Eukaryota","TSAR","Stramenopiles","Gyrista","Peronosporomycetes","Peronosporomycetes_X","unassigned","unassigned","unassigned"
"ASV_12251","Eukaryota","Cryptista","Kathablepharidacea","Kathablepharida","Kathablepharidea","Kathablepharidida","Kathablepharidida_X","Kathablepharidida_XX","Kathablepharidida_XX_sp."
"ASV_12252","Eukaryota","TSAR","Stramenopiles","Gyrista","Mediophyceae","Thalassiosirales","Thalassiosiraceae","Porosira","Porosira_glacialis"
"ASV_12253","Eukaryota","TSAR","Alveolata","Dinoflagellata","Dinophyceae","Gymnodiniales","Gymnodiniaceae","Gyrodinium","unassigned"
"ASV_12254","Eukaryota","TSAR","Alveolata","Dinoflagellata","Syndiniales","Dino-Group-III","Dino-Group-III_X","Dino-Group-III_XX","Dino-Group-III_XX_sp."
"ASV_12256","Eukaryota","TSAR","Stramenopiles","Gyrista","Bacillariophyceae","Fragilariales","Fragilariaceae","Fragilaria","Fragilaria_sp."
"ASV_12257","Eukaryota","TSAR","Alveolata","Dinoflagellata","Dinophyceae","Gymnodiniales","Warnowiaceae","Warnowia","Warnowia_sp."
"ASV_12258","Eukaryota","Obazoa","Opisthokonta","Choanoflagellata","Choanoflagellatea","Acanthoecida","Stephanoecidae_Group_D","Stephanoecidae_Group_D_X","Stephanoecidae_Group_D_X_sp."
"ASV_12259","Eukaryota","TSAR","Rhizaria","Cercozoa","Filosa-Thecofilosea","Ventricleftida","Ventrifissuridae","Ventrifissuridae_X","Ventrifissuridae_X_sp."
"ASV_12260","Eukaryota","TSAR","Rhizaria","Cercozoa","Filosa-Thecofilosea","Cryomonadida","Protaspa-lineage","Protaspa-lineage_X","Protaspa-lineage_X_sp."
"ASV_12262","Eukaryota","TSAR","Alveolata","Ciliophora","Spirotrichea","Choreotrichida","Strobilidiidae","Pelagostrobilidium","unassigned"
"ASV_12263","Eukaryota","TSAR","Rhizaria","Cercozoa","Filosa-Thecofilosea","Ebriacea","TAGIRI1-lineage","TAGIRI1-lineage_X","TAGIRI1-lineage_X_sp."
"ASV_12264","Eukaryota","Archaeplastida","Picozoa","Picozoa_subdivision_1","Picomonadea","Picomonadida","Picomonadidae","Picomonas","Picomonas_sp."
"ASV_12265","Eukaryota","TSAR","Stramenopiles","Gyrista","Chrysophyceae","Chrysophyceae_Clade-EC2H","Chrysophyceae_Clade-EC2H_X","Chrysophyceae_Clade-EC2H_XX","Chrysophyceae_Clade-EC2H_XX_sp."
"ASV_12266","Eukaryota","TSAR","Alveolata","Dinoflagellata","Syndiniales","Dino-Group-I","Dino-Group-I-Clade-4","Dino-Group-I-Clade-4_X","Dino-Group-I-Clade-4_X_sp."
"ASV_12267","Eukaryota","TSAR","Rhizaria","Cercozoa","Filosa-Thecofilosea","Cryomonadida","Cryothecomonas-lineage","Cryothecomonas","Cryothecomonas_sp."
"ASV_12268","Eukaryota","TSAR","Stramenopiles","Gyrista","Dictyochophyceae","Dictyochophyceae_X","Pedinellales","Pseudopedinella","Pseudopedinella_elastica"
"ASV_12269","Eukaryota","TSAR","Stramenopiles","Gyrista","Chrysophyceae","Paraphysomonadales","Paraphysomonadaceae","Paraphysomonas","Paraphysomonas_sp."
"ASV_12270","Eukaryota","TSAR","Stramenopiles","Gyrista","Gyrista_X","Gyrista_XX","MAST-1","MAST-1C","MAST-1C_sp."
"ASV_12271","Eukaryota","TSAR","Alveolata","Ciliophora","Oligohymenophorea","Scuticociliatia_1","Philasterida","Uronema","Uronema_marinum"
"ASV_12272","Eukaryota","TSAR","Rhizaria","Cercozoa","Filosa-Imbricatea","Filosa-Imbricatea_X","Novel-clade-2","Novel-clade-2_X","Novel-clade-2_X_sp."
"ASV_12273","Eukaryota","TSAR","Alveolata","Dinoflagellata","Syndiniales","Dino-Group-II","Dino-Group-II-Clade-4","Dino-Group-II-Clade-4_X","Dino-Group-II-Clade-4_X_sp."
"ASV_12274","Eukaryota:nucl","Cryptista:nucl","Cryptophyta:nucl","Cryptophyta_X:nucl","Cryptophyceae:nucl","Cryptomonadales:nucl","Cryptomonadales_X:nucl","Geminigera:nucl","Geminigera_cryophila:nucl"
"ASV_12275","Eukaryota","Haptista","Haptophyta","Haptophyta_X","Prymnesiophyceae","Prymnesiales","Chrysochromulinaceae","Chrysochromulina","Chrysochromulina_sp."
"ASV_12277","Eukaryota","TSAR","Alveolata","Ciliophora","Spirotrichea","Oligotrichida","Oligotrichida_X","Oligotrichida_XX","Oligotrichida_XX_sp."
"ASV_12278","Eukaryota","TSAR","Alveolata","Dinoflagellata","Dinophyceae","Peridiniales","Protoperidiniaceae","Protoperidinium","Protoperidinium_depressum"
"ASV_12279","Eukaryota","Haptista","Haptophyta","Haptophyta_X","Prymnesiophyceae","Prymnesiales","Prymnesiaceae","Prymnesium","Prymnesium_sp."
"ASV_12280","Eukaryota","TSAR","Rhizaria","Radiolaria","Acantharea","Acantharea_4","Acantharea_4d","Acantharea_4d_X","Acantharea_4d_X_sp."
"ASV_12281","Eukaryota","TSAR","Rhizaria","Cercozoa","Filosa-Thecofilosea","Cryomonadida","Protaspa-lineage","Protaspa-lineage_X","Protaspa-lineage_X_sp."
"ASV_12282","Eukaryota","TSAR","Alveolata","Ciliophora","Spirotrichea","Oligotrichida","Strombidiidae","Strombidiidae_X","Strombidiidae_X_sp."
"ASV_12283","Eukaryota","TSAR","Alveolata","Dinoflagellata","Syndiniales","Dino-Group-I","Dino-Group-I-Clade-4","Dino-Group-I-Clade-4_X","Dino-Group-I-Clade-4_X_sp."
"ASV_12284","Eukaryota","TSAR","Alveolata","Dinoflagellata","Dinophyceae","Gymnodiniales","Gymnodiniaceae","Gymnodinium","Gymnodinium_sp."
"ASV_12286","Eukaryota","TSAR","Alveolata","Dinoflagellata","Dinophyceae","Peridiniales","Heterocapsaceae","Heterocapsa","Heterocapsa_rotundata"
"ASV_12287","Eukaryota","TSAR","Rhizaria","Cercozoa","Filosa-Thecofilosea","Cryomonadida","Cryothecomonas-lineage","Cryothecomonas","Cryothecomonas_aestivalis"
"ASV_12288","Eukaryota","TSAR","Rhizaria","Cercozoa","Filosa-Thecofilosea","Cryomonadida","Protaspa-lineage","Protaspa-lineage_X","Protaspa-lineage_X_sp."
"ASV_12289","Eukaryota","TSAR","Stramenopiles","Gyrista","Dictyochophyceae","Dictyochophyceae_X","Florenciellales","Florenciellales_X","Florenciellales_X_sp."
"ASV_12290","Eukaryota","TSAR","Alveolata","Dinoflagellata","Syndiniales","Dino-Group-I","Dino-Group-I-Clade-1","Dino-Group-I-Clade-1_X","Dino-Group-I-Clade-1_X_sp."
"ASV_12291","Eukaryota","TSAR","Alveolata","Dinoflagellata","Syndiniales","Dino-Group-I","Dino-Group-I-Clade-1","Dino-Group-I-Clade-1_X","Dino-Group-I-Clade-1_X_sp."
"ASV_12292","Eukaryota","Obazoa","Opisthokonta","Choanoflagellata","Choanoflagellatea","Craspedida","Monosigidae_Group_B","Lagenoeca","Lagenoeca_antarctica"
"ASV_12293","Eukaryota","Archaeplastida","Chlorophyta","Chlorophyta_X","Mamiellophyceae","Mamiellales","Mamiellaceae","Mantoniella","Mantoniella_clade_B"
"ASV_12294","Eukaryota","TSAR","Alveolata","Dinoflagellata","Dinophyceae","Peridiniales","Amphidiniopsidaceae","Islandinium","Islandinium_tricingulatum"
"ASV_12295","Eukaryota","TSAR","Alveolata","Dinoflagellata","Dinophyceae","Gymnodiniales","Gymnodiniaceae","unassigned","unassigned"
"ASV_12296","Eukaryota","TSAR","Alveolata","Ciliophora","CONThreeP","CONThreeP_X","CONThreeP_XX","Askenasia","Askenasia_sp."
"ASV_12297","Eukaryota","Cryptista","Cryptophyta","Cryptophyta_X","Cryptophyceae","Cryptomonadales","Cryptomonadales_X","Plagioselmis","Plagioselmis_prolonga"
"ASV_12299","Eukaryota","TSAR","Stramenopiles","Bigyra","Sagenista","Pseudophyllomitidae","MAST-6","MAST-6_X","MAST-6_X_sp."
"ASV_12300","Eukaryota","TSAR","Rhizaria","Cercozoa","Filosa-Thecofilosea","Cryomonadida","Cryothecomonas-lineage","Cryothecomonas","Cryothecomonas_aestivalis"
"ASV_12301","Eukaryota","TSAR","Stramenopiles","Gyrista","Coscinodiscophyceae","Coscinodiscales","Hemidiscaceae","Actinocyclus","Actinocyclus_sp."
"ASV_12302","Eukaryota","TSAR","Stramenopiles","Gyrista","Mediophyceae","Chaetocerotales","Chaetocerotaceae","Chaetoceros","Chaetoceros_tenuissimus"
"ASV_12303","Eukaryota","Archaeplastida","Picozoa","Picozoa_subdivision_3","Picozoa_subdivision_3_X","Picozoa_subdivision_3_XX","Picozoa_subdivision_3_XXX","Picozoa_subdivision_3_XXXX","Picozoa_subdivision_3_XXXX_sp."
"ASV_12305","Eukaryota","TSAR","Alveolata","Dinoflagellata","Dinophyceae","Gonyaulacales","Gonyaulacaceae","Gonyaulax","Gonyaulax_bohaiensis"
"ASV_12306","Eukaryota","TSAR","Alveolata","Dinoflagellata","Dinophyceae","Peridiniales","Thoracosphaeraceae","Pentapharsodinium","Pentapharsodinium_sp."
"ASV_12307","Eukaryota","TSAR","Alveolata","Ciliophora","Spirotrichea","Choreotrichida","Choreotrichida_X","Choreotrichida_XX","Choreotrichida_XX_sp."
"ASV_12308","Eukaryota","TSAR","Stramenopiles","Gyrista","MOCH-3","MOCH-3_X","MOCH-3_XX","MOCH-3_XXX","MOCH-3_XXX_sp."
"ASV_12310","Eukaryota","TSAR","Alveolata","Dinoflagellata","Syndiniales","Dino-Group-II","Dino-Group-II_X","Dino-Group-II-Clade-52_XX","Dino-Group-II-Clade-52_XX_sp."
"ASV_12311","Eukaryota","Cryptista","Kathablepharidacea","Kathablepharida","Kathablepharidea","Kathablepharidida","Kathablepharidida_X","Kathablepharidida_XX","Kathablepharidida_XX_sp."
"ASV_12312","Eukaryota","TSAR","Alveolata","Dinoflagellata","Syndiniales","Dino-Group-II","Dino-Group-II-Clade-32","Dino-Group-II-Clade-32_X","Dino-Group-II-Clade-32_X_sp."
"ASV_12313","Eukaryota","TSAR","Alveolata","Dinoflagellata","Syndiniales","Dino-Group-I","Dino-Group-I-Clade-3","Dino-Group-I-Clade-3_X","Dino-Group-I-Clade-3_X_sp."
"ASV_12314","Eukaryota","TSAR","Alveolata","Dinoflagellata","Dinophyceae","Peridiniales","Thoracosphaeraceae","Scrippsiella","Scrippsiella_acuminata"
"ASV_12316","Eukaryota","TSAR","Stramenopiles","Bigyra","Sagenista","Sagenista_X","MAST-10","MAST-10_X","MAST-10_X_sp."
"ASV_12317","Eukaryota","Archaeplastida","Chlorophyta","Chlorophyta_X","Prasino-Clade-9","Prasino-Clade-9_X","Prasino-Clade-9_XX","Prasino-Clade-9_XXX","Prasino-Clade-9_XXX_sp."
"ASV_12318","Eukaryota","Archaeplastida","Chlorophyta","Chlorophyta_X","Mamiellophyceae","Mamiellales","Mamiellaceae","Micromonas","Micromonas_clade_B4"
"ASV_12319","Eukaryota","TSAR","Alveolata","Apicomplexa","Apicomplexa_X","Apicomplexa_XX","Apicomplexa_XXX","Apicomplexa_XXXX","Apicomplexa_XXXX_sp."
"ASV_12320","Eukaryota","TSAR","Alveolata","Dinoflagellata","Dinophyceae","unassigned","unassigned","unassigned","unassigned"
"ASV_12321","Eukaryota","Obazoa","Opisthokonta","Choanoflagellata","Choanoflagellatea","Choanoflagellatea_X","Choanoflagellatea_XX","Choanoflagellatea_XXX","Choanoflagellatea_XXX_sp."
"ASV_12351","Eukaryota","Haptista","Haptophyta","Haptophyta_X","Prymnesiophyceae","Prymnesiales","Prymnesiaceae","Prymnesium","Prymnesium_sp."
"ASV_12363","Eukaryota","TSAR","Stramenopiles","Bigyra","Bicoecea","Bicoecales","Bicoecaceae","Bicosoeca","Bicosoeca_vacillans"
"ASV_12367","Eukaryota","TSAR","Stramenopiles","Gyrista","Peronosporomycetes","Peronosporomycetes_X","unassigned","unassigned","unassigned"
"ASV_12383","Eukaryota","TSAR","Alveolata","Ciliophora","Spirotrichea","Choreotrichida","Strobilidiidae","Strobilidiidae_X","Strobilidiidae_X_sp."
"ASV_12423","Eukaryota","Obazoa","unassigned","unassigned","unassigned","unassigned","unassigned","unassigned","unassigned"
"ASV_12428","Eukaryota","TSAR","Alveolata","Dinoflagellata","Dinophyceae","Peridiniales","Amphidomataceae","Azadinium","unassigned"
"ASV_12437","Eukaryota","TSAR","Stramenopiles","Gyrista","Mediophyceae","Thalassiosirales","Thalassiosiraceae","Thalassiosira","Thalassiosira_concaviuscula"
"ASV_12456","Eukaryota","TSAR","Alveolata","Dinoflagellata","Dinophyceae","Dinophysales","Dinophysaceae","Dinophysis","Dinophysis_sp."
"ASV_12461","Eukaryota","TSAR","Alveolata","unassigned","unassigned","unassigned","unassigned","unassigned","unassigned"
"ASV_12479","Eukaryota","TSAR","Stramenopiles","Gyrista","Pirsoniales","Pirsoniales_X","Pirsoniales_XX","Pirsonia_Clade__XXX","Pirsonia_Clade__XXX_sp."
"ASV_12480","Eukaryota","TSAR","Stramenopiles","Gyrista","Bacillariophyceae","Bacillariales","Bacillariaceae","Psammodictyon","Psammodictyon_sp."
"ASV_12487","Eukaryota","Obazoa","Apusomonada","Apusomonada_X","Apusomonadidae","Apusomonadidae_Group-1","Apusomonadidae_Group-1_X","Apusomonadidae_Group-1_XX","Apusomonadidae_Group-1_XX_sp."
"ASV_12515","Eukaryota","TSAR","Alveolata","Ciliophora","Spirotrichea","Choreotrichida-Tintinnina","Eutintinnidae","Eutintinnidae_X","Eutintinnidae_X_sp."
"ASV_12532","Eukaryota","TSAR","Rhizaria","Radiolaria","Acantharea","Acantharea_2","Acantharea_2b","Acantharea_2b_X","Acantharea_2b_X_sp."
"ASV_12566","Eukaryota","TSAR","Alveolata","Perkinsea","Perkinsida","Perkinsida_X","Perkinsida_XX","Perkinsida_XXX","Perkinsida_XXX_sp."
"ASV_12583","Eukaryota","TSAR","Stramenopiles","Gyrista","Peronosporomycetes","Peronosporomycetes_X","Peronosporomycetes_XX","Peronosporomycetes_XXX","Peronosporomycetes_XXX_sp."
"ASV_12593","Eukaryota","Haptista","Haptophyta","Haptophyta_X","Prymnesiophyceae","Prymnesiales","Chrysochromulinaceae","Chrysochromulina","Chrysochromulina_sp."
"ASV_12615","Eukaryota","TSAR","Alveolata","Dinoflagellata","Syndiniales","Dino-Group-II","unassigned","unassigned","unassigned"
"ASV_12617","Eukaryota","TSAR","Rhizaria","Cercozoa","Filosa-Imbricatea","unassigned","unassigned","unassigned","unassigned"
"ASV_12650","Eukaryota","TSAR","Alveolata","Dinoflagellata","Syndiniales","Dino-Group-II","Dino-Group-II-Clade-1","Dino-Group-II-Clade-1_X","Dino-Group-II-Clade-1_X_sp."
"ASV_12694","Eukaryota","Archaeplastida","Chlorophyta","Chlorophyta_X","Mamiellophyceae","Dolichomastigales","Dolichomastigaceae","unassigned","unassigned"
"ASV_12707","Eukaryota","TSAR","Rhizaria","Radiolaria","RAD-A","RAD-A_X","RAD-A_Xf","unassigned","unassigned"
"ASV_12721","Eukaryota","TSAR","Rhizaria","Cercozoa","Filosa-Thecofilosea","Ventricleftida","Ventricleftida_X","Ventricleftida_XX","Ventricleftida_XX_sp."
"ASV_12727","Eukaryota","TSAR","Alveolata","Dinoflagellata","Syndiniales","Dino-Group-III","Dino-Group-III_X","Dino-Group-III_XX","Dino-Group-III_XX_sp."
"ASV_12739","Eukaryota","TSAR","Rhizaria","Cercozoa","Filosa-Thecofilosea","Cryomonadida","Cryothecomonas-lineage","Cryothecomonas","unassigned"
"ASV_12775","Eukaryota","TSAR","Stramenopiles","Gyrista","Peronosporomycetes","Peronosporomycetes_X","Haliphthorales","unassigned","unassigned"
"ASV_12813","Eukaryota","TSAR","Alveolata","Dinoflagellata","Syndiniales","Dino-Group-I","Dino-Group-I-Clade-1","Dino-Group-I-Clade-1_X","Dino-Group-I-Clade-1_X_sp."
"ASV_12825","Eukaryota","Obazoa","Opisthokonta","Choanoflagellata","Choanoflagellatea","Acanthoecida","Acanthoecidae_Group_G","Calliacantha","Calliacantha_natans"
"ASV_12835","Eukaryota","TSAR","Stramenopiles","Gyrista","MOCH-5","MOCH-5_X","MOCH-5_XX","MOCH-5_XXX","MOCH-5_XXX_sp."
"ASV_12842","Eukaryota","TSAR","Alveolata","Dinoflagellata","Syndiniales","Dino-Group-II","Dino-Group-II-Clade-5","Dino-Group-II-Clade-5_X","Dino-Group-II-Clade-5_X_sp."
"ASV_12857","Eukaryota","TSAR","Stramenopiles","Gyrista","Mediophyceae","Chaetocerotales","Chaetocerotaceae","Chaetoceros","Chaetoceros_debilis"
"ASV_12864","Eukaryota","TSAR","Alveolata","Ciliophora","unassigned","unassigned","unassigned","unassigned","unassigned"
"ASV_12988","Eukaryota","TSAR","Alveolata","Dinoflagellata","Syndiniales","Dino-Group-II","Dino-Group-II-Clade-4","Dino-Group-II-Clade-4_X","Dino-Group-II-Clade-4_X_sp."
"ASV_13069","Eukaryota","Haptista","Haptophyta","Haptophyta_X","Prymnesiophyceae","Phaeocystales","Phaeocystaceae","Phaeocystis","Phaeocystis_pouchetii"
"ASV_13209","Eukaryota","TSAR","Stramenopiles","Gyrista","Mediophyceae","Chaetocerotales","Chaetocerotaceae","Chaetoceros","Chaetoceros_sp."
"ASV_13239","Eukaryota","TSAR","Stramenopiles","Bigyra","Sagenista","Sagenista_X","MAST-9","MAST-9A","MAST-9A_sp."
"ASV_13247","Eukaryota","TSAR","Stramenopiles","Gyrista","Mediophyceae","Thalassiosirales","Thalassiosiraceae","Thalassiosira","unassigned"
"ASV_13253","Eukaryota","TSAR","Alveolata","Dinoflagellata","Syndiniales","Dino-Group-II","unassigned","unassigned","unassigned"
"ASV_13422","Eukaryota","Archaeplastida","Chlorophyta","Chlorophyta_X","unassigned","unassigned","unassigned","unassigned","unassigned"
"ASV_13441","Eukaryota","TSAR","Stramenopiles","Gyrista","Mediophyceae","Chaetocerotales","Chaetocerotaceae","Chaetoceros","Chaetoceros_curvisetus-2b"
"ASV_13442","Eukaryota","TSAR","Alveolata","Dinoflagellata","Syndiniales","Dino-Group-II","Dino-Group-II-Clade-23","Dino-Group-II-Clade-23_X","Dino-Group-II-Clade-23_X_sp."
"ASV_13444","Eukaryota","TSAR","Stramenopiles","Gyrista","Mediophyceae","Cymatosirales","Cymatosiraceae","Papiliocellulus","Papiliocellulus_elegans"
"ASV_13457","Eukaryota","TSAR","Stramenopiles","Gyrista","Bolidophyceae","Parmales","Triparmaceae","Triparma","Triparma_sp."
"ASV_13458","Eukaryota","TSAR","Alveolata","Dinoflagellata","Dinophyceae","unassigned","unassigned","unassigned","unassigned"
"ASV_13461","Eukaryota","TSAR","Alveolata","Dinoflagellata","Syndiniales","Dino-Group-II","Dino-Group-II-Clade-25","Dino-Group-II-Clade-25_X","Dino-Group-II-Clade-25_X_sp."
"ASV_13464","Eukaryota","TSAR","Stramenopiles","Gyrista","Mediophyceae","Thalassiosirales","Thalassiosiraceae","Thalassiosira","unassigned"
"ASV_13468","Eukaryota","Archaeplastida","Chlorophyta","Chlorophyta_X","Pyramimonadophyceae","Pyramimonadales","Pterospermaceae","Pterosperma","unassigned"
"ASV_13472","Eukaryota","TSAR","Alveolata","Dinoflagellata","Dinophyceae","Prorocentrales","Prorocentraceae","Prorocentrum","Prorocentrum_sp."
"ASV_13475","Eukaryota","TSAR","Stramenopiles","Gyrista","Chrysophyceae","Paraphysomonadales","Paraphysomonadaceae","Paraphysomonas","Paraphysomonas_sp."
"ASV_13479","Eukaryota","TSAR","Rhizaria","Radiolaria","RAD-B","RAD-B_X","Taxopodida","Sticholonche","Sticholonche_sp."
"ASV_13484","Eukaryota","TSAR","Rhizaria","Cercozoa","Filosa-Imbricatea","Filosa-Imbricatea_X","Filosa-Imbricatea_XX","Quadricilia","Quadricilia_rotundata"
"ASV_13499","Eukaryota","TSAR","Rhizaria","Radiolaria","Acantharea","Acantharea_F","Acantharea_F2","Amphibelone","Amphibelone_heteracanthum"
"ASV_13507","Eukaryota","TSAR","Rhizaria","Cercozoa","Filosa-Thecofilosea","Cryomonadida","Protaspa-lineage","Protaspa-lineage_X","Protaspa-lineage_X_sp."
"ASV_13509","Eukaryota","TSAR","Alveolata","Dinoflagellata","Dinophyceae","Gymnodiniales","Gymnodiniaceae","Gymnodinium","Gymnodinium_sp."
"ASV_13511","Eukaryota","Haptista","Haptophyta","Haptophyta_X","Prymnesiophyceae","Syracosphaerales","Syracosphaerales_X","Syracosphaerales_XX","Syracosphaerales_XX_sp."
"ASV_13512","Eukaryota","TSAR","Alveolata","Ciliophora","Spirotrichea","Choreotrichida","Strobilidiidae","Pelagostrobilidium","unassigned"
"ASV_13519","Eukaryota","TSAR","Stramenopiles","Bigyra","Bicoecea","Bicoecales","Bicoecaceae","Bicosoeca","Bicosoeca_sp."
"ASV_13529","Eukaryota","TSAR","Stramenopiles","Bigyra","Sagenista","Labyrinthulomycetes","Thraustochytriaceae","Thraustochytriaceae_X","Thraustochytriaceae_X_sp."
"ASV_13534","Eukaryota","TSAR","Alveolata","Dinoflagellata","Syndiniales","Dino-Group-II","Dino-Group-II-Clade-16","Dino-Group-II-Clade-16_X","Dino-Group-II-Clade-16_X_sp."
"ASV_13537","Eukaryota","TSAR","Stramenopiles","Gyrista","Bacillariophyceae","Fragilariales","Fragilariaceae","Synedra","Synedra_hyperborea"
"ASV_13540","Eukaryota","TSAR","Stramenopiles","Bigyra","Opalozoa","Nanomonadea","MAST-3","MAST-3I","MAST-3I_sp."
"ASV_13542","Eukaryota","Haptista","Haptophyta","Haptophyta_X","Prymnesiophyceae","Prymnesiales","Chrysochromulinaceae","Chrysochromulina","Chrysochromulina_sp."
"ASV_13547","Eukaryota","TSAR","Alveolata","Dinoflagellata","Dinophyceae","unassigned","unassigned","unassigned","unassigned"
"ASV_13550","Eukaryota:nucl","Cryptista:nucl","Cryptophyta:nucl","Cryptophyta_X:nucl","Cryptophyceae:nucl","Cryptomonadales:nucl","Cryptomonadales_X:nucl","unassigned","unassigned"
"ASV_13552","Eukaryota","TSAR","Stramenopiles","Gyrista","MOCH-1","MOCH-1_X","MOCH-1_XX","MOCH-1_XXX","MOCH-1_XXX_sp."
"ASV_13557","Eukaryota","TSAR","Alveolata","Dinoflagellata","Dinophyceae","Prorocentrales","Prorocentraceae","Prorocentrum","unassigned"
"ASV_13561","Eukaryota","TSAR","Rhizaria","Cercozoa","Filosa-Imbricatea","Filosa-Imbricatea_X","Novel-clade-2","Novel-clade-2_X","Novel-clade-2_X_sp."
"ASV_13562","Eukaryota","TSAR","Alveolata","Dinoflagellata","Syndiniales","Dino-Group-II","Dino-Group-II-Clade-4","Dino-Group-II-Clade-4_X","Dino-Group-II-Clade-4_X_sp."
"ASV_13564","Eukaryota","TSAR","Rhizaria","Cercozoa","Filosa-Thecofilosea","Cryomonadida","Protaspa-lineage","Protaspa-lineage_X","Protaspa-lineage_X_sp."
"ASV_13570","Eukaryota","TSAR","Alveolata","Dinoflagellata","Syndiniales","Dino-Group-II","Dino-Group-II-Clade-7","Dino-Group-II-Clade-7_X","Dino-Group-II-Clade-7_X_sp."
"ASV_13572","Eukaryota","TSAR","Alveolata","Ciliophora","Spirotrichea","Choreotrichida-Tintinnina","Eutintinnidae","Eutintinnidae_X","Eutintinnidae_X_sp."
"ASV_13573","Eukaryota","TSAR","Stramenopiles","Gyrista","Dictyochophyceae","Dictyochophyceae_X","Pedinellales","Pedinellales_X","Pedinellales_X_sp."
"ASV_13574","Eukaryota","TSAR","Alveolata","Dinoflagellata","Dinophyceae","Dinophyceae_X","Dinophyceae_XX","Dinophyceae_XXX","Dinophyceae_XXX_sp."
"ASV_13580","Eukaryota","TSAR","Rhizaria","Radiolaria","RAD-B","RAD-B_X","RAD-B_X_Group-IVe","RAD-B_X_Group-IVe_X","RAD-B_X_Group-IVe_X_sp."
"ASV_13586","Eukaryota","TSAR","Alveolata","Dinoflagellata","Dinophyceae","Peridiniales","Blastodiniaceae","Blastodinium","Blastodinium_sp."
"ASV_13587","Eukaryota","TSAR","Alveolata","Dinoflagellata","Syndiniales","Dino-Group-I","Dino-Group-I-Clade-5","Dino-Group-I-Clade-5_X","Dino-Group-I-Clade-5_X_sp."
"ASV_13589","Eukaryota","TSAR","Stramenopiles","Bigyra","Sagenista","Labyrinthulomycetes","Labyrinthulomycetes_LAB7","Labyrinthulomycetes_LAB7_X","Labyrinthulomycetes_LAB7_X_sp."
"ASV_13591","Eukaryota","TSAR","Stramenopiles","Gyrista","Mediophyceae","Chaetocerotales","Chaetocerotaceae","Chaetoceros","Chaetoceros_seiracanthus"
"ASV_13593","Eukaryota","Haptista","Haptophyta","Haptophyta_X","Prymnesiophyceae","Prymnesiales","Prymnesiophyceae_Clade_B4","Prymnesiophyceae_Clade_B4_X","Prymnesiophyceae_Clade_B4_X_sp."
"ASV_13596","Eukaryota","TSAR","Alveolata","Dinoflagellata","Syndiniales","Dino-Group-II","Dino-Group-II-Clade-4","Dino-Group-II-Clade-4_X","Dino-Group-II-Clade-4_X_sp."
"ASV_13602","Eukaryota","TSAR","Alveolata","Dinoflagellata","Dinophyceae","Gymnodiniales","Ceratoperidiniaceae","Ceratoperidinium","Ceratoperidinium_falcatum"
"ASV_13603","Eukaryota","TSAR","Stramenopiles","Gyrista","Raphidophyceae","Raphidophyceae_X","Raphidophyceae_XX","Fibrocapsa","Fibrocapsa_japonica"
"ASV_13604","Eukaryota","TSAR","Alveolata","Dinoflagellata","Syndiniales","Dino-Group-II","Dino-Group-II-Clade-4","Dino-Group-II-Clade-4_X","Dino-Group-II-Clade-4_X_sp."
"ASV_13606","Eukaryota","TSAR","Alveolata","Dinoflagellata","Syndiniales","Dino-Group-II","Dino-Group-II_X","Dino-Group-II_XX","Dino-Group-II_XX_sp."
"ASV_13608","Eukaryota","TSAR","Stramenopiles","Gyrista","Dictyochophyceae","Dictyochophyceae_X","Pedinellales","Pedinellales_X","Pedinellales_X_sp."
"ASV_13616","Eukaryota","TSAR","Stramenopiles","Bigyra","Opalozoa","Nanomonadea","MAST-3","MAST-3C","MAST-3C_sp."
"ASV_13622","Eukaryota","TSAR","Rhizaria","Cercozoa","Filosa-Thecofilosea","Ebriacea","Ebriidae","Ebria","Ebria_tripartita"
"ASV_13631","Eukaryota","TSAR","Alveolata","Ciliophora","CONThreeP","CONThreeP_X","Discotrichidae","Discotrichidae_X","Discotrichidae_X_sp."
"ASV_13633","Eukaryota","Archaeplastida","Picozoa","Picozoa_subdivision_2","Picozoa_subdivision_2_X","Picozoa_subdivision_2_XX","Picozoa_subdivision_2_XXX","Picozoa_subdivision_2_XXXX","Picozoa_subdivision_2_XXXX_sp."
"ASV_13640","Eukaryota","TSAR","Stramenopiles","Gyrista","Pelagophyceae","Sarcinochrysidales","Sarcinochrysidaceae","Ankylochrysis","Ankylochrysis_sp."
"ASV_13653","Eukaryota","TSAR","Rhizaria","Cercozoa","Filosa-Thecofilosea","Filosa-Thecofilosea_X","Filosa-Thecofilosea_XX","Filosa-Thecofilosea_XXX","Filosa-Thecofilosea_XXX_sp."
"ASV_13657","Eukaryota","TSAR","Alveolata","Dinoflagellata","Syndiniales","Dino-Group-V","Dino-Group-V_X","Dino-Group-V_XX","Dino-Group-V_XX_sp."
"ASV_13663","Eukaryota","TSAR","Alveolata","Ciliophora","CONThreeP","CONThreeP_X","CONThreeP_XX","Askenasia","Askenasia_sp."
"ASV_13674","Eukaryota","TSAR","Alveolata","Ciliophora","Prostomatea","Prostomatea_X","Prostomatea_XX","Hexasterias","Hexasterias_problematica"
"ASV_13679","Eukaryota","TSAR","Rhizaria","Cercozoa","Filosa-Imbricatea","Thaumatomonadida","Thaumatomonadida_X","Thaumatomonadida_XX","Thaumatomonadida_XX_sp."
"ASV_13680","Eukaryota","TSAR","Alveolata","Dinoflagellata","Syndiniales","Dino-Group-II","Dino-Group-II-Clade-30","Dino-Group-II-Clade-30_X","Dino-Group-II-Clade-30_X_sp."
"ASV_13702","Eukaryota","Archaeplastida","Chlorophyta","Chlorophyta_X","Mamiellophyceae","Dolichomastigales","Dolichomastigaceae","Dolichomastigaceae-B","Dolichomastigaceae-B_sp."
"ASV_13713","Eukaryota","TSAR","Alveolata","Dinoflagellata","Dinophyceae","Dinophysales","Oxyphysiaceae","Phalachroma","Phalacroma_oxytoxoides"
"ASV_13719","Eukaryota","Haptista","Haptophyta","Haptophyta_X","Prymnesiophyceae","Prymnesiales","Prymnesiaceae","Prymnesium","Prymnesium_polylepis"
"ASV_13721","Eukaryota","TSAR","Rhizaria","Cercozoa","unassigned","unassigned","unassigned","unassigned","unassigned"
"ASV_13722","Eukaryota","TSAR","Alveolata","Dinoflagellata","Dinophyceae","unassigned","unassigned","unassigned","unassigned"
"ASV_13724","Eukaryota","TSAR","Alveolata","Dinoflagellata","Dinophyceae","Peridiniales","Amphidiniopsidaceae","Islandinium","Islandinium_tricingulatum"
"ASV_13727","Eukaryota","TSAR","Stramenopiles","Bigyra","Opalozoa","Opalozoa_X","MAST-12","MAST-12D","MAST-12D_sp."
"ASV_13736","Eukaryota","Haptista","Haptophyta","Haptophyta_X","Prymnesiophyceae","Prymnesiales","Chrysochromulinaceae","Chrysochromulina","Chrysochromulina_sp."
"ASV_13738","Eukaryota","TSAR","Rhizaria","Cercozoa","Filosa-Imbricatea","Marimonadida","Marimonadida_X","Abollifer","Abollifer_globosa"
"ASV_13742","Eukaryota","TSAR","Alveolata","Dinoflagellata","Dinophyceae","Prorocentrales","Prorocentraceae","Prorocentrum","Prorocentrum_sp."
"ASV_13751","Eukaryota","TSAR","Alveolata","Dinoflagellata","Dinophyceae","Prorocentrales","Prorocentraceae","Prorocentrum","Prorocentrum_donghaiense"
"ASV_13755","Eukaryota","TSAR","Alveolata","Dinoflagellata","Dinophyceae","Gymnodiniales","Chytriodiniaceae","Chytriodinium","Chytriodinium_roseum"
"ASV_13756","Eukaryota","Archaeplastida","Chlorophyta","Chlorophyta_X","Chlorodendrophyceae","Chlorodendrales","Chlorodendraceae","Chlorodendrales_XX","Chlorodendrales_X_sp."
"ASV_13760","Eukaryota","TSAR","Alveolata","Dinoflagellata","unassigned","unassigned","unassigned","unassigned","unassigned"
"ASV_13769","Eukaryota","TSAR","Stramenopiles","Bigyra","Opalozoa","Opalozoa_X","MAST-12","MAST-12D","MAST-12D_sp."
"ASV_13772","Eukaryota","TSAR","Alveolata","Dinoflagellata","Syndiniales","Dino-Group-II","Dino-Group-II-Clade-1","Dino-Group-II-Clade-1_X","Dino-Group-II-Clade-1_X_sp."
"ASV_13773","Eukaryota","TSAR","Alveolata","Dinoflagellata","Syndiniales","Dino-Group-I","Dino-Group-I-Clade-4","Dino-Group-I-Clade-4_X","Dino-Group-I-Clade-4_X_sp."
"ASV_13774","Eukaryota","TSAR","Rhizaria","Cercozoa","Filosa-Thecofilosea","Cryomonadida","Cryothecomonas-lineage","Cryothecomonas","Cryothecomonas_aestivalis"
"ASV_13777","Eukaryota:nucl","Cryptista:nucl","Cryptophyta:nucl","Cryptophyta_X:nucl","Cryptophyceae:nucl","Cryptomonadales:nucl","Cryptomonadales_X:nucl","Plagioselmis:nucl","Plagioselmis_lacustris:nucl"
"ASV_13778","Eukaryota","TSAR","Telonemia","Telonemia_X","Telonemia_XX","Telonemia_XXX","Telonemia-Group-1","Telonemia-Group-1_X","Telonemia-Group-1_X_sp."
"ASV_13786","Eukaryota","Haptista","Haptophyta","Haptophyta_X","Prymnesiophyceae","Prymnesiophyceae_Clade_F","Prymnesiophyceae_Clade_F_X","Prymnesiophyceae_Clade_F_XX","Prymnesiophyceae_Clade_F_XX_sp."
"ASV_13791","Eukaryota","Obazoa","Opisthokonta","Choanoflagellata","Choanoflagellatea","Acanthoecida","Stephanoecidae_Group_H","Stephanoecidae_Group_H_X","Stephanoecidae_Group_H_X_sp."
"ASV_13792","Eukaryota","TSAR","Alveolata","Dinoflagellata","Syndiniales","Dino-Group-II","Dino-Group-II-Clade-14","Dino-Group-II-Clade-14_X","Dino-Group-II-Clade-14_X_sp."
"ASV_13793","Eukaryota","TSAR","Rhizaria","Cercozoa","Filosa-Thecofilosea","Cryomonadida","Protaspa-lineage","Protaspa-lineage_X","Protaspa-lineage_X_sp."
"ASV_13795","Eukaryota","TSAR","Alveolata","Dinoflagellata","Syndiniales","Dino-Group-I","Dino-Group-I-Clade-5","Dino-Group-I-Clade-5_X","Dino-Group-I-Clade-5_X_sp."
"ASV_13796","Eukaryota","Haptista","Haptophyta","Haptophyta_X","Prymnesiophyceae","Zygodiscales","Helicosphaeraceae","Helicosphaera","Helicosphaera_carteri"
"ASV_13799","Eukaryota","TSAR","Stramenopiles","Bigyra","Sagenista","Sagenista_X","MAST-7","MAST-7_X","MAST-7_X_sp."
"ASV_13800","Eukaryota","TSAR","Telonemia","Telonemia_X","Telonemia_XX","Telonemia_XXX","Telonemia-Group-1","Telonemia-Group-1_X","Telonemia-Group-1_X_sp."
"ASV_13801","Eukaryota","Haptista","Haptophyta","Haptophyta_X","Prymnesiophyceae","Prymnesiales","Prymnesiaceae","unassigned","unassigned"
"ASV_13802","Eukaryota","TSAR","Stramenopiles","Bigyra","Opalozoa","Nanomonadea","MAST-3","MAST-3E","MAST-3E_sp."
"ASV_13803","Eukaryota","Haptista","Haptophyta","Haptophyta_X","Prymnesiophyceae","Prymnesiales","Prymnesiaceae","Haptolina","Haptolina_sp."
"ASV_13811","Eukaryota","TSAR","Stramenopiles","Gyrista","Coscinodiscophyceae","Coscinodiscales","Hemidiscaceae","Hemidiscaceae_X","Hemidiscaceae_X_sp."
"ASV_13814","Eukaryota","TSAR","Alveolata","Dinoflagellata","Syndiniales","Dino-Group-II","Dino-Group-II-Clade-7","Dino-Group-II-Clade-7_X","Dino-Group-II-Clade-7_X_sp."
"ASV_13815","Eukaryota","TSAR","Rhizaria","Radiolaria","Acantharea","Acantharea_4","Acantharea_4d","Acantharea_4d_X","Acantharea_4d_X_sp."
"ASV_13816","Eukaryota","TSAR","Alveolata","Ciliophora","Spirotrichea","Oligotrichida","Oligotrichida_X","Oligotrichida_XX","Oligotrichida_XX_sp."
"ASV_13817","Eukaryota","TSAR","Alveolata","Dinoflagellata","Syndiniales","Dino-Group-II","Dino-Group-II-Clade-47","Dino-Group-II-Clade-47_X","Dino-Group-II-Clade-47_X_sp."
"ASV_13819","Eukaryota","TSAR","Rhizaria","Cercozoa","Filosa-Imbricatea","Marimonadida","Marimonadida_X","Marimonadida_XX","Marimonadida_XX_sp."
"ASV_13822","Eukaryota","TSAR","Alveolata","Ciliophora","Spirotrichea","Oligotrichida","Tontoniidae","Pseudotontonia","Pseudotontonia_simplicidens"
"ASV_13827","Eukaryota","TSAR","Alveolata","Dinoflagellata","Syndiniales","Dino-Group-I","Dino-Group-I-Clade-4","Dino-Group-I-Clade-4_X","Dino-Group-I-Clade-4_X_sp."
"ASV_13829","Eukaryota","TSAR","Alveolata","Dinoflagellata","Syndiniales","Dino-Group-II","Dino-Group-II-Clade-3","Dino-Group-II-Clade-3_X","Dino-Group-II-Clade-3_X_sp."
"ASV_13832","Eukaryota","TSAR","Alveolata","Dinoflagellata","Syndiniales","Dino-Group-II","Dino-Group-II-Clade-3","Dino-Group-II-Clade-3_X","Dino-Group-II-Clade-3_X_sp."
"ASV_13836","Eukaryota","TSAR","Alveolata","Dinoflagellata","Syndiniales","Dino-Group-II","Dino-Group-II-Clade-26","Dino-Group-II-Clade-26_X","Dino-Group-II-Clade-26_X_sp."
"ASV_13837","Eukaryota","Haptista","Haptophyta","Haptophyta_X","Prymnesiophyceae","Prymnesiales","Chrysochromulinaceae","Chrysochromulina","Chrysochromulina_sp."
"ASV_13839","Eukaryota","TSAR","Alveolata","Dinoflagellata","Syndiniales","Dino-Group-II","Dino-Group-II-Clade-1","Dino-Group-II-Clade-1_X","Dino-Group-II-Clade-1_X_sp."
"ASV_13840","Eukaryota","TSAR","Alveolata","Dinoflagellata","Syndiniales","Dino-Group-I","Dino-Group-I-Clade-5","Dino-Group-I-Clade-5_X","Dino-Group-I-Clade-5_X_sp."
"ASV_13841","Eukaryota","TSAR","Alveolata","Dinoflagellata","Syndiniales","Dino-Group-II","Dino-Group-II-Clade-5","Dino-Group-II-Clade-5_X","Dino-Group-II-Clade-5_X_sp."
"ASV_13844","Eukaryota","TSAR","Stramenopiles","Gyrista","Bacillariophyceae","Naviculales","Stauroneidaceae","Stauroneis","unassigned"
"ASV_13846","Eukaryota","TSAR","Alveolata","Dinoflagellata","Dinophyceae","Gymnodiniales","Gymnodiniaceae","Gyrodinium","unassigned"
"ASV_13850","Eukaryota","TSAR","Alveolata","Dinoflagellata","Syndiniales","Dino-Group-II","Dino-Group-II-Clade-38","Dino-Group-II-Clade-38_X","Dino-Group-II-Clade-38_X_sp."
"ASV_13852","Eukaryota","TSAR","Stramenopiles","Gyrista","Chrysophyceae","Paraphysomonadales","Lepidochromonadaceae","Lepidochromonas","Lepidochromonas_sp."
"ASV_13858","Eukaryota","TSAR","Alveolata","Dinoflagellata","Syndiniales","Dino-Group-I","Dino-Group-I-Clade-5","Dino-Group-I-Clade-5_X","Dino-Group-I-Clade-5_X_sp."
"ASV_13861","Eukaryota","TSAR","Alveolata","Dinoflagellata","Dinophyceae","Peridiniales","Protoperidiniaceae","Protoperidinium","Protoperidinium_claudicans"
"ASV_13862","Eukaryota","TSAR","Telonemia","Telonemia_X","Telonemia_XX","Telonemia_XXX","Telonemia-Group-1","Telonemia-Group-1_X","Telonemia-Group-1_X_sp."
"ASV_13877","Eukaryota","TSAR","Alveolata","Ciliophora","Spirotrichea","Oligotrichida","Tontoniidae","Pseudotontonia","Pseudotontonia_sp."
"ASV_13880","Eukaryota","TSAR","Alveolata","Dinoflagellata","Syndiniales","Dino-Group-I","Dino-Group-I-Clade-1","Dino-Group-I-Clade-1_X","Dino-Group-I-Clade-1_X_sp."
"ASV_13884","Eukaryota","TSAR","Alveolata","Dinoflagellata","Syndiniales","Dino-Group-II","Dino-Group-II_X","Dino-Group-II-Clade-52_XX","Dino-Group-II-Clade-52_XX_sp."
"ASV_13885","Eukaryota","TSAR","Stramenopiles","Gyrista","Chrysophyceae","Paraphysomonadales","Paraphysomonadaceae","Paraphysomonas","Paraphysomonas_segmenta"
"ASV_13887","Eukaryota","Haptista","Haptophyta","Haptophyta_X","Prymnesiophyceae","Prymnesiales","Prymnesiophyceae_Clade_B4","Prymnesiophyceae_Clade_B4_X","Prymnesiophyceae_Clade_B4_X_sp."
"ASV_13889","Eukaryota","TSAR","Alveolata","Dinoflagellata","Syndiniales","Dino-Group-I","Dino-Group-I-Clade-4","Dino-Group-I-Clade-4_X","Dino-Group-I-Clade-4_X_sp."
"ASV_13895","Eukaryota","Archaeplastida","Prasinodermophyta","Prasinodermophyta_X","Prasinodermophyceae","Prasinodermales","Prasinodermaceae","Prasinoderma","Prasinoderma_singularis"
"ASV_13899","Eukaryota","TSAR","Stramenopiles","Bigyra","Opalozoa","Nanomonadea","MAST-3","MAST-3A","MAST-3A_sp."
"ASV_13902","Eukaryota","TSAR","Rhizaria","Cercozoa","unassigned","unassigned","unassigned","unassigned","unassigned"
"ASV_13903","Eukaryota","TSAR","Alveolata","Ciliophora","CONThreeP","CONThreeP_X","CONThreeP_XX","Askenasia","Askenasia_sp."
"ASV_13907","Eukaryota","TSAR","Rhizaria","Cercozoa","Filosa-Imbricatea","Filosa-Imbricatea_X","unassigned","unassigned","unassigned"
"ASV_13915","Eukaryota","Archaeplastida","Chlorophyta","Chlorophyta_X","Chloropicophyceae","Chloropicales","Chloropicaceae","Chloroparvula","Chloroparvula_B2_sp."
"ASV_13917","Eukaryota","TSAR","Alveolata","Dinoflagellata","Dinophyceae","unassigned","unassigned","unassigned","unassigned"
"ASV_13918","Eukaryota","TSAR","Alveolata","Ciliophora","Spirotrichea","Choreotrichida-Tintinnina","Choreotrichida-Tintinnina_X","Choreotrichida-Tintinnina_XX","Choreotrichida-Tintinnina_XX_sp."
"ASV_13923","Eukaryota","TSAR","Alveolata","Dinoflagellata","Syndiniales","Dino-Group-I","Dino-Group-I_X","Dino-Group-I_XX","Dino-Group-I_XX_sp."
"ASV_13924","Eukaryota","TSAR","Alveolata","Dinoflagellata","Dinophyceae","unassigned","unassigned","unassigned","unassigned"
"ASV_13925","Eukaryota","TSAR","Stramenopiles","Bigyra","Opalozoa","Nanomonadea","MAST-3","MAST-3F","MAST-3F_sp."
"ASV_13928","Eukaryota","TSAR","Stramenopiles","Bigyra","Opalozoa","Nanomonadea","MAST-3","MAST-3J","MAST-3J_sp."
"ASV_13933","Eukaryota","TSAR","Alveolata","Dinoflagellata","Dinophyceae","Gymnodiniales","Gymnodiniaceae","Gyrodinium","unassigned"
"ASV_13937","Eukaryota","TSAR","Alveolata","Dinoflagellata","Dinophyceae","Peridiniales","Thoracosphaeraceae","unassigned","unassigned"
"ASV_13947","Eukaryota","TSAR","Alveolata","Ciliophora","CONThreeP","CONThreeP_X","CONThreeP_XX","Askenasia","Askenasia_sp."
"ASV_13953","Eukaryota","TSAR","Alveolata","Ciliophora","CONThreeP","CONThreeP_X","Discotrichidae","NASSO_1","NASSO_1_sp."
"ASV_13957","Eukaryota","TSAR","Alveolata","Dinoflagellata","Syndiniales","Dino-Group-I","Dino-Group-I-Clade-5","Dino-Group-I-Clade-5_X","Dino-Group-I-Clade-5_X_sp."
"ASV_13959","Eukaryota","TSAR","Alveolata","Dinoflagellata","Dinophyceae","unassigned","unassigned","unassigned","unassigned"
"ASV_13962","Eukaryota","TSAR","Alveolata","Dinoflagellata","Syndiniales","Dino-Group-II","Dino-Group-II-Clade-3","Dino-Group-II-Clade-3_X","Dino-Group-II-Clade-3_X_sp."
"ASV_13966","Eukaryota","Obazoa","Opisthokonta","Ichthyosporea","Ichthyophonida","Ichthyophonida_X","Ichthyophonida_XX","Ichthyophonida_XXX","Ichthyophonida_XXX_sp."
"ASV_13968","Eukaryota","TSAR","Alveolata","Dinoflagellata","unassigned","unassigned","unassigned","unassigned","unassigned"
"ASV_13971","Eukaryota","TSAR","Stramenopiles","Bigyra","Opalozoa","Nanomonadea","MAST-3","MAST-3A","MAST-3A_sp."
"ASV_13979","Eukaryota","TSAR","Alveolata","Dinoflagellata","Syndiniales","Dino-Group-II","Dino-Group-II-Clade-8","Dino-Group-II-Clade-8_X","Dino-Group-II-Clade-8_X_sp."
"ASV_13982","Eukaryota","TSAR","Stramenopiles","Bigyra","Opalozoa","Nanomonadea","MAST-3","MAST-3J","MAST-3J_sp."
"ASV_13986","Eukaryota","TSAR","Rhizaria","Radiolaria","Acantharea","Acantharea_3","Acantharea_3b","Acantharea_3b_X","Acantharea_3b_X_sp."
"ASV_13989","Eukaryota","TSAR","Stramenopiles","Bigyra","Opalozoa","Nanomonadea","MAST-3","MAST-3B","MAST-3B_sp."
"ASV_13990","Eukaryota","TSAR","Alveolata","Dinoflagellata","Syndiniales","Dino-Group-II","Dino-Group-II-Clade-6","Dino-Group-II-Clade-6_X","Dino-Group-II-Clade-6_X_sp."
"ASV_13997","Eukaryota","TSAR","Alveolata","Ciliophora","Phyllopharyngea","Cyrtophoria_1","unassigned","unassigned","unassigned"
"ASV_13999","Eukaryota","TSAR","Alveolata","Dinoflagellata","Syndiniales","Dino-Group-II","Dino-Group-II-Clade-7","Dino-Group-II-Clade-7_X","Dino-Group-II-Clade-7_X_sp."
"ASV_14005","Eukaryota","TSAR","Alveolata","Dinoflagellata","Syndiniales","Dino-Group-I","Dino-Group-I-Clade-1","Dino-Group-I-Clade-1_X","Dino-Group-I-Clade-1_X_sp."
"ASV_14009","Eukaryota","TSAR","Stramenopiles","Gyrista","Mediophyceae","Thalassiosirales","Thalassiosiraceae","Porosira","Porosira_pseudodelicatula"
"ASV_14014","Eukaryota","TSAR","Stramenopiles","Bigyra","Sagenista","Labyrinthulomycetes","Labyrinthulomycetes_LAB14","Labyrinthulomycetes_LAB14_X","Labyrinthulomycetes_LAB14_X_sp."
"ASV_14018","Eukaryota","Obazoa","Apusomonada","Apusomonada_X","Apusomonadidae","Apusomonadidae_Group-1","Apusomonadidae_Group-1_X","Apusomonadidae_Group-1_XX","Apusomonadidae_Group-1_XX_sp."
"ASV_14027","Eukaryota","TSAR","Alveolata","Ciliophora","Spirotrichea","Oligotrichida","Strombidiidae","Strombidiidae_X","Strombidiidae_X_sp."
"ASV_14032","Eukaryota","TSAR","Alveolata","Ciliophora","Spirotrichea","Choreotrichida","Strobilidiidae","Rimostrombidium","Rimostrombidium_sp."
"ASV_14045","Eukaryota","Archaeplastida","Chlorophyta","Chlorophyta_X","Mamiellophyceae","Dolichomastigales","Dolichomastigaceae","Dolichomastigaceae-B","Dolichomastigaceae-B_sp."
"ASV_14049","Eukaryota","TSAR","Alveolata","Dinoflagellata","Syndiniales","Dino-Group-II","Dino-Group-II-Clade-4","Dino-Group-II-Clade-4_X","Dino-Group-II-Clade-4_X_sp."
"ASV_14089","Eukaryota","TSAR","Alveolata","Dinoflagellata","Syndiniales","Dino-Group-I","Dino-Group-I-Clade-5","Dino-Group-I-Clade-5_X","Dino-Group-I-Clade-5_X_sp."
"ASV_14092","Eukaryota","Archaeplastida","Chlorophyta","Chlorophyta_X","Chloropicophyceae","Chloropicales","Chloropicaceae","Chloroparvula","Chloroparvula_pacifica"
"ASV_14093","Eukaryota","TSAR","Stramenopiles","Gyrista","Bacillariophyceae","unassigned","unassigned","unassigned","unassigned"
"ASV_14107","Eukaryota","TSAR","Stramenopiles","Bigyra","Opalozoa","Nanomonadea","MAST-3","MAST-3K","MAST-3K_sp."
"ASV_14117","Eukaryota","TSAR","Rhizaria","Radiolaria","Polycystinea","Spumellaria","Spumellaria_1","Spumellaria_1_X","Spumellaria_1_X_sp."
"ASV_14120","Eukaryota","TSAR","Rhizaria","Cercozoa","Filosa-Thecofilosea","Cryomonadida","Protaspa-lineage","Protaspa-lineage_X","Protaspa-lineage_X_sp."
"ASV_14134","Eukaryota","TSAR","Stramenopiles","Gyrista","Gyrista_X","Gyrista_XX","MAST-1","MAST-1A","MAST-1A_sp."
"ASV_14139","Eukaryota","TSAR","Alveolata","Dinoflagellata","Dinophyceae","unassigned","unassigned","unassigned","unassigned"
"ASV_14142","Eukaryota","TSAR","Alveolata","Dinoflagellata","Syndiniales","Dino-Group-II","Dino-Group-II-Clade-4","Dino-Group-II-Clade-4_X","Dino-Group-II-Clade-4_X_sp."
"ASV_14144","Eukaryota","TSAR","Alveolata","Dinoflagellata","Dinophyceae","Gymnodiniales","Kareniaceae","Karlodinium","Karlodinium_sp."
"ASV_14151","Eukaryota","TSAR","Stramenopiles","Bigyra","Opalozoa","Nanomonadea","MAST-3","MAST-3I","MAST-3I_sp."
"ASV_14153","Eukaryota","Archaeplastida","Chlorophyta","Chlorophyta_X","Pyramimonadophyceae","Pyramimonadales","Halosphaeraceae","Halosphaera","Halosphaera_sp."
"ASV_14165","Eukaryota","TSAR","Alveolata","Dinoflagellata","Dinophyceae","Peridiniales","Diplopsalidaceae","Niea","Niea_acanthocysta"
"ASV_14168","Eukaryota","Obazoa","Opisthokonta","Choanoflagellata","Choanoflagellatea","Acanthoecida","Stephanoecidae_Group_H","Stephanoecidae_Group_H_X","Stephanoecidae_Group_H_X_sp."
"ASV_14172","Eukaryota","TSAR","Alveolata","Dinoflagellata","Syndiniales","Dino-Group-II","Dino-Group-II-Clade-20","Dino-Group-II-Clade-20_X","Dino-Group-II-Clade-20_X_sp."
"ASV_14181","Eukaryota","TSAR","Alveolata","Dinoflagellata","Syndiniales","Dino-Group-I","Dino-Group-I-Clade-5","Dino-Group-I-Clade-5_X","Dino-Group-I-Clade-5_X_sp."
"ASV_14183","Eukaryota","TSAR","Rhizaria","Cercozoa","unassigned","unassigned","unassigned","unassigned","unassigned"
"ASV_14205","Eukaryota","TSAR","Rhizaria","Cercozoa","Filosa-Thecofilosea","Filosa-Thecofilosea_X","Mataza-lineage","Mataza-lineage_X","Mataza-lineage_X_sp."
"ASV_14217","Eukaryota","TSAR","Rhizaria","Cercozoa","Filosa-Thecofilosea","Ebriacea","TAGIRI1-lineage","TAGIRI1-lineage_X","TAGIRI1-lineage_X_sp."
"ASV_14218","Eukaryota","Haptista","Haptophyta","Haptophyta_X","Prymnesiophyceae","Prymnesiales","Prymnesiophyceae_Clade_B3","Prymnesiophyceae_Clade_B3_X","Prymnesiophyceae_Clade_B3_X_sp."
"ASV_14219","Eukaryota","TSAR","Alveolata","Dinoflagellata","unassigned","unassigned","unassigned","unassigned","unassigned"
"ASV_14233","Eukaryota","TSAR","Alveolata","Dinoflagellata","Syndiniales","Dino-Group-II","Dino-Group-II-Clade-10-and-11","Dino-Group-II-Clade-10-and-11_X","Dino-Group-II-Clade-10-and-11_X_sp."
"ASV_14245","Eukaryota","TSAR","Alveolata","Dinoflagellata","Syndiniales","Dino-Group-II","unassigned","unassigned","unassigned"
"ASV_14256","Eukaryota","Haptista","Haptophyta","Haptophyta_X","Prymnesiophyceae","Prymnesiales","Chrysochromulinaceae","Chrysochromulina","Chrysochromulina_sp."
"ASV_14267","Eukaryota","TSAR","Alveolata","Ciliophora","Spirotrichea","Choreotrichida-Tintinnina","Choreotrichida-Tintinnina_X","Choreotrichida-Tintinnina_XX","Choreotrichida-Tintinnina_XX_sp."
"ASV_14271","Eukaryota","TSAR","Stramenopiles","Gyrista","unassigned","unassigned","unassigned","unassigned","unassigned"
"ASV_14272","Eukaryota","Archaeplastida","Chlorophyta","Chlorophyta_X","Mamiellophyceae","Mamiellales","Bathycoccaceae","Ostreococcus","Ostreococcus_tauri"
"ASV_14280","Eukaryota","TSAR","Stramenopiles","Bigyra","Sagenista","Labyrinthulomycetes","Labyrinthulomycetes_X","Stellarchytrium","Stellarchytrium_dubum"
"ASV_14289","Eukaryota","TSAR","Stramenopiles","Gyrista","MOCH-2","MOCH-2_X","MOCH-2_XX","MOCH-2_XXX","MOCH-2_XXX_sp."
"ASV_14293","Eukaryota","TSAR","Alveolata","Dinoflagellata","Syndiniales","Dino-Group-III","Dino-Group-III_X","Dino-Group-III_XX","Dino-Group-III_XX_sp."
"ASV_14295","Eukaryota","TSAR","Alveolata","Dinoflagellata","Syndiniales","Dino-Group-I","Dino-Group-I-Clade-5","Dino-Group-I-Clade-5_X","Dino-Group-I-Clade-5_X_sp."
"ASV_14301","Eukaryota","TSAR","Stramenopiles","Gyrista","Dictyochophyceae","Dictyochophyceae_X","Dictyochales","Dictyocha","Dictyocha_globosa"
"ASV_14304","Eukaryota","TSAR","Alveolata","Ciliophora","Spirotrichea","Oligotrichida","Strombidiidae","unassigned","unassigned"
"ASV_14310","Eukaryota","TSAR","Alveolata","Dinoflagellata","unassigned","unassigned","unassigned","unassigned","unassigned"
"ASV_14322","Eukaryota","TSAR","Alveolata","Dinoflagellata","Syndiniales","Dino-Group-II","Dino-Group-II-Clade-1","Dino-Group-II-Clade-1_X","Dino-Group-II-Clade-1_X_sp."
"ASV_14328","Eukaryota","TSAR","Alveolata","Dinoflagellata","Syndiniales","Dino-Group-II","Dino-Group-II-Clade-17","Dino-Group-II-Clade-17_X","Dino-Group-II-Clade-17_X_sp."
"ASV_14331","Eukaryota","TSAR","Rhizaria","Cercozoa","Filosa-Imbricatea","Filosa-Imbricatea_X","Filosa-Imbricatea_XX","Quadricilia","Quadricilia_rotundata"
"ASV_14339","Eukaryota","TSAR","Rhizaria","Cercozoa","Filosa-Thecofilosea","Filosa-Thecofilosea_X","Novel-Clade-4","Novel-Clade-4_X","Novel-Clade-4_X_sp."
"ASV_14344","Eukaryota","TSAR","Stramenopiles","Bigyra","Sagenista","Labyrinthulomycetes","Labyrinthulomycetes_LAB7","Labyrinthulomycetes_LAB7_X","Labyrinthulomycetes_LAB7_X_sp."
"ASV_14353","Eukaryota","TSAR","Alveolata","Dinoflagellata","Syndiniales","Dino-Group-II","Dino-Group-II-Clade-5","Dino-Group-II-Clade-5_X","Dino-Group-II-Clade-5_X_sp."
"ASV_14356","Eukaryota","Obazoa","Opisthokonta","Ichthyosporea","Ichthyophonida","Pseudoperkinsidae","Pseudoperkinsidae_X","Pseudoperkinsidae_XX","Pseudoperkinsidae_XX_sp."
"ASV_14361","Eukaryota","TSAR","Alveolata","Dinoflagellata","Syndiniales","Dino-Group-II","Dino-Group-II-Clade-3","Dino-Group-II-Clade-3_X","Dino-Group-II-Clade-3_X_sp."
"ASV_14367","Eukaryota","TSAR","Alveolata","Dinoflagellata","Dinophyceae","Suessiales","Suessiaceae","Biecheleriopsis","Biecheleriopsis_adriatica"
"ASV_14369","Eukaryota","TSAR","Alveolata","Dinoflagellata","Dinophyceae","Gymnodiniales","Gymnodiniaceae","Gyrodinium","Gyrodinium_helveticum"
"ASV_14374","Eukaryota","TSAR","Rhizaria","Radiolaria","Acantharea","Acantharea_3","Acantharea_3b","Acantharea_3b_X","Acantharea_3b_X_sp."
"ASV_14381","Eukaryota","TSAR","Alveolata","Dinoflagellata","Dinophyceae","unassigned","unassigned","unassigned","unassigned"
"ASV_14383","Eukaryota","TSAR","Rhizaria","Radiolaria","Acantharea","Acantharea_3","Acantharea_3b","Acantharea_3b_X","Acantharea_3b_X_sp."
"ASV_14384","Eukaryota","TSAR","Alveolata","Dinoflagellata","Dinophyceae","Peridiniales","Protoperidiniaceae","Protoperidinium","Protoperidinium_claudicans"
"ASV_14385","Eukaryota","TSAR","Alveolata","Dinoflagellata","Syndiniales","Dino-Group-I","unassigned","unassigned","unassigned"
"ASV_14387","Eukaryota","TSAR","Rhizaria","Cercozoa","Filosa-Thecofilosea","Ventricleftida","Ventrifissuridae","Ventrifissuridae_X","Ventrifissuridae_X_sp."
"ASV_14389","Eukaryota","TSAR","Rhizaria","Radiolaria","Polycystinea","Spumellaria","Spumellaria_1","Spumellaria_1_X","Spumellaria_1_X_sp."
"ASV_14394","Eukaryota","Haptista","Haptophyta","Haptophyta_X","Prymnesiophyceae","Coccolithales","Calcidiscaceae","unassigned","unassigned"
"ASV_14415","Eukaryota","Archaeplastida","Chlorophyta","Chlorophyta_X","Mamiellophyceae","Dolichomastigales","Crustomastigaceae","Crustomastigaceae_X","Crustomastigaceae_X_sp."
"ASV_14425","Eukaryota","TSAR","Alveolata","Dinoflagellata","Dinophyceae","Suessiales","Suessiaceae","Biecheleriopsis","Biecheleriopsis_adriatica"
"ASV_14438","Eukaryota:nucl","Cryptista:nucl","Cryptophyta:nucl","Cryptophyta_X:nucl","Cryptophyceae:nucl","Cryptomonadales:nucl","Cryptomonadales_X:nucl","unassigned","unassigned"
"ASV_14448","Eukaryota","TSAR","Stramenopiles","Gyrista","Mediophyceae","Anaulales","Anaulaceae","Ceratanaulus","Ceratanaulus_creticus"
"ASV_14453","Eukaryota","Obazoa","Opisthokonta","Ichthyosporea","Ichthyophonida","Abeoformidae","Abeoformidae_Group_MAIP_1","Abeoformidae_Group_MAIP_1_X","Abeoformidae_Group_MAIP_1_X_sp."
"ASV_14454","Eukaryota","TSAR","Rhizaria","Cercozoa","Filosa-Imbricatea","Filosa-Imbricatea_X","Novel-clade-2","Novel-clade-2_X","Novel-clade-2_X_sp."
"ASV_14457","Eukaryota","TSAR","Alveolata","Dinoflagellata","Syndiniales","Dino-Group-II","Dino-Group-II-Clade-44","Dino-Group-II-Clade-44_X","Dino-Group-II-Clade-44_X_sp."
"ASV_14461","Eukaryota","TSAR","Rhizaria","Cercozoa","Filosa-Thecofilosea","Ventricleftida","Ventrifissuridae","Ventrifissura","Ventrifissura_velata"
"ASV_14479","Eukaryota","Obazoa","Opisthokonta","Choanoflagellata","Choanoflagellatea","Acanthoecida","Stephanoecidae_Group_H","Stephanoecidae_Group_H_X","Stephanoecidae_Group_H_X_sp."
"ASV_14483","Eukaryota","TSAR","Stramenopiles","Gyrista","Chrysophyceae","Paraphysomonadales","Paraphysomonadaceae","Paraphysomonas","Paraphysomonas_sp."
"ASV_14485","Eukaryota","TSAR","Rhizaria","Cercozoa","Filosa-Imbricatea","Thaumatomonadida","Thaumatomonadidae","Reckertia","Reckertia_filosa"
"ASV_14489","Eukaryota","TSAR","Alveolata","Dinoflagellata","Syndiniales","Dino-Group-II","Dino-Group-II-Clade-10-and-11","Dino-Group-II-Clade-10-and-11_X","Dino-Group-II-Clade-10-and-11_X_sp."
"ASV_14495","Eukaryota","TSAR","Rhizaria","Cercozoa","Filosa-Thecofilosea","Ventricleftida","Verrucomonadidae","Verrucomonas","Verrucomonas_sp."
"ASV_14510","Eukaryota","TSAR","Alveolata","Dinoflagellata","Syndiniales","Dino-Group-I","Dino-Group-I-Clade-1","Dino-Group-I-Clade-1_X","Dino-Group-I-Clade-1_X_sp."
"ASV_14517","Eukaryota","TSAR","Stramenopiles","Gyrista","Bacillariophyceae","Thalassionematales","Thalassionemataceae","Thalassiothrix","Thalassiothrix_sp."
"ASV_14536","Eukaryota","TSAR","Alveolata","Dinoflagellata","Dinophyceae","unassigned","unassigned","unassigned","unassigned"
"ASV_14546","Eukaryota","TSAR","Rhizaria","Radiolaria","Acantharea","Acantharea_4","Acantharea_4d","Acantharea_4d_X","Acantharea_4d_X_sp."
"ASV_14547","Eukaryota","Archaeplastida","Chlorophyta","Chlorophyta_X","Mamiellophyceae","Mamiellales","Mamiellaceae","Micromonas","Micromonas_polaris"
